Spells	주문
Equipment	장비
Learn new spells and abilities	새로운 주문과 능력을 익힙니다.
Learn how to play	게임 방법을 익힙니다.
Adjust options	옵션을 조정합니다.
Reroll the destinations of all rifts\nOnce per level	모든 균열의 목적지를 다시 결정합니다.\n레벨당 1회
Open the combat log	전투 로그를 연다
Learn a new spell	새로운 주문 습득
Craft Equipment	장비 제작
Tags	태그
Attributes	속성
Bonuses	보너스
Gain Tags	태그 획득
Gain Attributes	속성 획득
Recipe	레시피
Can Afford	구매 가능
Only show options that you can afford to purchase	구매할 수 있는 선택지만 표시
Never Purchased	구매한 적 없음
Only show options that you have never purchased	한 번도 구매한 적 없는 항목만 표시합니다.
Never Victory	승리한 적 없음
Only show options that you have never achieved victory with	한 번도 승리한 적 없는 항목만 표시합니다.
Channel	지속 시전
Unbound	미할당
Autopickup	자동 획득
Spell 1	주문 1
Spell 2	주문 2
Spell 3	주문 3
Spell 4	주문 4
Spell 5	주문 5
Spell 6	주문 6
Spell 7	주문 7
Spell 8	주문 8
Spell 9	주문 9
Spell 10	주문 10
Modifier Key	보조 키
Fast Forward	빨리 감기
Reroll Rifts	균열 재추첨
Next Target	다음 대상
Walk	걷기
Interact	상호작용
Show Threat Zone	위협 범위 표시
Show Line of Sight	시야 표시
Highlight Allies	아군 강조
Highlight Enemies	적 강조
Highlight Objects	오브젝트 강조
Character Sheet	캐릭터 정보
Crafting	제작
Help	도움말
Message Log	메시지 로그
Next tooltip	다음 툴팁
Prev tooltip	이전 툴팁
Input Text	텍스트 입력
LANGUAGE	언어
Upgrade	업그레이드
Upgrades	업그레이드
{amt} {keyword} Available	{amt} {keyword} 사용 가능
Learn a Spell ({char})	주문 습득 ({char})
Craft Equipment ({char})	장비 제작 ({char})
Really abandon the current run?	현재 런을 포기하시겠습니까?
Buy {item}?	{item} 구매를 진행하시겠습니까?
Craft {item}?	{item} 제작을 진행하시겠습니까?
Learn {spell} for {amount} SP?	{amount} SP를 사용해 "{spell}" 주문을 습득하시겠습니까?
Yes	예
No	아니오
FUNCTION	기능
MAIN KEY	메인 키
SECONDARY KEY	보조 키
Reset to Default	기본값으로 초기화
Done	완료
Page {cur}/{total}	페이지 {cur}/{total}
{desc}\nHotkey:  {hotkey}	{desc}\n단축키:  {hotkey}
Filter tags	태그 필터
Filter attributes	속성 필터
Filter attribute bonuses	속성 보너스 필터
Show filters	필터 표시
{desc}\nNext category:  {hotkey}	{desc}\n다음 카테고리:  {hotkey}
Results with {label} tag	{label} 태그 보유
Results with {label}	{label} 보유
Results boost {label}	{label} 강화
Results can gain {label} tag	{label} 태그 획득 가능
Results can gain {label}	{label} 획득 가능
Results require {label}	{label} 필요
Toggle this filter	이 필터 전환
Remove this filter	이 필터 제거
Filters:	필터:
Bestiary: {cur} of {total}	도감: {cur}/{total}
No Results	결과 없음
Learn Spell:	주문 습득:
SP	SP
Craft Equipment:	장비 제작:
Select Components For: {e}	재료 선택: {e}
Upgrade {s}:	강화 {s}:
SP {num}	SP {num}
Realm {r}, Turn {t}	차원 {r}, 턴 {t}
Spells ({char})	주문 ({char})
Equipment ({char})	장비 ({char})
Desired	희망
Resistances	저항
Status Effects	상태 효과
Cheats Enabled	치트 활성화
Reroll Rifts ({key}) {extra_rerolls}	균열 재추첨 ({key}) {extra_rerolls}
View Combat Log ({key})	전투 기록 보기 ({key})
Menu ({key})	메뉴 ({key})
How to Play ({key})	플레이 방법 ({key})
Character Sheet ({key})	캐릭터 정보 ({key})
<<<< PGUP {prv}/{nxt} PGDN >>>>	<<<< PGUP {prv}/{nxt} PGDN >>>>
You moved	이동했다
You cast {spell}	"{spell}" 시전
You channeled {spell}	"{spell}"을(를) 지속 시전했다
You waited	기다렸다
You were {status} for {dur} turns	{dur}턴 동안 {status} 상태였다
Damage Dealt:	입힌 피해:
Damage Taken:	받은 피해:
Ally Damage Taken:	아군이 받은 피해:
Enemies Slain:	처치한 적:
Allies Lost:	잃은 아군:
Attributes:	속성:
Stack Type: {label}	중첩 방식: {label}
Prospective Equipment	예상 장비
None	없음
Upgrades:	강화:
 {level} - {name}	 {level} - {name}
(Defeat all enemies and destroy all spawners to unlock)	(모든 적을 처치하고 모든 생성기를 파괴하여 해금)
Friendly	우호
{num} turns left	남은 {num}턴
Spells:	주문:
Components	재료
Granted by {name}	부여 출처: {name}
Unknown	알 수 없음
Flying	비행
Immobile	이동 불가
Burrowing	땅굴 파기
Rift	균열
NEW GAME	새 게임
CONTINUE RUN	계속하기
ABANDON RUN	포기하기
OPTIONS	설정
HOW TO PLAY	플레이 방법
BESTIARY	도감
DISCORD	디스코드
MODS	모드
CREDITS	제작진
QUIT	종료
Source: Local (Workshop copy also installed)	출처: 로컬 (워크샵 버전도 설치됨)
Source: Local	출처: 로컬
Source: Workshop %s	출처: 워크샵 %s
BACK	뒤로
SELECT MOD TO UPLOAD	업로드할 모드 선택
DISABLED	비활성화
ENABLED	활성화
BROWSE WORKSHOP	워크샵 둘러보기
UPLOAD MOD	모드 업로드
RESET	초기화
RESTART	재시작
Open the Steam Workshop page.	스팀 워크샵 페이지를 엽니다.
Upload a local mod to Workshop.	로컬 모드를 워크샵에 업로드합니다.
Return to the title screen.	타이틀 화면으로 돌아갑니다.
Reset mods to the current run's starting layout.	모드를 현재 플레이의 시작 구성으로 초기화합니다.
Restart the game to apply the current mod layout.	현재 모드 구성을 적용하려면 게임을 재시작하세요.
NORMAL GAME	일반 게임
ARCHMAGE TRIALS	대마법사의 시련
WEEKLY RUN	주간 런
MUTATED RUN	변이 런
CUSTOM RUN	커스텀 런
*	*
Play	플레이
No Description	설명 없음
Custom	사용자 지정
Enter Value	값 입력
Confirm	확인
Sound Volume: {vol}	효과음 음량: {vol}
Music Volume: {vol}	음악 음량: {vol}
Language Select	언어 선택
Anim Speed: {speed}	애니메이션 속도: {speed}
Display: Windowed	디스플레이: 창 모드
Display: Borderless	디스플레이: 테두리 없는 전체 화면
Display: Fullscreen	디스플레이: 전체 화면
Save Preferences	저장 옵션
Rebind Controls	조작 재설정
Return to Game	게임으로 돌아가기
Save and Exit	저장 후 종료
Back to Title	타이틀 화면으로 돌아가기
Autosave: {state}	자동 저장: {state}
On	켜짐
Off	꺼짐
Save Screenshots: {state}	스크린샷 저장: {state}
Keep Previous Save Files: {state}	이전 저장 파일 보관: {state}
Back to Options	설정으로 돌아가기
CONTROLS:	조작:
ADVANCED CONTROLS:	고급 조작:
STATUS EFFECTS:	상태 효과:
MISC TIPS:	기타 팁:
\n\n\n\nChallenge Modifiers:	\n\n\n\n도전 조건:
[Wizard:wizard] ran out of time.	[마법사:wizard]의 시간이 다 되었다.
Arcane	비전
Blood	피
Chaos	혼돈
Conjuration	소환
Results with Conjuration tag\nHotkey:  C\n\nResults can gain Conjuration tag\nHotkey:  LEFT SHIFT + C	소환 태그 보유\n단축키:  C\n\n소환 태그 획득 가능\n단축키:  LEFT SHIFT + C
Dark	암흑
Dragon	용
Enchantment	부여
Results with Enchantment tag\nHotkey:  E\n\nResults can gain Enchantment tag\nHotkey:  LEFT SHIFT + E	부여 태그 보유\n단축키:  E\n\n부여 태그 획득 가능\n단축키:  LEFT SHIFT + E
Eye	눈
Fire	화염
Holy	신성
Ice	얼음
Lightning	번개
Metallic	금속
Nature	자연
Orb	구슬
Results with Orb tag\nHotkey:  O\n\nResults can gain Orb tag\nHotkey:  LEFT SHIFT + O	구슬 태그 보유\n단축키:  O\n\n구슬 태그 획득 가능\n단축키:  LEFT SHIFT + O
Ritual	의식
Slime	슬라임
Sorcery	마법
Translocation	이동
Results with Translocation tag\nHotkey:  T\n\nResults can gain Translocation tag\nHotkey:  LEFT SHIFT + T	이동 태그 보유\n단축키:  T\n\n이동 태그 획득 가능\n단축키:  LEFT SHIFT + T
Word	주문
Results with Word tag\nHotkey:  W\n\nResults can gain Word tag\nHotkey:  LEFT SHIFT + W	주문 태그 보유\n단축키:  W\n\n주문 태그 획득 가능\n단축키:  LEFT SHIFT + W
Damage	피해
Duration	지속시간
HP Cost	HP 소모
Max Channel	최대 지속 시전
Results with Max Channel\nHotkey:  X\n\nResults can gain Max Channel\nHotkey:  LEFT SHIFT + X	최대 지속 시전 보유\n단축키:  X\n\n최대 지속 시전 획득 가능\n단축키:  LEFT SHIFT + X
Max Charges	최대 사용 횟수
Num Targets	대상 수
Radius	반경
Range	사거리
Minion Damage	소환수 피해
Minion Duration	소환수 지속시간
Minion Health	소환수 HP
Minion Range	소환수 사거리
Num Summons	소환 수
Requires LoS	시야 필요
Unnamed spell	이름 없는 주문
Unnamed Component	이름 없는 재료
Undescribed Component	설명 없는 재료
Refresh	지속시간 갱신
Intensity	강도
Replace	교체
Buff	버프
Debuff	디버프
Channeling	지속 시전
Channeling {spell}\nPass the turn to continue channeling\nManually casting a spell will end this channel	"{spell}" 지속 시전 중\n턴을 넘기면 지속 시전을 계속한다\n주문을 수동으로 시전하면 지속 시전이 종료된다
Blind	실명
All spells reduced to melee range	모든 주문이 근접 사거리로 감소
Necrosis	괴사
Each turn, lose 1 max HP	턴마다 최대 HP 1 감소
Berserk	광폭화
Will attack and be attacked by both allies and enemies	아군과 적 모두를 공격하고 양쪽 모두에게 공격받는다
Stunned	기절
Silenced	침묵
Cannot cast spells	주문 시전 불가
Feared	공포
Cannot cast spells\nWill flee from enemies	주문을 시전할 수 없음\n적에게서 도망친다
Clarity	명료
Cannot be [stunned], [frozen], [feared], [petrified], [silenced], or put to [sleep]	[기절:stunned], [빙결:frozen], [공포:feared], [석화:petrified], [침묵:silenced] 또는 [수면:sleep] 상태가 되지 않는다
Unnamed	무명
[Wizard:wizard] is {buff}	[마법사:wizard]는 {buff}
[Wizard:wizard] takes a step	[마법사:wizard]가 한 걸음 나아간다
[Wizard:wizard] channeled {spell}	[마법사:wizard]가 "{spell}"을(를) 지속 시전했다
Tile	칸
Really?	정말로?
Memory Orb	기억의 구슬
Grants 1 SP	SP +1
Increase max HP by 25 and restore all health	최대 HP를 25 증가시키고 HP를 전부 회복
Shop	상점
{unit} takes an extra turn	{unit}: 추가 턴 획득
Level {lvl}, Turn {turn} begins	레벨 {lvl}, 턴 {turn} 시작
Wall	벽
Solid rock	단단한 바위
Floor	바닥
A rough rocky floor	거친 바위 바닥
The Abyss	심연
Look closely and you might see the glimmer of distant worlds	자세히 보면 먼 세계의 반짝임이 보일지도 모른다
Physical	물리
Undead	언데드
Elemental	정령
Heal	회복
Acid	산
Demon	악마
Spider	거미
Poison	독
Living	생물
Construct	구조물
Glass	유리
Tongue	혀
Shield	보호막
Leap	도약
Arrow	화살
Petrification	석화
Glassification	유리화
Thunderstrike	낙뢰
ArmageddonBlade	종말의 칼날
Fang	송곳니
GalvanicBlade	전류의 칼날
Music	음악
Water	물
AssassinBlade	암살의 칼날
FlyingDagger	비행 단검
Consumable	소모품
Any	모두
[{name}:{color}]	[{name}:{color}]
Awaken, Wizard	깨어나라, 마법사여.
Long have you wandered amongst the stars	그대는 오랫동안 별들 사이를 떠돌아왔다.
While you rested, your deeds have become myth, and your powers faded to nought	그대가 잠든 사이, 그대의 업적은 신화가 되었고, 그 힘은 완전히 사라졌다.
Ages have come and gone, and Avalon has fallen into ruin	수많은 세월이 흘러, 아발론은 폐허로 무너졌다.
Your ancient foe has risen once more	오랜 숙적이 다시금 모습을 드러냈다.
Mordred's hand reaches ever forth, his hunger endless, his malice without measure 	모드레드의 손길은 끝없이 세상을 향해 뻗어나가고, 그의 굶주림에는 끝이 없으며, 그의 악의는 헤아릴 수조차 없다.
Where his shadow falls, the world withers and cries out in torment	그의 그림자가 드리운 곳마다 세상은 시들어가고, 고통 속에서 울부짖는다.
In the darkest night, your light sparks to life	가장 깊은 어둠 속에서, 그대의 빛이 다시 타오르기 시작한다.
The rift stands open	균열이 열려 있다.
Avalon calls her champion	아발론이 자신의 용사를 부르고 있다.
Take up your staff and your cloak	지팡이를 들고, 망토를 걸쳐라.
Go forth, and slay Mordred	나아가, 모드레드를 처단하라.
[H:shields]: Help (This Screen)      [C:shields]: Character Sheet      [S:shields]: Learn Spells     [E:shields]: Craft Equipment	[H:shields]: 도움말 (이 화면)      [C:shields]: 캐릭터 정보      [S:shields]: 주문 습득     [E:shields]: 장비 제작
[Left Click / Enter:shields]: Move, or cast the selected spell at the cursor	[좌클릭 / Enter:shields]: 이동, 또는 선택한 주문을 커서 위치에 시전
[Right Click / Esc:shields]: Cancel the current spell or exit the current menu	[우클릭 / Esc:shields]: 현재 주문을 취소하거나 현재 메뉴를 닫기
[Numpad:shields]:	[숫자 패드:shields]:
[7 8 9:shields]	[7 8 9:shields]
[4   6:shields]  -> Move the wizard or targeting reticule one space in the corresponding direction	[4   6:shields]  -> 마법사 또는 조준선을 해당 방향으로 한 칸 이동
[1 2 3:shields]	[1 2 3:shields]
[Numpad 5:shields]: Pass the turn	[숫자 패드 5:shields]: 턴 넘기기
[1 2 3 4 5 6 7 8 9 0:shields]: Cast/Select spell 1-10	[1 2 3 4 5 6 7 8 9 0:shields]: 주문 1-10 시전/선택
[PGUP/PGDN or Mouse Wheel:shields]: Next/Previous page to view related information while examining something	[PGUP/PGDN 또는 마우스 휠:shields]: 무언가를 살펴볼 때 관련 정보의 다음/이전 페이지 보기
[L:shields]: Show line of sight	[L:shields]: 시야 표시
[T:shields]: Show threatened tiles	[T:shields]: 위협받는 칸 표시
[I:shields]: Highlight enemies	[I:shields]: 적 강조
[U:shields]: Highlight allies	[U:shields]: 아군 강조
[O:shields]: Highlight objects	[O:shields]: 오브젝트 강조
[Tab:shields]: Next target	[Tab:shields]: 다음 대상
[M:shields]: Show message log	[M:shields]: 메시지 로그 표시
[V:shields]: Look (target a square to look, tab target to look at interesting places)	[V:shields]: 살펴보기 (칸을 지정하여 살펴보기, Tab으로 흥미로운 장소를 살펴보기)
[W:shields]: Walk (target a square to walk there, tab target to walk to interesting places)	[W:shields]: 걷기 (칸을 지정하여 그곳으로 걷기, Tab으로 흥미로운 장소로 걷기)
[A:shields]: Autopickup loot (after clearing level)	[A:shields]: 전리품 자동 수집 (레벨 클리어 후)
[Shift + Up/Down Arrow:shields]: While in the character sheet, change selected spell hotkey or equipment position	[Shift + 위/아래 방향키:shields]: 캐릭터 정보 화면에서, 선택한 주문 단축키 또는 장비 위치 변경
[Right Click:shields]: If hovering over a spell in the character panel, open that spell's upgrade menu	[우클릭:shields]: 캐릭터 패널의 주문에 커서를 올리면, 그 주문의 강화 메뉴 열기
[Period:shields]: Interact with the tile you are on (enter portal, open shop)	[마침표(.):shields]: 발밑의 칸과 상호작용 (포털 진입, 상점 열기)
See the Rebind Controls menu for further controls / hotkeys	추가 조작 / 단축키는 조작 재설정 메뉴를 참조하세요
[asseticon:stun] Stunned: Cannot act	[asseticon:stun] 기절: 행동 불가
[asseticon:petrified] Petrified: Cannot act. Gain 100 Ice and Lightning resist. Gain 75 Physical and Fire resist	[asseticon:petrified] 석화: 행동 불가. 얼음과 번개 저항 +100. 물리와 화염 저항 +75
[asseticon:glassed] Glassified: Cannot act. Gain 100 Ice and Lightning resist. Gain 75 Fire resist. Lose 100 Physical resist	[asseticon:glassed] 유리화: 행동 불가. 얼음과 번개 저항 +100. 화염 저항 +75. 물리 저항 -100
[asseticon:sleep] Sleep: Cannot act. Ends upon taking any damage that is not Arcane or Dark	[asseticon:sleep] 수면: 행동 불가. 비전이나 암흑이 아닌 피해를 받으면 해제된다
[asseticon:fear] Fear: Cannot willingly act. Each turn, automatically attempt to move away from enemies	[asseticon:fear] 공포: 자발적으로 행동할 수 없다. 매 턴 자동으로 적에게서 멀어지려 시도한다
[asseticon:frozen] Frozen: Cannot act. Ends upon taking Fire or Physical damage. 100 Ice resist prevents and cures freezing	[asseticon:frozen] 빙결: 행동 불가. 화염 또는 물리 피해를 받으면 해제된다. 얼음 저항 100은 빙결을 방지하고 치유한다
[asseticon:poison] Poisoned: Take 1 Poison damage each turn and cannot heal. 100 Poison resist prevents and cures poison	[asseticon:poison] 중독: 매 턴 독 피해 1을 받고 회복할 수 없다. 독 저항 100은 중독을 방지하고 치유한다
[asseticon:bleed] Bleed: Take 3 Physical damage each turn. 100 Physical resist prevents and cures bleeding	[asseticon:bleed] 출혈: 매 턴 물리 피해 3을 받는다. 물리 저항 100은 출혈을 방지하고 치유한다
[asseticon:necrosis] Necrosis: Lose 1 max HP each turn. 100 Dark resist prevents and cures necrosis	[asseticon:necrosis] 괴사: 매 턴 최대 HP 1을 잃는다. 암흑 저항 100은 괴사를 방지하고 치유한다
[asseticon:soaked] Soaked: Gain 50 Fire resist. Lose 50 Ice and Lightning resist	[asseticon:soaked] 젖음: 화염 저항 +50. 얼음과 번개 저항 -50
[asseticon:berserk] Berserked: Become hostile to all other units. May attack and be attacked by allies	[asseticon:berserk] 광폭화: 다른 모든 유닛에 적대적이 된다. 아군을 공격하고 아군에게서 공격받을 수 있다
[asseticon:immobile] Immobilized: Cannot walk	[asseticon:immobile] 속박: 이동 불가
[asseticon:silence] Silenced: Cannot cast non-melee spells	[asseticon:silence] 침묵: 근접 외의 주문을 시전할 수 없다
[asseticon:blind] Blind: All spell ranges reduced to 1	[asseticon:blind] 실명: 모든 주문의 사거리가 1로 감소한다
[asseticon:quickcast] Quickcast: Casting spells uses only half of a turn	[asseticon:quickcast] "빠른 시전": 주문 시전이 턴의 절반만 소모한다
[asseticon:quickmove] Quickstep: Moving uses only half of a turn	[asseticon:quickmove] 빠른 이동: 이동이 턴의 절반만 소모한다
[asseticon:channeling] Channeling: The spell's effect repeats on the same target until another action is taken	[asseticon:channeling] 지속 시전: 다른 행동을 할 때까지, 같은 대상에게 주문의 효과가 반복된다
[asseticon:reincarnation] Reincarnate: On death, come back to life at a random location on the map with full HP	[asseticon:reincarnation] 환생: 사망하면 맵의 무작위 위치에서 HP를 모두 회복한 채 부활한다
[asseticon:clarity] Clarity: Removes and prevents Stunned, Fear, Petrified, Glassified, Frozen, and Silenced	[asseticon:clarity] 명료: 기절, 공포, 석화, 유리화, 빙결, 침묵을 해제하고 예방한다
Up to 10 spells and 2 upgrades for each can be purchased with SP	SP로 최대 10개의 주문과 각각 2개의 강화를 구매할 수 있다
Any number of equipments can be crafted using the components you find	발견한 재료로 개수 제한 없이 장비를 제작할 수 있다
Spells and Equipment can have attributes which can be improved to make them more powerful	주문과 장비의 속성을 강화하면 성능을 높일 수 있다
Spells and Equipment are only affected by bonuses to attributes in their tooltips	주문과 장비는 툴팁에 있는 속성에 대한 보너스에만 영향을 받는다
Attribute bonuses come in the form of percent-based and flat bonuses, and are applied in that order	속성 보너스는 비율 보너스와 고정 수치 보너스로 나뉘며, 비율 보너스가 먼저 적용된다
Spells and Equipment can be filtered using the provided filters and with the search function	주문과 장비는 제공된 필터와 검색 기능으로 걸러낼 수 있다
Filters can be activated by clicking or SHIFT clicking the filter, or by using their hotkeys	필터는 필터를 클릭하거나 SHIFT 클릭, 또는 단축키로 활성화할 수 있다
You can begin searches with \\ to search for exact phrasing, i.e. \\ adds the fire tag	검색을 \\로 시작하면 정확한 표현을 검색할 수 있다, 예: \\화염 태그
Selecting equipment you cannot craft marks it as desired and adds it to your character panel	제작할 수 없는 장비를 선택하면 희망 품목으로 표시되어 캐릭터 패널에 추가된다
Left Click a desired item or use SHIFT 1 - 3 to craft it if possible or remove it otherwise	희망 품목을 좌클릭하거나 SHIFT 1 - 3을 사용하여 제작 (가능하면 제작, 아니면 제거)
When something says it casts a spell or gains a spell, it will use your version of that spell	주문을 시전하거나 주문을 획득한다고 명시된 효과는 모두 당신이 보유한 주문을 사용한다
Even if you don't own the spell in question, any relevant bonuses you have will be applied	해당 주문을 소유하고 있지 않더라도, 당신이 가진 관련 보너스는 적용된다
Extra tooltips while examining Rifts and Components contain a Prospective Equipment page	균열과 재료를 살펴볼 때의 추가 툴팁에는 예상 장비 페이지가 있다
Prospective Equipment cannot be crafted at that moment, but could if you had the component(s) in question	예상 장비는 그 시점에는 제작할 수 없지만, 해당 재료가 있다면 제작할 수 있다
Each level, you can reroll rifts once, closing the existing rifts and opening new ones	레벨마다 균열을 한 번 재추첨할 수 있다. 기존 균열이 닫히고 새로운 균열이 열린다
Mastery is the sum total SP cost of spells you own with a given tag, including applied upgrades	숙련도는 특정 태그를 가진 보유 주문의 SP 비용 총합이며, 적용된 강화를 포함한다
[SH:shields] or Shields, block an instance of damage, regardless of how large or small	[보호막:shields]은 피해량과 관계없이 피해를 한 번 막는다
[Frozen] units cannot act\nFrozen units unfreeze upon taking [Fire] or [Physical] damage	[빙결:frozen] 유닛은 행동할 수 없다\n빙결된 유닛은 [화염:fire] 또는 [물리:physical] 피해를 받으면 해제된다
[Petrified] units cannot act\n[Petrified] units gain [100 Ice:ice] resist\n[Petrified] units gain [100 Lightning:lightning] resist\n[Petrified] units gain [75 Physical:physical] resist\n[Petrified] units gain [75 Fire:fire] resist	[석화:petrified] 유닛은 행동할 수 없다\n[석화:petrified] 유닛은 [100 얼음:ice] 저항을 얻는다\n[석화:petrified] 유닛은 [100 번개:lightning] 저항을 얻는다\n[석화:petrified] 유닛은 [75 물리:physical] 저항을 얻는다\n[석화:petrified] 유닛은 [75 화염:fire] 저항을 얻는다
[Glassified] units cannot act\n[Glassified] units gain [-100 Physical:physical] resist\n[Glassified] units gain [100 Ice:ice] resist\n[Glassified] units gain [100 Lightning:lightning] resist\n[Glassified] units gain [75 Fire:fire] resist	[유리화:glassified] 유닛은 행동할 수 없다\n[유리화:glassified] 유닛은 [-100 물리:physical] 저항을 얻는다\n[유리화:glassified] 유닛은 [100 얼음:ice] 저항을 얻는다\n[유리화:glassified] 유닛은 [100 번개:lightning] 저항을 얻는다\n[유리화:glassified] 유닛은 [75 화염:fire] 저항을 얻는다
[Stunned] units cannot act	[기절:stunned] 유닛은 행동할 수 없다
[Berserk] units are hostile to all other units, they will attack and be attacked by their allies	[광폭화:berserk] 유닛은 다른 모든 유닛에게 적대적이며, 아군을 공격하고 아군에게 공격받는다
[Poisoned:poison] units take 1 [Poison] damage each turn and cannot heal	[중독:poison] 유닛은 매 턴 [독:poison] 피해 1을 받고 회복할 수 없다
[Blind] units have all their spell ranges reduced to 1	[실명:blind] 유닛은 모든 주문 사거리가 1로 감소한다
{name} gains [{val}% {attr_label}:{attr_key}]	{name}: [{val}% {attr_label}:{attr_key}] 획득
{name} gains {val}% {attr_label}	{name}: {val}% {attr_label} 획득
{name} gains [{val} {attr_label}:{attr_key}]	{name}: [{val} {attr_label}:{attr_key}] 획득
{name} gains {val} {attr_label}	{name}: {val} {attr_label} 획득
All spells and equipment gain [{val}% {attr_label}:{attr_key}]	모든 주문과 장비: [{val}% {attr_label}:{attr_key}] 증가
All spells and equipment lose [{val}% {attr_label}:{attr_key}]	모든 주문과 장비: [{val}% {attr_label}:{attr_key}] 감소
All spells and equipment gain [{val} {attr_label}:{attr_key}]	모든 주문과 장비: [{val} {attr_label}:{attr_key}] 증가
All spells and equipment lose [{val} {attr_label}:{attr_key}]	모든 주문과 장비: [{val} {attr_label}:{attr_key}] 감소
[{tag_label}:{tag_key}] spells and equipment gain [{val}% {attr_label}:{attr_key}]	[{tag_label}:{tag_key}] 주문과 장비: [{val}% {attr_label}:{attr_key}] 증가
[{tag_label}:{tag_key}] spells and equipment gain [{val} {attr_label}:{attr_key}]	[{tag_label}:{tag_key}] 주문과 장비: [{val} {attr_label}:{attr_key}] 증가
Level {level}	레벨 {level}
Range {range} {los}	사거리 {range} {los}
Charges: {cur}/{max}	사용 횟수: {cur}/{max}
HP Cost: {cost}	HP 소모: {cost}
Melee Range	근접 사거리
Quick Cast	빠른 시전
(Ignores LoS)	(시야 무시)
Cooldown	재사용 대기시간
{val}% Resist {tag_label}	{tag_label} 저항 {val}%
{value} {attr_label}	{value} {attr_label}
{value} turn cooldown {remaining}	재사용 대기시간 {value}턴 {remaining}
\nAdds the [{tag_label}:{tag_key}] tag	\n[{tag_label}:{tag_key}] 태그를 부여한다
[HP:{color}] {cur}/{max}	[HP:{color}] {cur}/{max}
[SH:{color}] {num}	[보호막:{color}] {num}
YOU ARE {status}	현재: {status}
{val} damage	{val} 피해
{val} {type} damage	{val} {type} 피해
{val} {types} damage	{val} {types} 피해
[{tag_label}:{tag_key}]	[{tag_label}:{tag_key}]
{unit} pays {cost} HP to cast {spell}	{unit}이 HP {cost}를 지불하여 "{spell}"을 시전
{unit} blocked [{amount} {dtype_label}:{dtype_key}] from {source}	{unit}이 {source}로부터 [{amount} {dtype_label}:{dtype_key}]를 막았다
{owner} deals [{amount} {dtype_label}:{dtype_key}] damage to {unit} with {source}	{owner}가 {source}로 {unit}에게 [{amount} {dtype_label}:{dtype_key}] 피해를 입힌다
{unit} killed by {owner} {source}	{unit}이 {owner}의 {source}로 처치됨
{unit} killed by {source}	{unit}이 {source}로 처치됨
{unit} takes [{amount} {dtype_label}:{dtype_key}] damage from {source}	{unit}이 {source}로부터 [{amount} {dtype_label}:{dtype_key}] 피해를 받는다
{owner} heals {unit} for [{amount}:heal] with {source}	{owner}가 {source}로 {unit}을 [{amount}:heal] 회복
{unit} is healed for [{amount}:heal] from {source}	{unit}이 {source}로부터 [{amount}:heal] 회복
{buff} applied to [{unit}:{color}] for [{amount} turns:duration]	[{unit}:{color}]에게 [{amount}턴:duration] 동안 {buff} 효과 부여
{buff} applied to [{unit}:{color}]	[{unit}:{color}]에게 {buff} 효과 부여
[{unit}:{color}] uses {spell}	[{unit}:{color}]: "{spell}" 사용
[{component}:blood] increased your max HP by {amt}	[{component}:blood]가 그대의 최대 HP를 {amt} 증가시켰다
Realm {n}	차원 {n}
Outcome: {result}	결과: {result}
VICTORY	승리
Turns taken:	소모한 턴:
{n} (L)	{n}턴 (현재 차원)
{n} (G)	{n}턴 (전체)
Spell Casts:	주문 시전 횟수:
{count:3d} {name}	{count:3d} {name}
Damage to Enemies:	적에게 가한 피해:
{amount} {source}	{amount} {source}
{amount} Other	{amount} 기타
Damage to Wizard:	마법사가 받은 피해:
Purchases:	구매:
{a}: {b}	{a}: {b}
Wizard	마법사
duration	지속
Fireball	파이어볼
Deal [{damage}:damage] [Fire] damage in a [{radius}:radius] tile burst	[{radius}:radius]칸 범위에 [{damage}:damage]의 [화염:fire] 피해를 입힌다
Chaos Ball	혼돈의 구체
Fireball randomly deals [Physical], [Lightning], or [Fire] damage\nIf a unit is resistant to one or more of these damage types, Fireball deals the damage type that unit is least resistant to	파이어볼이 [물리:physical], [번개:lightning], [화염:fire] 중 하나의 피해를 무작위로 입힌다\n대상이 이 피해 유형 중 하나 이상에 저항을 가지고 있다면, 가장 저항이 낮은 피해 유형으로 피해를 준다
Shaped Blast	성형 폭발
Fireball gains 1 [radius] for every 4 tiles away that you cast it, and never damages the wizard or their allies	"파이어볼"의 [반경:radius]이 시전 거리 4칸당 1 증가하며, 자신과 아군에게 피해를 입히지 않는다
Meteor	운석
Units in the center tile take extra [Physical] damage and are [stunned] for [{duration}:duration] turns	중심 칸의 유닛은 추가 [물리:physical] 피해를 받고 [{duration}:duration]턴 동안 [기절:stun]된다
Ash Ball	재의 구체
Fireball [blinds] and [poisons] units for [{duration}:duration] turns	파이어볼은 유닛을 [{duration}:duration]턴 동안 [실명:blind]시키고 [중독:poison]시킨다
Rain of Fire	화염의 비
Chaos Storm	혼돈의 폭풍
Each impact casts Annihilate on [{num_targets}:num_targets] enemies within [{radius}:radius] tiles	각 착탄은 [{radius}:radius]칸 이내의 [{num_targets}:num_targets]명의 적에게 "섬멸"을 시전한다
Rain of Dragons	용의 비
Each impact has a 20% chance of casting your Fire Drake spell as well	각 착탄은 20% 확률로 당신의 "화염 드레이크" 주문도 시전한다
Pyrostatic Storm	화염 정전기의 폭풍
Each impact casts Lightning Bolt on up to [{num_targets}:num_targets] enemies in its line of sight	각 착탄은 시야 내의 최대 [{num_targets}:num_targets]명의 적에게 "번개 화살"을 시전한다
Ritual of Explosions	폭발의 의식
Cast Flame Burst each turn you channel\nIf you complete the ritual, gain [100% Fire:fire] resistance until the end of the level	지속 시전하는 각 턴마다 "화염 작렬"을 시전한다\n의식을 완료하면, 레벨이 끝날 때까지 [100% 화염:fire] 저항을 얻는다
Cast Fireball targeting [{num_targets}:num_targets] random tiles in a [{radius}:radius] tile radius each turn\nThis spell can be channeled for up to [{max_channel}:max_channel] turns	매 턴 [{radius}:radius]칸 반경 내의 무작위 타일 [{num_targets}:num_targets]곳에 화염구를 시전한다\n이 주문은 최대 [{max_channel}:max_channel]턴 동안 지속 시전할 수 있다
Thunder God	뇌신
Cast Rain of Thunderbolts at the end of each turn	각 턴 종료 시 "벼락의 비"를 시전한다
Rain of Thunderbolts	벼락의 비
Tempest Drakes	대폭풍 드레이크
Each strike has a 20% chance of casting your Storm Drake spell	각 일격은 20% 확률로 당신의 "폭풍 드레이크" 주문을 시전한다
Cryostorm	얼음 폭풍
Rain of Thunderbolts may also target [Blizzards:ice] or [Rain Clouds:nature], but casts Iceball on them instead of Thunder Strike	"벼락의 비"는 [눈보라:ice] 또는 [비구름:nature]도 대상으로 할 수 있지만, "천둥 일격" 대신 "아이스볼"을 시전한다
Stormbringer	폭풍을 부르는 자
Each turn you channel, summon [{num_targets}:num_targets] [Storm Clouds:lightning] at random locations	지속 시전하는 각 턴, 무작위 위치에 [{num_targets}:num_targets]개의 [폭풍 구름:lightning]을 소환한다
Instead of channeling this spell, when you cast it, you get a buff for [{max_channel}:max_channel] turns which causes its effects to trigger as though you had channeled it at the end of each turn	이 주문을 지속 시전하는 대신, 시전했을 때 [{max_channel}:max_channel]턴 동안 강화 효과를 얻으며, 이는 각 턴 종료 시 지속 시전한 것처럼 그 효과를 발동시킨다
Cast Thunder Strike targeting up to [{num_targets}:num_targets] [Storm Clouds:lightning] each turn\nClouds with enemies in them are prioritized\nWill not target the caster or their allies\nThis spell can be channeled for up to [{max_channel}:max_channel] turns	매 턴, 최대 [{num_targets}:num_targets]개의 [폭풍 구름:lightning]을 대상으로 "천둥 일격"을 시전한다\n적이 안에 있는 구름이 우선된다\n시전자나 그 아군은 대상으로 삼지 않는다\n이 주문은 최대 [{max_channel}:max_channel]턴 동안 지속 시전할 수 있다
Recast {spell_name} at the end of your turn	턴 종료 시 "{spell_name}"을(를) 다시 시전한다
Lightning Bolt	번개 화살
Electric Ink	전기 잉크
When Lightning Bolt kills a unit, summon a Living Lightning Scroll that can cast your Lightning Bolt once\nWhen it casts the spell it dies	"번개 화살"이 유닛을 처치하면, 당신의 "번개 화살"을 한 번 시전할 수 있는 살아있는 번개 두루마리를 소환한다\n주문을 시전하면 그것은 죽는다
Energy Bolt	에너지 화살
Lightning Bolt also deals [Arcane] damage	"번개 화살"은 [비전:arcane] 피해도 입힌다
Stormbolt	뇌전탄
Create [Storm Clouds:lightning] on affected tiles	영향을 받은 칸에 [폭풍 구름:lightning]을 생성한다
Repeater Bolts	연사 화살
Lightning Bolt will be recast at the target location at the end of your turn for [{duration}:duration] turns	"번개 화살"은 [{duration}:duration]턴 동안 턴 종료 시 대상 위치에서 재시전된다
Deal [{damage}:damage] [Lightning] damage in a beam	광선으로 [{damage}:damage]의 [번개:lightning] 피해를 입힌다
Annihilate	섬멸
Assured Destruction	확실한 파괴
If you are able, when you cast this spell, use an additional charge to cast it again if the target lives	가능하다면, 이 주문을 시전했을 때 대상이 살아남았으면 추가 사용 횟수를 소모하여 다시 시전한다
Cascade	연쇄
If Annihilate kills a unit, any remaining hits will jump to an enemy within range of the killed unit\nIgnores line of sight	"섬멸"이 유닛을 처치하면, 남은 명중은 처치된 유닛의 사거리 내의 적에게로 튕긴다\n시야를 무시한다
Comprehensive Annihilation	포괄적 섬멸
Annihilate also deals [Ice], [Holy], [Dark], and [Arcane] damage hits	"섬멸"은 [얼음:ice], [신성:holy], [암흑:dark], [비전:arcane] 피해도 입힌다
Mega Annihilate	메가 섬멸
Deal [{damage}:damage] [Fire], [Lightning], and [Physical] damage to the target	대상에게 [{damage}:damage]의 [화염:fire], [번개:lightning], [물리:physical] 피해를 입힌다
Storm Walk	폭풍 걷기
Quickcast	빠른 시전
Storm Walk gains quickcast	"폭풍 걷기"가 빠른 시전을 얻는다
Weathered Traveler	풍파에 단련된 여행자
Leave behind a line of matching clouds between you and your destination	당신과 목적지 사이에 대응하는 구름의 선을 남긴다
Storm Boon	폭풍의 은혜
Gain a boon depending on the kind of cloud you Storm Walk to\n[Rain Clouds:nature] remove all debuffs\n[Blizzards:ice] grant 3 [SH:shields]\n[Lightning Clouds:lightning] grant 3 turns of [quickstep:translocation]	"폭풍 걷기"로 이동한 구름의 종류에 따라 은혜를 얻는다\n[비구름:nature]은 모든 약화 효과를 제거한다\n[눈보라:ice]는 [보호막 3개:shields]를 부여한다\n[번개 구름:lightning]은 3턴의 [빠른 이동:translocation]을 부여한다
Storm Surge	폭풍 해일
Cast Storm Burst after arriving at your destination	목적지에 도착한 후 "스톰 버스트"를 시전한다
Teleport to target unoccupied tile\nCan only target tiles with a [Rain Cloud:nature], [Storm Cloud:lightning], or [Blizzard:ice]\nConsumes the target cloud	대상 빈 칸으로 순간이동한다\n[비구름:nature], [폭풍 구름:lightning] 또는 [눈보라:ice]가 있는 칸만 대상으로 지정할 수 있다\n대상 구름을 소비한다
Teleport	순간이동
Group Teleport	집단 순간이동
Also teleports up to [{num_targets}:num_targets] allies to locations near the destination	목적지 근처 위치로 최대 [{num_targets}:num_targets]명의 아군도 순간이동시킨다
Teleport gains quickcast	"순간이동"이 빠른 시전을 얻는다
Assassinate	암살
Void Teleport	공허 순간이동
Teleport deals [Arcane] damage to enemies in line of sight of the destination equal to its [max charges:max_charges]	순간이동은 목적지의 시야 내 적에게 [최대 사용 횟수:max_charges]와 동일한 [비전:arcane] 피해를 입힌다
Teleport to target tile	대상 칸으로 순간이동
Blink	점멸
You may now cast Blink targeting a unit\nDoing so causes you to swap places with them, and deals [{damage}:damage] [Arcane] damage	이제 유닛을 대상으로 "점멸"을 시전할 수 있다\n그렇게 하면, 그것과 위치를 바꾸고 [{damage}:damage]의 [비전:arcane] 피해를 입힌다
Blindcasting	시야 밖 시전
Blink can be cast outside your line of sight	"점멸"은 시야 밖에도 시전할 수 있다
Dissolution	용해
Casting Blink also casts Disperse on the target	"점멸"을 시전하면 대상에게 "확산"도 시전한다
Thunderblink	천둥 점멸
Casting Blink also casts Thunder Strike on the [{num_targets}:num_targets] nearest enemies in line of sight of the target	"점멸"을 시전하면, 대상의 시야 내에서 가장 가까운 [{num_targets}:num_targets]명의 적에게 "천둥 일격"도 시전한다
Flame Gate	화염의 문
When you cast a [Fire] spell, summon a temporary Fire Elemental near the target\nThis effect ends if you move or manually cast a spell without the [Fire] tag	[화염:fire] 주문을 시전하면, 대상 근처에 일시적인 화염의 정령을 소환한다\n이동하거나 [화염:fire] 태그가 없는 주문을 수동으로 시전하면 이 효과가 끝난다
\nEach turn, deal [{damage}:damage] [Fire] damage to enemies within [{radius}:radius] tiles\nThis radius increases when you cast a [Fire] spell	\n매 턴, [{radius}:radius]칸 이내의 적에게 [{damage}:damage]의 [화염:fire] 피해를 입힌다\n[화염:fire] 주문을 시전하면 이 반경이 증가한다
Starfire Gate	별불의 문
When you cast a [Fire] or [Arcane] spell, summon a temporary Starfire Elemental near the target\nThis effect ends if you move or manually cast a spell without the [Fire] or [Arcane] tags	[화염:fire] 또는 [비전:arcane] 주문을 시전하면, 대상 근처에 일시적인 별불 정령을 소환한다\n이동하거나 [화염:fire]·[비전:arcane] 태그가 모두 없는 주문을 수동으로 시전하면 이 효과가 끝난다
\nEach turn, deal [{damage}:damage] [Fire] damage to enemies within [{radius}:radius] tiles\nThis radius increases when you cast a [Fire] or [Arcane] spell	\n매 턴, [{radius}:radius]칸 이내의 적에게 [{damage}:damage]의 [화염:fire] 피해를 입힌다\n[화염:fire] 또는 [비전:arcane] 주문을 시전하면 이 반경이 증가한다
Gatewatch	관문 감시자
Immediately summon [{num_summons}:num_summons] Fire Elementals when you cast this spell	이 주문을 시전했을 때, 즉시 [{num_summons}:num_summons]체의 화염의 정령을 소환한다
Eye Gate	눈의 문
Fire Elementals can cast your Eye of Fire on a 10 turn cool down	화염의 정령은 10턴 재사용 대기시간으로 당신의 "화염의 눈"을 시전할 수 있다
Instead applies Starfire Gate\nStarfire Gate can be sustained with both [Fire] and [Arcane] spells\nStarfire Gate summons Starfire Elementals instead of Fire Elementals	대신 "별불의 문"을 부여한다\n"별불의 문"은 [화염:fire]과 [비전:arcane] 주문 모두로 유지할 수 있다\n"별불의 문"은 화염의 정령 대신 별불 정령을 소환한다
Searing Gate	작열의 문
Flame Gate deals [{damage}:damage] [Fire] damage to enemies within [{radius}:radius] tiles of you each turn\nThis radius increases by 1 each time you cast a [Fire] spell	"화염의 문"은 턴마다 당신 주위 [{radius}:radius]칸 이내의 적에게 [{damage}:damage]의 [화염:fire] 피해를 입힌다\n이 반경은 당신이 [화염:fire] 주문을 시전할 때마다 1씩 증가한다
Lightning Form	번개 형상
Lasts 3 turns after you cast a [Lightning] spell	[번개:lightning] 주문을 시전한 후 3턴 동안 지속된다
Fire Form	화염 형상
Also works on [Fire] spells and grants [100 Fire:fire] resist	[화염:fire] 주문에도 작용하며 [100 화염:fire] 저항을 부여한다
Crackling Aura	방전의 오라
Each turn, Lightning Form deals [{damage}:damage] [Lightning] damage to up to [{num_targets}:num_targets] enemies within [{radius}:radius] tiles	턴마다 "번개 형상"는 [{radius}:radius]칸 이내의 최대 [{num_targets}:num_targets]명의 적에게 [{damage}:damage]의 [번개:lightning] 피해를 입힌다
Gathering Momentum	기세 축적
Each turn Lightning Form is active, [Lightning] spells and equipment gain 10% [damage]\nThis bonus is removed with Lightning Form	"번개 형상"가 유지되는 동안 매 턴 [번개:lightning] 주문과 장비의 [피해:damage] 보너스가 10%씩 증가한다\n"번개 형상"가 끝나면 이 보너스도 사라진다
When you cast a [Lightning] spell, if the target tile is unoccupied, teleport to that tile\nGain [100 Lightning:lightning] resistance\nGain [100 Physical:physical] resistance\nLightning Form ends if you fail to cast a [Lightning] spell on your turn	[번개:lightning] 주문을 시전했을 때, 대상 칸이 비어 있으면 그 칸으로 순간이동한다\n[100 번개:lightning] 저항을 얻는다\n[100 물리:physical] 저항을 얻는다\n자신의 턴에 [번개:lightning] 주문을 시전하지 못하면 "번개 형상"는 끝난다
Arcane Vulnerability	비전 취약
Detonation Beam	기폭 광선
If Void Beam kills the target unit, it detonates, dealing its damage to tiles in a [{radius}:radius] tile burst around the target	"공허의 광선"이 대상 유닛을 처치하면 폭발하여, 대상 주위 [{radius}:radius]칸 범위의 칸에 그 피해를 입힌다
Star Beam	별의 광선
Void beam also deals [Fire] damage	공허 광선은 [화염:fire] 피해도 입힌다
Void Curse	공허의 저주
Void Beam strips 50 [Arcane] resistance from its target before dealing damage	"공허의 광선"은 피해를 입히기 전에 대상으로부터 [비전:arcane] 저항을 50 벗겨낸다
Void Pulse	공허의 맥동
Sends out a wide pulse which also affects tiles adjacent to the center beam	중앙 광선에 인접한 칸에도 작용하는 넓은 파동을 방출한다
Deal [{damage}:damage] [Arcane] damage in a beam\nMelts walls	광선으로 [{damage}:damage]의 [비전:arcane] 피해를 입힌다\n벽을 녹인다
Ennervated	쇠약 상태
Thunder Strike can be cast outside your line of sight	"천둥 일격"은 시야 밖에도 시전할 수 있다
Storm Power	폭풍의 힘
Refund a charge if the target tile has a [Storm Cloud:lightning]	대상 칸에 [폭풍 구름:lightning]이 있으면 사용 횟수를 되돌려준다
Heaven Strike	천계의 일격
Thunder Strike also deals [Holy] damage	"천둥 일격"은 [신성:holy] 피해도 입힌다
Enervate	쇠약
Target receives the [Enervated:lightning] debuff, which [stuns] them for 1 turn when they move or cast a spell	대상은 [쇠약:lightning] 약화 효과를 받는다. 이는 대상이 이동하거나 주문을 시전할 때 1턴 동안 [기절:stun]시킨다
Deal [{damage}:damage] [Lightning] damage to the target\nEnemies within [{radius}:radius] tiles of the target are [stunned] for [{duration}:duration] turns	대상에게 [{damage}:damage]의 [번개:lightning] 피해를 입힌다\n대상의 [{radius}:radius]칸 이내의 적은 [{duration}:duration]턴 [기절:stun]된다
Chaos Barrage	혼돈의 탄막
Mega Barrage	메가 탄막
Shockwaves	충격파
Each bolt also deals damage to adjacent tiles	각 화살은 인접한 칸에도 피해를 입힌다
Smart Bolts	영리한 화살
Chaos Barrage will not harm allies\nEach bolt will use the damage type its target resists the least	"혼돈의 탄막"은 아군을 해치지 않는다\n각 화살은 대상이 가장 저항이 낮은 피해 종류를 사용한다
Endless Barrage	끝없는 탄막
You may channel Chaos Barrage for [{max_channel}:max_channel] turns	"혼돈의 탄막"을 [{max_channel}:max_channel]턴 동안 지속 시전할 수 있다
Shoot up to [{num_targets}:num_targets] bolts of chaotic energy at units in a cone\nEach bolt deals [{damage}:damage] [Fire], [Lightning], or [Physical] damage	원뿔 범위의 유닛에게 최대 [{num_targets}:num_targets]개의 혼돈 에너지 화살을 발사한다\n각 화살은 [{damage}:damage]의 [화염:fire], [번개:lightning], 또는 [물리:physical] 피해를 입힌다
Disperse	확산
Violent Warp	격렬한 워프
Cast Magic Missile on teleported enemies	순간이동한 적에게 "마법 미사일"을 시전한다
Protective Warp	보호의 왜곡
Teleported allies gain [{shields} SH:shields]	순간이동한 아군은 [보호막 {shields}개:shields]를 얻는다
Void Sickness	공허의 병
Teleported enemies receive [{duration}:duration] turns of [silence] and [poison]	순간이동한 적은 [{duration}:duration]턴의 [침묵:silence]과 [중독:poison]을 받는다
Far Sending	원격 전송
Instead of being randomly teleported, targets are sent as far away from the caster as possible	무작위로 순간이동되는 대신, 대상은 시전자로부터 가능한 한 멀리 보내진다
Teleport all units in a [{radius}:radius] tile radius to random locations\nThe caster is unaffected	[{radius}:radius]칸 반경의 모든 유닛을 무작위 위치로 순간이동시킨다\n시전자는 영향을 받지 않는다
Glassify	유리화
Target is [glassed] instead of [petrified]	대상은 [석화:petrified] 대신 [유리화:glassed]된다
Arcane Conductivity	비전 전도
Target also loses [100 Arcane:arcane] resist	대상은 [100 비전:arcane] 저항도 잃는다
Rocky Servitude	바위의 예속
If the target is slain while [petrified], raise them as a Golem\nGolems inherit the HP of the slain unit	대상이 [석화:petrified] 중에 처치되면, 골렘으로 일으킨다\n골렘은 처치된 유닛의 HP를 물려받는다
Panic	공황
Enemies in line of sight of the target are [feared] for [{duration}:duration] turns	대상의 시야 내의 적은 [{duration}:duration]턴 동안 [공포:fear]에 빠진다
Flying Golem	비행 골렘
[Petrify] the target for [{duration}:duration] turns	대상을 [{duration}:duration]턴 동안 [석화:petrify]시킨다
Petrification Aura	석화의 오라
Each turn, [{num_targets}:num_targets] enemies within [{radius}:radius] tiles are {buff_kw} for [{duration}:duration] turns	매 턴 [{radius}:radius]칸 내의 최대 [{num_targets}:num_targets] 적을 [{duration}:duration]턴 동안 {buff_kw}시킨다
Petrify nearby enemies each turn	턴마다 근처의 적을 석화시킨다
Crumbling Aura	붕괴의 오라
Each turn, [petrified] enemies within the aura that have [{damage}:damage] or less HP are killed	턴마다 오라 내에서 HP가 [{damage}:damage] 이하인 [석화:petrified] 적을 죽인다
Wormification Aura	벌레화 오라
[Petrified] enemies slain within the aura are raised as Rock Worms\nRock Worms inherit the max HP of the slain unit	오라 안에서 처치된 [석화:petrified]된 적은 바위 벌레로 되살아난다\n바위 벌레는 처치된 유닛의 최대 HP를 물려받는다
Petrification Aura will inflict [glassed] instead of [petrify]\nEffects of this spell which trigger from [petrify] will also trigger from [glassed]	"석화의 오라"는 [석화:petrify] 대신 [유리화:glassed]를 부여한다\n[석화:petrify]에서 발동되는 이 주문의 효과는 [유리화:glassed]에서도 발동된다
Perfect Stillness	완전한 정적
There is a 25% chance for the [petrification:petrify] to be permanent	25% 확률로 대상을 영구히 [석화:petrify]시킨다
Each turn, [{num_targets}:num_targets] enemies within [{radius}:radius] tiles are [petrified] for [{duration}:duration] turns\nLasts [{duration}:duration] turns	턴마다 [{radius}:radius]칸 이내의 [{num_targets}:num_targets]명의 적이 [{duration}:duration]턴 [석화:petrified]된다\n[{duration}:duration]턴 지속한다
Wolf Pack	늑대 무리
Summons a pack of [{num_summons}:num_summons] wolves instead of just 1	1마리가 아닌 [{num_summons}:num_summons]마리의 늑대 무리를 소환한다
Summon a Werewolf instead of a Wolf	"늑대" 대신 "늑대인간"을 소환한다
Fleet Footed	날랜 발
Wolves gain [quickstep:translocation]	늑대가 [빠른 이동:translocation]을 얻는다
Ravenous Wolf	탐욕스러운 늑대
Consumes all remaining charges on cast\nThe wolf's health and spells' damage are multiplied by the number of charges consumed\nEach time the wolf kills a unit, they grow more powerful	시전 시 남은 사용 횟수를 모두 소모한다\n늑대의 HP와 주문 피해는 소모한 사용 횟수만큼 배가된다\n늑대가 유닛을 죽일 때마다, 더욱 강력해진다
Summon a Wolf	"늑대"를 소환
Summon an Armored Polar Bear instead	대신 "장갑 북극곰"을 소환한다
Summons a Venom Bear instead	대신 "독곰"을 소환한다
Summons a Blood Bear instead	대신 "피의 곰"을 소환한다
Mauler	박살내는 자
The bear's melee attack hits [{num_targets}:num_targets] times, instead of twice	곰의 근접 공격은 2회 대신 [{num_targets}:num_targets]회 적중한다
Summon a Giant Bear\nIf you have multiple upgrades that would replace your bear, you attempt to expend multiple charges to summon multiple bears instead of one\nIf not enough charges remain, a random valid bear is chosen	"거대한 곰"을 소환한다\n당신의 곰을 대체하는 강화를 여러 개 가지고 있으면, 여러 사용 횟수를 소모하여 하나가 아닌 여러 곰을 소환하려 시도한다\n남은 사용 횟수가 충분하지 않으면, 유효한 곰이 무작위로 선택된다
Blind all units on the map	지도 위의 모든 유닛을 실명시킨다
Darkvision	암시야
Only [blinds] enemies	적만 [실명:blinds]시킨다
Eyes Of Cursed Dark	저주받은 암흑의 눈
Casting Darkness also casts Shadow Hex on up to [{num_targets}:num_targets] enemies in your line of sight	"어둠"을 시전하면, 시야 내의 최대 [{num_targets}:num_targets]명의 적에게 "그림자 저주"도 시전한다
Long Night	긴 밤
Nightstalkers	밤의 추적자
When you cast this spell, summon either a Wild Man or a Vampire Bat near each enemy	이 주문을 시전하면, 각 적의 근처에 야인 또는 흡혈박쥐를 소환한다
Each turn, [blind] all units for 1 turn\nLasts [{duration}:duration] turns	턴마다 모든 유닛을 1턴 [실명:blind]시킨다\n[{duration}:duration]턴 지속한다
Spirit Harvest	정령 수확
For every 75 damage dealt by Lightning Storm, summon a Storm Spirit\nAdds the [Conjuration] tag	"번개 폭풍"으로 입힌 피해 75마다 폭풍 정령을 소환한다\n[소환:conjuration] 태그를 추가한다
Lightning Storm	번개 폭풍
Surestrike	필중
Supercell	슈퍼셀
Particle Storm	입자 폭풍
Clouds summoned by Lightning Storm also deal [{damage}:damage] [Arcane] damage every turn	"번개 폭풍"이 소환한 구름은 턴마다 [{damage}:damage] [비전:arcane] 피해도 입힌다
Create [Storm Clouds:lightning] over tiles in a [{radius}:radius] tile radius\n[Storm Clouds:lightning] have a [{strikechance}%:strikechance] chance of dealing [{damage}:damage] [Lightning] damage each turn\nThe clouds last for [{duration}:duration] turns	[{radius}:radius]칸 반경의 칸에 [폭풍 구름:lightning]을 생성한다\n[폭풍 구름:lightning]은 턴마다 [{strikechance}%:strikechance]의 확률로 [{damage}:damage] [번개:lightning] 피해를 입힌다\n그 구름은 [{duration}:duration]턴 동안 지속된다
Prison of Thorns	가시의 감옥
Grasping Vines	움켜쥐는 덩굴
Fae Thorns gain the [Living] tag and a [{minion_range}:minion_range] range [Physical] attack, which pulls enemies towards it	요정의 가시는 [생물:living] 태그와 [{minion_range}:minion_range] 사거리의 [물리:physical] 공격을 얻으며, 이는 적을 끌어당긴다
Rot Growth	부패의 성장
Summon Rot Sprouts instead of Fae Thorns, which can grow into Rot Trees or Rotting Zombies	요정의 가시 대신 부패의 싹을 소환하며, 이는 부패의 나무 또는 부패 좀비로 성장할 수 있다
Icy Prison	얼음 감옥
Fae Thorns receive a [{minion_range} range:minion_range] [Ice] attack	요정의 가시는 [{minion_range} 사거리:minion_range]의 [얼음:ice] 공격을 얻는다
Super Max	슈퍼 맥스
Summon temporary Fae Thorns surrounding a connected group of enemies	연결된 적 그룹을 둘러싸는 일시적인 요정의 가시를 소환한다
Flammable	가연성
Pillar of Fire	화염의 기둥
Channeled Flame	지속 시전 화염
You may channel Pillar of Fire for up to [{max_channel}:max_channel] turns	"화염의 기둥"을 최대 [{max_channel}:max_channel]턴 동안 지속 시전할 수 있다
Disrupting Flames	방해의 화염
Strips target of shields and applies -50 [Fire] resist for [{duration}:duration] turns	대상의 보호막을 벗기고 [{duration}:duration]턴 동안 [화염:fire] 저항 -50을 부여한다
Pillar of Annihilation	절멸의 기둥
On kill, cast Annihilate on up to [{num_targets}:num_targets] enemies in line of sight of the killed unit	처치 시, 처치된 유닛의 시야 내 최대 [{num_targets}:num_targets]체의 적에게 "섬멸"을 시전한다
Orbital Bombardment	궤도 폭격
Deal [{damage}:damage] [Fire] damage in a [{radius}:radius] tile burst\nDeals double damage to the targeted tile	[{radius}:radius]칸 범위에 [{damage}:damage]의 [화염:fire] 피해를 입힌다\n대상 칸에는 2배의 피해를 입힌다
Boiling Blood	끓는 피
Blood Lust	피의 갈망
Boiling Blood also impacts [Holy] and [Dark] spells	"끓는 피"는 [신성:holy]과 [암흑:dark] 주문에도 영향을 준다
Combustion Point	연소점
Endless Fury	끝없는 격노
Boiling Blood becomes permanent, but causes units to take 1 [Fire] damage per turn	"끓는 피"는 영구적이 되지만, 유닛이 턴마다 [화염:fire] 피해를 1 받게 한다
Boiling Blood grants 5% resistance to all damage types	"끓는 피"는 모든 피해 종류에 5% 저항을 부여한다
Allies gain 6 [damage] to their [Fire] and [Physical] spells\nLasts [{duration}:duration] turns	아군은 [화염:fire]과 [물리:physical] 주문에 [피해:damage]를 6 얻는다\n[{duration}:duration]턴 동안 지속된다
Healing Light	치유의 빛
Shielding Light	보호하는 빛
Allies in line of sight gain [{shields} SH:shields]	시야 내의 아군은 [보호막 {shields}개:shields]를 얻는다
Purifying Light	정화의 빛
Allies in line of sight lose all debuffs before being healed	시야 내의 아군은 회복되기 전에 모든 약화 효과를 잃는다
Heartflame	심장불
When Healing Light heals an ally, the nearest enemy in their line of sight takes that much [Fire] and [Holy] damage	"치유의 빛"이 아군을 회복시키면, 그 시야 내의 가장 가까운 적이 그만큼의 [화염:fire] 및 [신성:holy] 피해를 받는다
Ritual of Rejuvenation	회춘의 의식
You may channel Healing Light for [{max_channel}:max_channel] turns\nIf you complete the ritual, apply a buff that regenerates [5 HP:heal] per turn for the remainder of the level to allies in line of sight	"치유의 빛"을 [{max_channel}:max_channel]턴 동안 지속 시전할 수 있다\n의식을 완료하면, 시야 내의 아군에게 레벨이 끝날 때까지 턴마다 [5 HP:heal]를 재생하는 강화 효과를 부여한다
Heal allies in line of sight for [{heal} HP:heal]	시야 내의 아군을 [{heal} HP:heal]만큼 회복한다
Rejuvenation	회춘
Regenerative Goop	재생하는 점액
[Slime] allies heal adjacent allies when healed by the aura\nAdds the [Slime] tag	[슬라임:slime] 아군은 오라로 회복될 때 인접한 아군도 회복시킨다\n[슬라임:slime] 태그를 추가한다
Regeneration Aura	재생의 오라
Global	전체
The aura heals all allies on the level	오라는 레벨 상의 모든 아군을 회복시킨다
Death Defiance	죽음에 대한 저항
When you cast this spell, allies in the affected radius gain the ability to reincarnate on death	이 주문을 시전하면, 영향을 받은 반경 내의 아군이 사망 시 환생하는 능력을 얻는다
Self Healing	자가 회복
You are also healed by the aura	당신도 오라로 회복한다
Each turn, heal allies within [{radius}:radius] tiles for [{heal} HP:heal]\nLasts [{duration}:duration] turns	턴마다 [{radius}:radius]칸 이내의 아군을 [{heal} HP:heal] 회복시킨다\n[{duration}:duration]턴 지속한다
Dominate	지배
Conqueror	정복자
Increase the maximum HP threshold of units which can be Dominated	지배할 수 있는 유닛의 최대 HP 한계치를 증가시킨다
Brute Force	완력
Dominate units based on their current HP instead of max HP	최대 HP 대신 현재 HP에 기반하여 유닛을 "지배"한다
Cult Leader	교단 지도자
Dominated units can cast your Dominate on a 30 turn cooldown	"지배"된 유닛은 30턴 재사용 대기시간으로 당신의 "지배"를 시전할 수 있다
Death Lord	죽음의 군주
You may Dominate [Undead] units regardless of their HP	HP에 관계없이 [언데드:undead] 유닛을 "지배"할 수 있다
Target enemy with no more than [{damage}:damage] max HP becomes your minion	최대 HP가 [{damage}:damage] 이하인 대상 적이 당신의 소환수가 된다
Eye of Lightning	번개의 눈
\nShots reduce the target's [Lightning] resistance by [50% Lightning:lightning]	\n사격은 대상의 [번개:lightning] 저항을 [50% 번개:lightning]만큼 감소시킨다
Promethean Blessing	프로메테우스의 축복
\nIf this shoots a [Fire] unit, remove its [Fire] tag and positive [Fire] resistance	\n[화염:fire] 유닛을 쏘면, 그 [화염:fire] 태그와 양의 [화염:fire] 저항을 제거한다
\nGrant that [Fire] tag and resistance to an ally without the [Fire] tag	\n[화염:fire] 태그가 없는 아군에게 그 [화염:fire] 태그와 저항을 부여한다
\nWhen this buff ends, summon a Flaming Eyeball	\n이 버프가 끝나면, 불타는 안구를 소환한다
\nShots [freeze] the target for [{duration}:duration] turns	\n발사체가 대상을 [{duration}:duration]턴 동안 [빙결:freeze]시킨다
\nWhen this buff ends, summon a Frosty Eyeball	\n이 버프가 끝나면, 서리의 안구를 소환한다
Eye of Blood	피의 눈
Every [{freq}:cooldown] turns, deal [{damage}:damage] [Dark] damage to a random enemy in your line of sight\nHeal for damage dealt\nShot cooldown: [{cooldown}:cooldown] turns	[{freq}:cooldown]턴마다 시야 내의 무작위 적에게 [{damage}:damage] [암흑:Dark] 피해를 준다\n준 피해만큼 체력을 회복한다\n재사용 대기시간: [{cooldown}:cooldown]턴
Blood Accelerant	피 촉진제
Reduce the active shot cooldown of your Eye of Blood buff by 1 each time you cast a [Blood] spell	[피:blood] 주문을 시전할 때마다, "피의 눈" 강화 효과의 활성 사격 재사용 대기시간을 1 줄인다
Eye of Lifedrain	생명력 흡수의 눈
Eye of Blood also casts Lifedrain on units it shoots	"피의 눈"은 자신이 쏜 유닛에게 "생명력 흡수"도 시전한다
Hag's Eye	마녀의 눈
Shoots at all targets in line of sight	시야 내의 모든 대상을 향해 발사한다
Eye of Plasmoid	플라즈모이드의 눈
When it deals damage, the target's max HP is reduced by the damage dealt and a Blood Slime is summoned nearby	피해를 입히면, 대상의 최대 HP가 입힌 피해만큼 감소하고 근처에 "피의 슬라임"이 소환된다
Every [{shot_cooldown}:shot_cooldown] turns, deal [{damage}:damage] [Dark] damage to a random enemy in line of sight\nHeal for damage dealt\nLasts [{duration}:duration] turns	[{shot_cooldown}:shot_cooldown]턴마다 시야 내의 무작위 적에게 [{damage}:damage]의 [암흑:dark] 피해를 입힌다\n입힌 피해만큼 회복한다\n[{duration}:duration]턴 동안 지속된다
Every [{freq}:cooldown] turns, deal [{damage}:damage] {tag} damage to a random enemy in your line of sight\nShot cooldown: [{cooldown}:cooldown] turns	[{freq}:cooldown]턴마다 시야 내의 무작위 적에게 [{damage}:damage] {tag} 피해를 입힌다\n재사용 대기시간: [{cooldown}:cooldown]턴
Eye of Fire	화염의 눈
Every [{shot_cooldown}:shot_cooldown] turns, deal [{damage}:damage] [Fire] damage to a random enemy in line of sight\nLasts [{duration}:duration] turns	[{shot_cooldown}:shot_cooldown]턴마다 시야 내의 무작위 적에게 [{damage}:damage]의 [화염:fire] 피해를 입힌다\n[{duration}:duration]턴 동안 지속된다
Eye of Immolation	화형의 눈
Eye of Fire also casts Immolate on units it shoots	"화염의 눈"은 공격한 유닛에게 "화형"도 시전한다
Fiery Onlooker	화염의 방관자
Summon a Flaming Eyeball when Eye of Fire is removed	"화염의 눈"이 제거되면 불타는 안구를 소환한다
Eye of Conflagration	대화재의 눈
When Eye of Fire kills an enemy, it shoots again	"화염의 눈"이 적을 처치하면, 다시 발사한다
Promethean Eye	프로메테우스의 눈
If Eye of Fire targets a [Fire] unit, it removes the [Fire] tag and their [Fire] resistance\nThe [Fire] tag and resistance are then granted to an ally without the [Fire] tag	"화염의 눈"이 [화염:fire] 유닛을 대상으로 하면, 그 [화염:fire] 태그와 [화염:fire] 저항을 제거한다\n그 [화염:fire] 태그와 저항은 [화염:fire] 태그가 없는 아군에게 부여된다
Archon Eye	아콘의 눈
Eye of Lightning deals damage to enemies in a beam instead of only at the target\nAllies along the beam are healed for [{damage}:damage] and gain [1 Shield:shields]	"번개의 눈"은 대상에게만이 아니라 광선으로 적에게 피해를 입힌다\n광선 위의 아군은 [{damage}:damage]만큼 회복하고 [1 보호막:shields]을 얻는다
Eye of Thunder	천둥의 눈
Eye of Lightning also casts Thunder Strike on units it shoots	"번개의 눈"은 자신이 쏜 유닛에게 "천둥 일격"도 시전한다
Penetrating Gaze	꿰뚫는 시선
Eye of Lightning shots reduce the target's [Lightning] resistance by 50%	"번개의 눈" 사격은 대상의 [번개:lightning] 저항을 50% 낮춘다
Ionized Sight	이온화된 시야
Eye of Lightning will prefer to shoot targets with the lower [Lightning] resistance	"번개의 눈"은 [번개:lightning] 저항이 낮은 대상을 우선하여 쏜다
Every [{shot_cooldown}:shot_cooldown] turns, deal [{damage}:damage] [Lightning] damage to a random enemy in line of sight\nLasts [{duration}:duration] turns	[{shot_cooldown}:shot_cooldown]턴마다 시야 내의 무작위 적에게 [{damage}:damage]의 [번개:lightning] 피해를 입힌다\n[{duration}:duration]턴 동안 지속된다
Freezing	빙결
Eye of Ice [freezes] the target for [{duration}:duration] turns	"얼음의 눈"은 대상을 [{duration}:duration]턴 동안 [빙결:freeze]시킨다
Frosty Onlooker	서리 구경꾼
Summon a Frosty Eyeball when Eye of Ice is removed	"얼음의 눈"이 제거되면 서리의 안구를 소환한다
Icy Array	얼음 배열
You can have multiple instances of Eye of Ice active simultaneously	"얼음의 눈"을 여러 개 동시에 발동할 수 있다
Eye of Icicles	고드름의 눈
Eye of Ice also casts Icicle on units it shoots	"얼음의 눈"은 자신이 쏜 유닛에게 "고드름"도 시전한다
Every [{shot_cooldown}:shot_cooldown] turns, deal [{damage}:damage] [Ice] damage to a random enemy in line of sight\nLasts [{duration}:duration] turns	[{shot_cooldown}:shot_cooldown]턴마다 시야 내의 무작위 적에게 [{damage}:damage]의 [얼음:ice] 피해를 입힌다\n[{duration}:duration]턴 동안 지속된다
Eye of Rage	격노의 눈
Every [{freq}:cooldown] turns, inflict [berserk] on a random enemy in your line of sight for [{duration}:duration] turns\nShot cooldown: [{cooldown}:cooldown] turns	[{freq}:cooldown]턴마다 시야 내의 무작위 적에게 [{duration}:duration]턴 동안 [광폭화:berserk]를 건다\n재사용 대기시간: [{cooldown}:cooldown]턴
Burning Rage	타오르는 격노
Lycanthropy	늑대인간화
When Eye of Rage shoots a [Living] unit with 25% or less HP, that unit is killed and raised as a friendly Werewolf\nThe Werewolf inherits the max HP of the slain unit and is [berserked] for 4 turns	"격노의 눈"이 HP 25% 이하의 [생물:living] 유닛을 쏘면, 그 유닛은 쓰러지고 아군 "늑대인간"으로 되살아난다\n"늑대인간"은 쓰러진 유닛의 최대 HP를 물려받고 4턴 동안 [광폭화:berserk]된다
Infectious Rage	전염되는 격노
Eye of Rage shots affect enemies in a connected group	"격노의 눈" 사격은 연결된 무리의 적에게 작용한다
Targeted units gain a fiery aura that deals [{damage}:damage] [Fire] damage to units within [{radius}:radius] tiles	대상 유닛은 [{radius}:radius]칸 이내의 유닛에게 [{damage}:damage]의 [화염:fire] 피해를 입히는 불타는 오라를 얻는다
Enduring Rage	지속되는 격노
Every [{shot_cooldown}:shot_cooldown] turns, inflict [berserk] on a random enemy in line of sight for [{berserk_duration}:duration] turns\nLasts [{duration}:duration] turns	[{shot_cooldown}:shot_cooldown]턴마다 시야 내의 무작위 적에게 [{berserk_duration}:duration]턴의 [광폭화:berserk]를 부여한다\n[{duration}:duration]턴 동안 지속된다
Each turn, deal 2 [Arcane] or [Dark] damage to enemies within [{radius}:radius] tiles	턴마다 [{radius}:radius]칸 이내의 적에게 [비전:arcane] 또는 [암흑:dark] 피해를 2 입힌다
\nAlso deals 2 [Ice] damage to enemies within the radius	\n범위 내의 적에게 2의 [얼음:ice] 피해도 입힌다
\nDamaged enemies are put to [sleep] for [{duration}:duration] turns	\n피해를 입은 적을 [{duration}:duration]턴 동안 [수면:sleep] 상태로 만든다
\nWhen this buff ends, summon a Raven, Werewolf, and Witch for every 30 damage it dealt	\n이 버프가 끝나면, 입힌 피해 30마다 큰까마귀, "늑대인간", 마녀를 소환한다
\n{val} damage dealt	\n{val} 피해를 입혔다
Nightmare Flood	악몽의 범람
Chilling Dream	얼어붙는 꿈
Nightmare Aura deals an additional [Ice] damage hit	"악몽의 오라"는 추가 [얼음:ice] 피해 타격을 입힌다
Slumbering Aura	잠드는 오라
Enemies damaged by Nightmare Aura are put to [sleep] for [{duration}:duration] turns	"악몽의 오라"로 피해를 입은 적은 [{duration}:duration]턴 동안 [수면:sleep] 상태가 된다
Dark Dream	암흑의 꿈
Upon expiring, summon a Raven, a Werewolf, and a Witch for every 30 damage dealt by Nightmare Aura	만료 시, "악몽의 오라"가 입힌 피해 30마다 큰까마귀, "늑대인간", 마녀를 소환한다
Each turn, deal 2 [Arcane] or [Dark] damage to enemies within [{radius}:radius] tiles\nLasts [{duration}:duration] turns	턴마다 [{radius}:radius]칸 이내의 적에게 [비전:arcane] 또는 [암흑:dark] 피해를 2 입힌다\n[{duration}:duration]턴 지속한다
Watcher Form	감시자 형상
Each turn, cast Lightning Bolt at the farthest enemy in line of sight\nCannot move or manually cast spells	매 턴 시야 내에서 가장 먼 적에게 "번개 화살"을 시전한다\n이동할 수 없고, 주문을 직접 시전할 수도 없다
Holy Watcher Form	신성한 감시자 형상
Watcher Form also casts Silver Spear each turn\nGrants [100 Holy:holy] resist	"감시자 형상"는 매 턴 "은빛 창"도 시전한다\n[100 신성:holy] 저항을 부여한다
Pyrostatic Watcher Form	화염 정전기 감시자 형상
Watcher Form also casts Pyrostatic Pulse each turn\nGrants [100 Fire:fire] resist instead of 75	"감시자 형상"는 매 턴 "화염 정전기의 맥동"도 시전한다\n[화염:fire] 저항을 75 대신 [100 화염:fire] 부여한다
Void Watcher Form	공허의 감시자 형상
Watcher Form also casts Void Beam each turn\nGrants [100 Arcane:arcane] resist\nCan fire at targets outside of line of sight	"감시자 형상"는 매 턴 "공허의 광선"도 시전한다\n[100 비전:arcane] 저항을 부여한다\n시야 밖의 대상도 발사할 수 있다
Chain Watcher Form	연쇄 감시자 형상
Watcher Form also casts Chain Lightning each turn	"감시자 형상"는 매 턴 "연쇄 번개"도 시전한다
Each turn, cast Lightning Bolt at the farthest enemy in line of sight\nYou cannot move or manually cast spells while in Watcher Form\nGain [100 Physical:physical], [100 Lightning:lightning], and [100 Poison:poison] resistance\nGain [75 Fire:fire] resistance\nLasts [{duration}:duration] turns	턴마다 시야 내의 가장 먼 적에게 "번개 화살"을 시전한다\n"감시자 형상"인 동안에는 이동하거나 수동으로 주문을 시전할 수 없다\n[100 물리:physical], [100 번개:lightning], [100 독:poison] 저항을 얻는다\n[75 화염:fire] 저항을 얻는다\n[{duration}:duration]턴 지속한다
Imp Call	임프 소환
Each turn, summon [{num_summons}:num_summons] temporary imps nearby	턴마다 근처에 [{num_summons}:num_summons]체의 일시적 임프를 소환한다
Endless Swarm	끝없는 무리
Every 6 turns, summon [{num_summons}:num_summons] temporary imps\nAlways Active	6턴마다 [{num_summons}:num_summons]체의 일시적 임프를 소환한다\n상시 활성
Imp Swarm	임프 떼
Metal Swarm	금속 무리
Imp Swarm can also summon Copper, Tungsten, and Furnace Imps	"임프 떼"는 구리, 텅스텐, 용광로 임프도 소환할 수 있다
Dark Swarm	암흑 무리
Imp Swarm can also summon Rot, Void, and Insanity Imps	"임프 떼"는 부패, 공허, 광기 임프도 소환할 수 있다
Elite Swarm	정예 무리
Each turn, summon [{num_summons}:num_summons] temporary imps near the caster\nEach imp is either a [Fire], [Spark:lightning], or [Iron:physical] imp\nLasts [{duration}:duration] turns	턴마다 시전자 근처에 [{num_summons}:num_summons]체의 일시적 임프를 소환한다\n각 임프는 [화염:fire]·[스파크:lightning]·[철:physical] 임프 중 하나이다\n[{duration}:duration]턴 동안 지속된다
Lightning Halo	번개 후광
Deal [{damage}:damage] [Lightning] damage in a [{radius}:radius] tile ring each turn	턴마다 [{radius}:radius]칸 고리에 [{damage}:damage]의 [번개:lightning] 피해를 입힌다
\nEnemies inside the halo take [{damage}:damage] [Poison] damage and are [poisoned] for [{duration}:duration] turns	\n광륜 안의 적은 [{damage}:damage]의 [독:poison] 피해를 입고 [{duration}:duration]턴 동안 [중독:poisoned]된다
\nDeal [{damage}:damage] [Fire] damage in a second outer ring each turn	\n매 턴, 바깥쪽 두 번째 고리에 [{damage}:damage]의 [화염:fire] 피해를 입힌다
\nEach turn, this halo gains +1 radius	\n턴마다, 이 후광은 반경 +1을 얻는다
Ring of Fire	화염의 고리
Lightning Halo creates an additional outer ring that deals [Fire] damage	"번개 후광"은 [화염:fire] 피해를 입히는 추가 외곽 고리를 생성한다
Radioactive Field	방사능 지대
Enemies inside the halo take [Poison] damage and are [poisoned] for [{duration}:duration] turns	후광 안의 적은 [독:poison] 피해를 받고 [{duration}:duration]턴 동안 [중독:poison]된다
Faraday Cage	패러데이 새장
Lightning Halo grants [100% Lightning:lightning] resist and [{duration}:duration] turns of clarity when cast	"번개 후광"은 시전 시 [100% 번개:lightning] 저항과 [{duration}:duration]턴의 명료를 부여한다
Lightning Nova	번개 노바
The halo grows by +1 radius each turn	후광은 매 턴 반경 +1만큼 커진다
Deal [{damage}:damage] [Lightning] damage in a [{radius}:radius] tile ring each turn\nLasts [{duration}:duration] turns	턴마다 [{radius}:radius]칸 고리에 [{damage}:damage]의 [번개:lightning] 피해를 입힌다\n[{duration}:duration]턴 지속한다
Mystic Vision	신비의 환영
Superior Sight	탁월한 시야
Mystic Vision grants [10 range:range] instead of [5 range:range]	"신비의 환영"의 사거리 증가량이 [5:range]에서 [10:range]으로 증가한다
Vision Aura	환영시의 오라
Mystic Vision is also applied to your allies	"신비의 환영"은 당신의 아군에게도 적용된다
Overwatch	감시
When you cast Mystic Vision, cast Floating Eye on unoccupied adjacent tiles	"신비의 환영"을 시전하면, 비어 있는 인접 칸에 "부유하는 눈"을 시전한다
Truesight	진실의 시야
Casting Mystic Vision also grants you Truesight for [{duration}:duration] turns\nTruesight lets you ignore line of sight requirements for casting spells	"신비의 환영"을 시전하면, [{duration}:duration]턴 동안 "진실의 시야"도 부여한다\n"진실의 시야"는 주문 시전의 시야 요건을 무시할 수 있게 한다
All spells and equipment gain {bonus} [range]\nLasts [{duration}:duration] turns	모든 주문과 장비가 [사거리:range]를 {bonus} 얻는다\n[{duration}:duration]턴 동안 지속된다
Mystic Power	신비의 힘
Mystic Arcanum	신비의 비의
Explosive Power	폭발의 힘
Mystic Power also grants +2 [radius] to all spells and equipment	"신비의 힘"은 모든 주문과 장비에 [반경:radius]+2도 부여한다
Blood is Power	피는 힘
Occult Power	은비의 힘
When you cast Mystic Power, sacrifice allies within [{radius}:radius] tiles\nIncrease the duration and damage bonus by the number of allies sacrificed\nSubsequent casts no longer stack duration, but instead replace the previous instance	"신비의 힘"을 시전하면, [{radius}:radius]칸 이내의 아군을 희생한다\n희생한 아군의 수만큼 지속 시간과 피해 보너스를 증가시킨다\n이후의 시전은 더 이상 지속 시간을 중첩하지 않고, 대신 이전 것을 대체한다
All spells and equipment gain {bonus_damage} [damage]\nLasts [{duration}:duration] turns	모든 주문과 장비가 [피해:damage]를 {bonus_damage} 얻는다\n[{duration}:duration]턴 동안 지속된다
Flame Burst	화염 작렬
Melting Flame	융해의 화염
Melt walls adjacent to the blast	폭발에 인접한 벽을 녹인다
Dual Burst	이중 폭발
Auto recasts at the end of your next turn	다음 턴 종료 시 자동으로 재시전한다
Bright Flame	밝은 화염
Deal [Holy] damage instead of [Fire]\nGrants allies [1 SH:shields] instead of damaging them	[화염:fire] 대신 [신성:holy] 피해를 입힌다\n아군에게 피해를 입히는 대신 [보호막 1개:shields]를 부여한다
Spreading Flame	퍼지는 화염
Casting Flame Burst consumes all remaining charges\nFor each charge consumed, it gets +1 [radius]\nSlain units create additional explosions with half radius and damage\nWill not harm the caster	"화염 작렬"을 시전하면 남은 사용 횟수를 모두 소모한다\n소모한 사용 횟수 하나당 [반경:radius]+1을 얻는다\n죽은 유닛은 절반의 반경과 피해로 추가 폭발을 일으킨다\n시전자를 해치지 않는다
Deal [{damage}:damage] [Fire] damage in a [{radius}:radius] tile burst around the caster	시전자 주위 [{radius}:radius]칸 범위에 [{damage}:damage]의 [화염:fire] 피해를 입힌다
Storm Drake	폭풍 드레이크
Summon a Storm Drake	"폭풍 드레이크"를 소환
Storm Drakes gain 5 HP when you cast a [Lightning] spell targeting a tile in their line of sight	폭풍 드레이크는 그 시야 내의 칸을 대상으로 [번개:lightning] 주문을 시전하면 HP 5를 얻는다
Spirit Drakes	정령 드레이크
Storm Drakes can cast your Chain Lightning on a 9 turn cooldown	폭풍 드레이크는 9턴 재사용 대기시간으로 당신의 "연쇄 번개"를 시전할 수 있다
Storm Summoning	폭풍 소환
When you cast Storm Drake, up to [{num_summons}:num_summons] [Storm Clouds:lightning] in line of sight of the target are converted into Storm Drakes	"폭풍 드레이크"를 시전하면, 대상의 시야 내의 [폭풍 구름:lightning] 최대 [{num_summons}:num_summons]개가 "폭풍 드레이크"로 변한다
Stormcrest	스톰크레스트
When you cast this spell, if there is room, summon Stormcrest instead of a Storm Drake\nCan only activate once each level	이 주문을 시전할 때 빈 공간이 있으면, "폭풍 드레이크" 대신 "스톰크레스트"를 소환한다\n레벨당 한 번만 발동한다
Shields	보호막
Void Drakes can cast your Magic Missile on a 3 turn cooldown	공허 드레이크는 3턴 재사용 대기시간으로 당신의 "마법 미사일"을 시전할 수 있다
Essence Drake	본질의 드레이크
When a Void Drake kills an enemy, a random temporary ally becomes permanent	"공허의 드레이크"가 적을 처치하면, 무작위 일시적 아군이 영구적으로 바뀐다
Void Mutations	공허의 변이
Summon a Void Drake	공허 드레이크를 소환
Ice Drake	얼음 드레이크
Summon an Ice Drake	"얼음 드레이크"를 소환
Cold Embrace	차가운 포옹
Instead of harming allies, the Ice Drake's breath grants them 5% [Ice] resist and 1 [SH:shields]	"얼음 드레이크"의 숨결은 아군을 해치는 대신, [얼음:ice] 저항 5%와 [보호막 1개:shields]를 부여한다
Elite Drakes	정예 드레이크
Ice Drakes gain the [Dark] tag and can cast your Death Chill on a 6 turn cooldown	얼음 드레이크는 [암흑:dark] 태그를 얻고, 6턴 재사용 대기시간으로 당신의 "죽음의 냉기"를 시전할 수 있다
Winterbringer	겨울을 부르는 자
When you cast this spell, if there is room, summon Winterbringer instead of an Ice Drake\nCan only activate once each level	이 주문을 시전할 때 빈 공간이 있으면, 아이스 드레이크 대신 겨울을 부르는 자를 소환한다\n레벨당 한 번만 발동한다
Chain Fireball	연쇄 파이어볼
Cast Fireball on each tile Chain Lightning arcs to	"연쇄 번개"가 도약하는 각 칸에 "파이어볼"을 시전한다
Cloud Conductance	구름 전도
Chain Lightning can arc to [Blizzards:ice], [Rain Clouds:nature], and [Storm Clouds:lightning]	"연쇄 번개"는 [눈보라:ice]·[비구름:nature]·[폭풍 구름:lightning]으로 도약할 수 있다
Lightning Shield	번개 보호막
Chain Lightning can arc to friendly targets\nFriendly units hit by Chain Lightning gain [1 SH:shields] instead of being damaged	"연쇄 번개"는 아군 대상으로 도약할 수 있다\n"연쇄 번개"에 맞은 아군은 피해를 받는 대신 [보호막 1개:shields]를 얻는다
Jolting Chain	충격 연쇄
Affected units are [stunned:stun] for 1 turn	영향을 받은 유닛은 1턴 동안 [기절:stun]된다
Unleash an arcing bolt of electricity dealing [{damage}:damage] [Lightning] damage\nThe bolt repeatedly arcs to new targets within range of the previous target\nEach arc deals damage to units in a beam\nThe bolt terminates when it cannot arc to any new targets	[{damage}:damage]의 [번개:lightning] 피해를 입히는 호를 그리는 전기 화살을 방출한다\n화살은 이전 대상의 사거리 내 새로운 대상에게 반복적으로 호를 그린다\n각 호는 광선 상의 유닛에게 피해를 입힌다\n새로운 대상에게 호를 그릴 수 없게 되면 화살은 종료된다
Soulcharge	영혼 충전
Blood Bolt	피의 화살
Death Bolt heals the caster for any damage it deals	"죽음의 화살"은 입힌 피해만큼 시전자를 회복시킨다
Winter Bolt	겨울 화살
Deathbolt also deals [Ice] damage	죽음의 화살은 [얼음:ice] 피해도 입힌다
Soul Battery	영혼 전지
The Wizard gains [Soulcharge:dark] when Death Bolt kills a target\n[Soulcharge:dark] grants 1 [damage] to [Dark] spells and equipment until the level ends	마법사는 "죽음의 화살"이 대상을 죽이면 [영혼 충전:dark]을 얻는다\n[영혼 충전:dark]은 레벨이 끝날 때까지 [암흑:dark] 주문과 장비에 1 [피해:damage]를 부여한다
Corpse Explosion	시체 폭발
Killing a unit with Death Bolt deals [{damage}:damage] [Dark] and [Physical] damage to enemies in a [{radius}:radius] tile radius around them	"죽음의 화살"로 유닛을 처치하면, 그 주위 [{radius}:radius]칸 반경의 적에게 [{damage}:damage]의 [암흑:dark] 및 [물리:physical] 피해를 입힌다
Deals [{damage}:damage] [Dark] damage to a target\nSlain [Living] units are raised as Skeletons\nRaised skeletons inherit the max HP of the slain unit	대상에게 [{damage}:damage]의 [암흑:dark] 피해를 입힌다\n죽은 [생물:living] 유닛은 해골로 되살아난다\n되살아난 해골은 죽은 유닛의 최대 HP를 물려받는다
Death Cycle	죽음의 순환
When a unit dies to [Dark] damage, there is a 10% chance to cast Wheel of Death\nIf the cast fails to trigger, the chance for it to cast on the next instance increases by 10%\nAlways Active	유닛이 [암흑:dark] 피해로 죽으면, 10% 확률로 "죽음의 수레바퀴"를 시전한다\n발동에 실패하면, 다음 기회의 시전 확률이 10% 증가한다\n항상 활성
Cheat Fate	운명 속이기
Wheel of Death will prefer to hit unshielded and [Dark] vulnerable enemies	"죽음의 수레바퀴"는 보호막이 없는 적과 [암흑:dark]에 취약한 적을 우선하여 적중한다
Shared Misfortune	공유된 불운
Wheel of Death instead deals damage to [{num_targets}:num_targets] targets\nThe damage dealt to each target is divided by the number of targets hit	"죽음의 수레바퀴"는 대신 [{num_targets}:num_targets]명의 대상에게 피해를 입힌다\n각 대상에게 입히는 피해는 적중한 대상의 수로 나뉜다
Ritual of Death	죽음의 의식
Wheel of Death can be channeled for up to [{max_channel}:max_channel] turns\nIf the ritual is completed, all [Living] enemies lose 10% of their max HP	"죽음의 수레바퀴"는 최대 [{max_channel}:max_channel]턴 동안 지속 시전할 수 있다\n의식이 완료되면, 모든 [생물:living] 적은 최대 HP의 10%를 잃는다
Deal [{damage}:damage] [Dark] damage to a random enemy	무작위 적에게 [{damage}:damage]의 [암흑:dark] 피해를 입힌다
Touch of Death	죽음의 손길
Flametouch	화염의 접촉
Touch of Death also deals [Fire] damage	"죽음의 손길"은 [화염:fire] 피해도 입힌다
Touch of the Vampire	흡혈귀의 접촉
When a [Living] target is damaged by Touch of Death, you heal for the damage dealt\nIf it dies to Touch of Death it is raised as Vampire	[생물:living] 대상이 "죽음의 손길"로 피해를 받으면, 입힌 피해만큼 당신이 회복한다\n"죽음의 손길"로 죽으면 흡혈귀로 되살아난다
Hand of Death	죽음의 손
Touch of Death hits up to [{num_targets}:num_targets] more adjacent targets	"죽음의 손길"은 인접한 대상에게 최대 [{num_targets}:num_targets]명 더 적중한다
Final Touch	마지막 일격
Touch of Death deals additional damage equal to the target's max HP	"죽음의 손길"은 대상의 최대 HP에 해당하는 추가 피해를 입힌다
Deal [{damage}:damage] [Dark] damage to the target	대상에게 [{damage}:damage]의 [암흑:dark] 피해를 입힌다
Sealed Fate	봉인된 운명
After {delay} turns, take [{damage}:damage] [Dark] and [Holy] damage	{delay}턴 후, [{damage}:damage]의 [암흑:dark]과 [신성:holy] 피해를 입는다
After {delay} turns, take [{damage}:damage] [Dark] damage	{delay}턴 후, [{damage}:damage]의 [암흑:dark] 피해를 입는다
\nWhen Sealed Fate expires, it jumps to a random enemy in line of sight	\n봉인된 운명이 만료되면, 시야 내의 무작위 적에게 옮겨간다
Seal Fate	운명을 봉인하기
Seal Fate can be cast outside your line of sight	"운명을 봉인하기"는 시야 밖에도 시전할 수 있다
Spreading Curse	퍼지는 저주
When Sealed Fate's duration expires, it jumps to a random enemy in line of sight	봉인된 운명의 지속 시간이 만료되면, 시야 내의 무작위 적에게 도약한다
Heavenly Mandate	천명
Sealed Fate also deals [Holy] damage	봉인된 운명은 [신성:holy] 피해도 입힌다
Fatebound	운명에 묶인 자
Seal Fate affects all enemies with the same name as target	"운명을 봉인하기"는 대상과 같은 이름의 모든 적에게 작용한다
After {delay} turns, deal [{damage}:damage] [Dark] damage to the target unit	{delay}턴 후, 대상 유닛에게 [{damage}:damage]의 [암흑:dark] 피해를 입힌다
Volcanic Eruption	화산 분출
Lava Coat	용암 외투
Gain 100% [Fire] and [Physical] resist for [{duration}:duration] turns when you cast Volcanic Eruption	"화산 분출"을 시전하면 [{duration}:duration]턴 동안 [화염:fire]과 [물리:physical] 저항 100%를 얻는다
Volcanic Eruption can be cast outside your line of sight	"화산 분출"은 시야 밖에도 시전할 수 있다
Wallcano	벽화산
In addition to chasms, Volcanic Eruption may target walls\nDoing so turns connected walls inside the initial burst into chasms	심연에 더해, "화산 분출"은 벽을 대상으로 할 수 있다\n그렇게 하면 초기 범위 내의 연결된 벽이 심연으로 변한다
Meteor Shower	유성우
Casting Volcanic Eruption also casts a single turn of your Rain of Fire spell	"화산 분출"을 시전하면, 당신의 "화염의 비" 주문을 1턴 분량도 시전한다
Create a [{radius}:radius] tile burst of lava in a chasm\nThe burst flows up to [{radius}:radius] tiles out of the chasm\nThe lava deals [{damage}:damage] [Fire] damage	심연에 [{radius}:radius]칸 범위의 용암을 생성한다\n폭발은 심연에서 최대 [{radius}:radius]칸 밖으로 흘러나간다\n용암은 [{damage}:damage] [화염:fire] 피해를 입힌다
Underworld Passage	지하 세계 통로
Underworld Passage gains quickcast	"지하 세계 통로"는 빠른 시전을 얻는다
Tremorsensitivity	진동 감지
Summon [{num_summons}:num_summons] Rock Worms at your original and target locations	당신의 원래 위치와 대상 위치에 [{num_summons}:num_summons]마리의 바위 벌레를 소환한다
Make Entrance	입구 생성
You can cast this spell from any location\nCreate a chasm in the location you cast from	이 주문은 임의의 위치에서 시전할 수 있다\n시전한 위치에 심연을 만든다
Return to Hell	지옥으로의 귀환
Teleport to any tile adjacent to a chasm\nCan only be cast while adjacent to a chasm	심연에 인접한 임의의 칸으로 순간이동한다\n심연에 인접해 있을 때만 시전할 수 있다
Vampiricism	흡혈
Heals the owner for any damage they deal\nGrants flying	소유자가 입힌 피해만큼 회복시킨다\n비행을 부여한다
Vampiric Regent	흡혈의 섭정
Grant the target your Dominate spell on a 20 turn cool down	대상에게 20턴 재사용 대기시간으로 당신의 "지배" 주문을 부여한다
Wicked Fangs	사악한 송곳니
The target's spells gain +[{minion_damage}:minion_damage] damage	대상의 주문은 피해 +[{minion_damage}:minion_damage]를 얻는다
Enthrall	매혹
You may cast this on [Living] enemies if you have more health than them\nIf you do, they become your ally	당신이 그들보다 HP가 높으면 [생물:living] 적에게 이것을 시전할 수 있다\n그렇게 하면, 그들은 당신의 아군이 된다
Quickening	가속 부여
The target gains [quickstep:translocation], and their spells gain quick cast	대상은 [빠른 이동:translocation]을 얻고, 그 주문은 빠른 시전을 얻는다
Grant an ally [vampiricism:blood], causing them to heal for any damage they deal, and allowing them to fly	아군에게 [흡혈:blood]을 부여하여, 입히는 피해만큼 회복시키고 비행을 가능하게 한다
Earthen Sentinel	대지의 파수병
Mobile Menhir	움직이는 거석
Earth Elementals have a 33% chance to randomly teleport to a location within [{radius}:radius] tiles that they can see each turn	대지 정령은 턴마다 33% 확률로 자신이 볼 수 있는 [{radius}:radius]칸 이내의 위치로 무작위로 순간이동한다
Stinging Totem	쏘는 토템
Earth Elementals can cast your Poison Sting with no cooldown	대지 정령은 재사용 대기시간 없이 당신의 "독 침"을 시전할 수 있다
Holy Totem	신성한 토템
Earth Elementals can cast your Heavenly Blast on a 3 turn cooldown	대지 정령은 3턴 재사용 대기시간으로 당신의 "천계의 작렬"을 시전할 수 있다
Earth Shaper	대지를 빚는 자
You can cast this spell targeting a wall\nIf you do, that wall and up to [{num_summons}:num_summons] adjacent walls are transformed into Earth Elementals	이 주문은 벽을 대상으로 시전할 수 있다\n그렇게 하면, 그 벽과 최대 [{num_summons}:num_summons]개의 인접한 벽이 대지 정령으로 변한다
Summon an Earth Elemental	대지 정령을 소환한다
Haunted	빙의된
Summon Ghosts nearby each turn	턴마다 근처에 유령을 소환한다
Ghostball	고스트볼
Haunting	유령의 배회
Curse affected enemies with [haunted:dark], which summons [{num_summons}:num_summons] Ghosts near them each turn\nLasts for [{duration}:duration] turns	영향을 받은 적을 [홀림:dark]으로 저주하여, 턴마다 그 근처에 유령을 [{num_summons}:num_summons]명 소환한다\n[{duration}:duration]턴 동안 지속된다
Memorialize	추모
If Ghostball targets an enemy and kills it, raise a Tombstone at their location	"고스트볼"이 적을 대상으로 하여 처치하면, 그 위치에 묘비를 세운다
Ignis Fatuus	도깨비불
Ghostball also inflicts [Fire] damage and [{duration}:duration] turns of [berserk]	"고스트볼"은 [화염:fire] 피해와 [{duration}:duration]턴의 [광폭화:berserk]도 부여한다
Ghost Mass	유령 덩어리
Summon Ghostly Masses instead of Ghosts	유령 대신 유령체 덩어리를 소환한다
Deal [{damage}:damage] [Dark] damage to enemies in a [{radius}:radius] tile burst\nSummon temporary Ghosts in affected empty tiles	[{radius}:radius]칸 범위의 적에게 [{damage}:damage]의 [암흑:dark] 피해를 입힌다\n영향받은 빈 칸에 일시적인 망령을 소환한다
Permanence	영속
Heal for half of all damage dealt to you	당신이 받은 모든 피해의 절반을 회복한다
True Permanence	진정한 영속
Permanence duration is now permanent	"영속"의 지속 시간이 이제 영구화된다
Reality Hold	현실 고정
On cast, temporary allies become permanent	시전 시, 일시적 아군이 영구화된다
Immutable Flesh	불변의 살
You heal for half of all damage dealt to you	당신이 받은 모든 피해의 절반을 회복한다
Temporal Reinforcement	시간의 증원
On cast, double the remaining duration of your other temporary buffs	시전 시, 당신의 다른 일시적 강화 효과의 남은 지속 시간을 2배로 한다
All spells and equipment gain [5 minion duration:minion_duration]\nAll spells and equipment gain [5 duration:duration]\nLasts [{duration}:duration] turns	모든 주문과 장비가 [소환수 지속 +5:minion_duration]를 얻는다\n모든 주문과 장비가 [지속 +5:duration]를 얻는다\n[{duration}:duration]턴 동안 지속된다
Vampiric Gaze	흡혈의 시선
Vampiric Gaze also deals [Poison] damage	"흡혈의 시선"은 [독:poison] 피해도 입힌다
Vampiric Tax	흡혈의 세금
Vampiric Gaze heals you for any damage it deals	"흡혈의 시선"은 입힌 피해만큼 당신을 회복시킨다
Refracting Gaze	굴절하는 시선
Each bolt bounces once to an enemy in line of sight of its target	각 화살은 대상의 시야 내의 적에게 1번 튄다
Coagulation	응고
Summon a Blood Slime when Vampiric Gaze kills a unit	"흡혈의 시선"이 유닛을 처치하면 "피의 슬라임"을 소환한다
A bolt of darkness shoots forth from each of your allies at a random enemy in their line of sight\nEach bolt deals [{damage}:damage] [Dark] damage\nAllies are healed for the damage dealt by their corresponding bolt	당신의 각 아군으로부터 시야 내의 무작위 적에게 암흑의 화살이 발사된다\n각 화살은 [{damage}:damage]의 [암흑:dark] 피해를 입힌다\n아군은 해당 화살이 입힌 피해만큼 회복된다
Bone Barrage	뼈 탄막
Bone Spears	뼈 창들
Bone Barrage damages units in a beam from each of your affected allies to the target	"뼈 탄막"은 영향을 받은 각 아군에서 대상까지의 광선 위에 있는 유닛에게 피해를 입힌다
Marrow Conduction	골수 전도
Bones pulled from [Lightning] allies also deal [Lightning] damage	[번개:lightning] 아군에게서 뽑아낸 뼈는 [번개:lightning] 피해도 입힌다
Piston Spears	피스톤 창
Damage dealt by [Metallic] allies' bones is multiplied by 4	[금속:metallic] 아군의 뼈가 입히는 피해가 4배가 된다
Cursed Bones	저주받은 뼈
Bone Barrage also deals [Dark] damage	"뼈 탄막"은 [암흑:dark] 피해도 입힌다
Your allies in line of sight of the target take [Physical] damage equal to half their health\nEach affected ally deals that much [Physical] damage to the target	대상의 시야 내에 있는 당신의 아군이 자신의 HP 절반에 해당하는 [물리:physical] 피해를 받는다\n영향을 받은 각 아군은 그만큼의 [물리:physical] 피해를 대상에게 입힌다
Savage Spree	야만적인 난무
When your allies kill a unit, cast Invoke Savagery\nAlways Active	아군이 유닛을 처치하면, "야만 소환"을 시전한다\n항상 활성
Invoke Savagery	야만 소환
Venomous Bite	독성 물어뜯기
The attack also permanently [poisons] the target	공격은 대상을 영구적으로 [중독:poison]시키기도 한다
Nature's Wrath	자연의 격노
Invoke Savagery also affects your [Nature] allies	"야만 소환"은 당신의 [자연:nature] 아군에게도 작용한다
Savage Leap	야만적인 도약
Instead of a melee attack, allies do a leap attack with a range of [{radius}:radius]	아군은 근접 공격 대신, 사거리 [{radius}:radius]의 도약 공격을 한다
Your [Living] allies attack a random enemy in melee range\nThe attack inflicts [{damage}:damage] [Physical] damage and [{duration}:duration] turns of [stun]	당신의 [생물:living] 아군이 근접 범위의 무작위 적을 공격한다\n공격은 [{damage}:damage]의 [물리:physical] 피해와 [{duration}:duration]턴의 [기절:stun]을 입힌다
Magic Missile	마법 미사일
Shield Burn	보호막 소각
Magic Missile removes all [SH:shields] from the target before dealing damage	"마법 미사일"은 피해를 입히기 전에 대상의 모든 [보호막:shields]을 제거한다
Disruption Bolt	방해의 화살
If Magic Missile targets an [Arcane] unit, it deals [Dark] and [Holy] damage instead of [Arcane]	"마법 미사일"이 [비전:arcane] 유닛을 대상으로 하면, [비전:arcane] 대신 [암흑:dark] 및 [신성:holy] 피해를 입힌다
Arcane Crossfire	비전 십자포화
When you cast Magic Missile, up to [{num_targets}:num_targets] additional missiles are fired by [Arcane] allies in line of sight of the target	"마법 미사일"을 시전하면, 대상의 시야 내의 [비전:arcane] 아군이 최대 [{num_targets}:num_targets]발의 추가 미사일을 발사한다
Ricochet	도탄
Magic Missile bounces up to [{num_targets}:num_targets] times to targets in range and line of sight of the target	"마법 미사일"은 대상의 사거리와 시야 내의 대상에게로 최대 [{num_targets}:num_targets]회 튕긴다
Deal [{damage}:damage] [Arcane] damage to the target	대상에게 [{damage}:damage]의 [비전:arcane] 피해를 입힌다
Devour Mind	정신 탐식
Horde Mode	호드 모드
Zombies raised by this spell can cast it on a 9 turn cooldown	이 주문으로 일으킨 좀비는 9턴 재사용 대기시간으로 이것을 시전할 수 있다
Arcane Drain	비전 흡수
If Devour Mind kills the target, regain a charge of a random [Arcane] spell	"정신 탐식"이 대상을 처치하면, 무작위 [비전:arcane] 주문의 사용 횟수를 1 회복한다
Gluttony	폭식
If Devour Mind kills the target, heal for half the target's max HP	"정신 탐식"이 대상을 처치하면, 대상의 최대 HP의 절반을 회복한다
Brain Freeze	뇌 빙결
Devour Mind also deals [Ice] damage\nIf the target lives, they are [frozen] for [{duration}:duration] turns\nAdditionally, each of their spells gains +[{duration}:duration] cooldown	"정신 탐식"은 [얼음:ice] 피해도 입힌다\n대상이 살아남으면 [{duration}:duration]턴 [빙결:frozen]된다\n또한 그 각 주문의 재사용 대기시간이 +[{duration}:duration]된다
Deal [{damage}:damage] [Arcane] and [Dark] damage to an enemy\nThen, if the target is below 50% HP, deal that damage again\nIf this kills the target, they are raised as a Zombie\nCan only target [Living], [Demon], and [Arcane] enemies	적에게 [{damage}:damage]의 [비전:arcane]과 [암흑:dark] 피해를 입힌다\n그 후 대상의 HP가 50% 미만이면 그 피해를 다시 입힌다\n이로 인해 대상이 죽으면 좀비로 되살아난다\n[생물:living], [악마:demon], [비전:arcane] 적만 대상으로 할 수 있다
Death Shock	죽음의 충격
Fire Shock	화염의 충격
Death Shock also deals [Fire] damage	"죽음의 충격"은 [화염:fire] 피해도 입힌다
Before dealing damage, removes all [SH:shields]	피해를 입히기 전에, 모든 [보호막:shields]을 제거한다
Shocking Momentum	충격의 기세
When Death Shock kills its target, its damage increases by 25% before moving to its next target	"죽음의 충격"이 대상을 처치하면, 다음 대상으로 이동하기 전에 피해가 25% 증가한다
Corpse Construct	시체 구조물
If Death Shock kills one or more units, summon a Corpse Construct that inherits the combined HP of the slain units	"죽음의 충격"이 하나 이상의 유닛을 처치하면, 처치된 유닛의 합산 HP를 물려받는 "시체 구조물"을 소환한다
Deal [{damage}:damage] [Lightning] and [Dark] damage to the target\nIf the target is slain, this effect bounces to another enemy within range of the slain unit	대상에게 [{damage}:damage]의 [번개:lightning]과 [암흑:dark] 피해를 입힌다\n대상이 죽으면 이 효과는 죽은 유닛의 사거리 내 다른 적에게 튄다
Melted Armor	융해된 방어구
White Flame	백색 화염
When you cast a [Fire] or [Chaos] spell other than Melt targeting an enemy, Melt is also cast at the target\nAlways Active	"융해" 이외의 [화염:fire] 또는 [혼돈:chaos] 주문을 적에게 시전하면, 대상에게도 "융해"가 시전된다\n항상 활성
Melting Point	융점
If you end your turn in range of a [frozen] or soaked enemy, cast Melt on them	[빙결:frozen] 또는 젖음 상태의 적의 사거리 내에서 턴을 종료하면, 그것에 "융해"를 시전한다
Melt	융해
Plasmify	플라스마화
Summon 2 Red Slimes when Melt kills its target	"융해"가 대상을 처치하면 붉은 슬라임 2마리를 소환한다
Mass Melt	집단 융해
Melt affects up to [{num_targets}:num_targets] enemies in a connected group	융해는 연결된 무리의 최대 [{num_targets}:num_targets]체의 적에게 작용한다
Target takes [{damage}:damage] [Fire] damage and loses [100 Physical:physical] resist	대상은 [{damage}:damage]의 [화염:fire] 피해를 받고 [100 물리:physical] 저항을 잃는다
Ironize	강철화
Ironized	강철화 상태
Gain [{resist} Physical:physical], [{resist} Fire:fire], and [{resist} Lightning:lightning] resist\nBecome [Metallic]	[{resist} 물리:physical], [{resist} 화염:fire], [{resist} 번개:lightning] 저항을 얻는다\n[금속:metallic]이 된다
Armor Plating	장갑판
Ironize also grants allies [2 SH:shields]	"강철화"는 아군에게 [보호막 2개:shields]도 부여한다
Permanent Transmutation	영구 변성
Ironize gains a permanent duration	"강철화"는 영구 지속 시간을 얻는다
Arcane Insulation	비전 절연
Ironize also grants [50 Arcane:arcane] resist	"강철화"는 [50 비전:arcane] 저항도 부여한다
Jagged Armor	들쭉날쭉한 방어구
Ironized allies also gain the Jagged Armor buff, which inflicts [{duration}:duration] turns of [bleed] on melee attackers	강철화 상태인 아군은 "들쭉날쭉한 방어구" 강화 효과도 얻으며, 이는 근접 공격자에게 [{duration}:duration]턴의 [출혈:bleed]을 부여한다
Allies gain [{resist} Physical:physical] resist, [{resist} Fire:fire] resist, and [{resist} Lightning:lightning] resist and become [Metallic]\nLasts [{duration}:duration] turns	아군은 [{resist} 물리:physical] 저항, [{resist} 화염:fire] 저항, [{resist} 번개:lightning] 저항을 얻고 [금속:metallic]이 된다\n[{duration}:duration]턴 동안 지속된다
Recast {spell} in {val} turns	{val}턴 후에 "{spell}"을(를) 다시 시전한다
Death Tax	죽음의 세금
When an enemy dies, all enemies of the same name lose 10% of their current and max HP\nAlways Active	적이 죽으면, 같은 이름의 모든 적이 현재 HP와 최대 HP의 10%를 잃는다\n항상 활성
Word of Undeath	불사의 주문
[Undead] units have their current and maximum HP doubled\nOther units lose half their current and maximum HP\nDoes not affect the caster	[언데드:undead] 유닛은 현재 HP와 최대 HP가 2배가 된다\n다른 유닛은 현재 HP와 최대 HP의 절반을 잃는다\n시전자에게는 영향을 미치지 않는다
Word of Chaos	혼돈의 주문
Teleport each enemy to random tiles\nThey are randomly [stunned], [berserked], or [feared] for [{duration}:duration] turns\nDeal [{damage}:damage] [Lightning] damage to all [Fire] enemies\nDeal [{damage}:damage] [Fire] damage to all [Lightning] enemies\nEnemy [Constructs:construct] lose all [Physical] resistance and take [{damage}:damage] [Physical] damage	각 적을 무작위 칸으로 순간이동시킨다\n그들은 [{duration}:duration]턴 동안 무작위로 [기절:stun], [광폭화:berserk] 또는 [공포:fear] 상태가 된다\n모든 [화염:fire] 적에게 [{damage}:damage]의 [번개:lightning] 피해를 입힌다\n모든 [번개:lightning] 적에게 [{damage}:damage]의 [화염:fire] 피해를 입힌다\n적 [구조물:construct]은 모든 [물리:physical] 저항을 잃고 [{damage}:damage]의 [물리:physical] 피해를 받는다
Unmarred Beauty	흠 없는 아름다움
Lost when you take damage or pay HP	피해를 입거나 HP를 지불하면 사라진다
Word of Beauty	아름다움의 주문
Word of Madness	광기의 주문
[Berserk] all units except the caster for [{duration}:duration] turns\nDeal [Dark] damage to all [Constructs:construct] equal to half their max HP\nFully heal all [Demon] and [Arcane] units	시전자를 제외한 모든 유닛을 [{duration}:duration]턴 동안 [광폭화:berserk]시킨다\n모든 [구조물:construct]에게 최대 HP의 절반에 해당하는 [암흑:dark] 피해를 입힌다\n모든 [악마:demon]와 [비전:arcane] 유닛을 완전히 회복시킨다
Inevitable Decay	불가피한 붕괴
Curse Harvester	저주의 수확자
When a unit dies, heal 1 HP for each debuff they had\nAlways Active	유닛이 죽으면, 그것이 가졌던 약화 효과 하나마다 HP를 1 회복한다\n항상 활성
Litany of Curses	저주의 연도
Each turn spent channeling this spell inflicts [{duration}:duration] turns of a debuff on each enemy, along with a fresh stack of each of the previous debuffs\nIf you complete the ritual, up to [{num_targets}:num_targets] of each enemy's debuffs will be made permanent\nThe debuffs are applied in the following order:\n[Poison], [bleed], [necrosis], [berserk], [hemorrhage], [silence]	이 주문을 지속 시전하는 각 턴, 각 적에게 [{duration}:duration]턴의 약화 효과를, 이전 각 약화 효과의 새 중첩과 함께 부여한다\n의식을 완료하면 각 적의 약화 효과 중 최대 [{num_targets}:num_targets]개가 영구화된다\n약화 효과는 다음 순서로 부여된다:\n[중독:poison], [출혈:bleed], [괴사:necrosis], [광폭화:berserk], [과다 출혈:hemorrhage], [침묵:silence]
Eye for an Eye	눈에는 눈
When an enemy damages you for the first time, summon your Floating Eye nearby\n(Once per enemy)	적이 처음으로 당신에게 피해를 입히면, 근처에 당신의 "부유하는 눈" 주문을 시전하여 부유하는 안구를 소환한다\n(적마다 1회)
Floating Eye	부유하는 눈
Floating Eyeball can cast your Petrify on a 3 turn cooldown	부유하는 안구는 3턴 재사용 대기시간으로 당신의 "석화"를 시전할 수 있다
Eyemage	눈의 마법사
Floating Eyeball can cast your other level 2 [Eye] spells on 15 turn cooldowns	부유하는 안구는 15턴 재사용 대기시간으로 당신의 다른 레벨 2 [눈:eye] 주문을 시전할 수 있다
Floating Eyeball gains [2 SH:shields] per turn	부유하는 안구는 턴마다 [보호막 2개:shields]를 얻는다
Summon a temporary Floating Eyeball	일시적인 부유하는 안구를 소환한다
Arc Lightning	아크 방전
Multi Flash	멀티 플래시
Proton Storm	양성자 폭풍
Arc Lightning deals [{damage}:damage] [Arcane] damage to units in line of sight of each arc target	"아크 방전"은 각 대상의 시야 내 유닛에게 [{damage}:damage]의 [비전:arcane] 피해를 입힌다
Arc Lightning heals allies instead of damaging them	"아크 방전"은 아군에게 피해를 입히는 대신 회복시킨다
Arc Welder	아크 용접기
When Arc Lightning begins at or arcs to a unit, cast Immolate on them\nIf it's a [Metallic] unit, also cast Magnetize on it	"아크 방전"이 유닛에서 시작되거나 유닛으로 호를 그리면, 그것에게 "화형"을 시전한다\n[금속:metallic] 유닛이면, "자화"도 시전한다
Lightning arcs to [{num_targets}:num_targets] enemies in line of sight of the target tile\nEach arc deals [{damage}:damage] [Lightning] damage in a beam\nThen, this process repeats once for half damage, originating from each arc target	번개가 대상 칸의 시야 내의 [{num_targets}:num_targets]체의 적에게로 호를 그린다\n각 호는 광선으로 [{damage}:damage]의 [번개:lightning] 피해를 입힌다\n그 후, 이 과정이 각 호의 대상을 기점으로 절반의 피해로 1회 반복된다
Stinging Rebuke	쏘는 질책
Each turn, cast Poison Sting on up to [2:num_targets] enemies in line of sight who dealt damage to you	턴마다 당신에게 피해를 입힌 시야 내의 최대 [2:num_targets]명의 적에게 "독 침"을 시전한다
Each turn, cast Poison Sting on up to [{num}:num_targets] enemies in line of sight who dealt damage to you\nAlways Active	턴마다 당신에게 피해를 입힌 시야 내의 최대 [{num}:num_targets]명의 적에게 "독 침"을 시전한다\n상시 발동
Acidity	산성
Applies [Acidified:poison] to the target, reducing [Poison] resist by 100%	대상에게 [산성화:poison]를 부여하여 [독:poison] 저항을 100% 감소시킨다
Silk Shot	비단실 사격
Immobilizes target and creates Webs in a line to the target\nUnits in the line are immobilized for [{duration}:duration] turns\nWebs immobilize non-[Spider] units that enter them for one turn	대상을 속박하고, 대상까지의 직선상에 거미줄을 생성한다\n직선상의 유닛은 [{duration}:duration]턴 동안 속박된다\n거미줄은 그것에 들어온 [거미:spider]가 아닌 유닛을 1턴 동안 속박한다
Stinger Barrage	독침 탄막
Hits every [poisoned] enemy within [{radius}:radius] tiles of the target	대상의 [{radius}:radius]칸 이내의 모든 [중독:poisoned] 적을 명중한다
Deal [{damage}:damage] [Physical] damage to the target\nApplies [{duration}:duration] turns of [poison]	대상에게 [{damage}:damage]의 [물리:physical] 피해를 입힌다\n[중독:poison] [{duration}:duration]턴을 부여한다
Wildfire	들불
Fan of Flames	화염의 부채
Roaring Flames	맹렬한 화염
Healing Hearthfire	치유의 화롯불
Fan of Flames heals allies instead of damaging them	"화염의 부채"는 아군에게 피해를 입히는 대신 회복시킨다
Fan of Frostfire	서리불꽃의 부채
Fan of Flames also deals [Ice] damage	"화염의 부채"는 [얼음:ice] 피해도 입힌다
Fan of Flames gains 1 [range] for each enemy it kills until you stop channeling it	"화염의 부채"는 지속 시전을 멈출 때까지 처치한 적 1체마다 [사거리:range]를 1 얻는다
Deal [{damage}:damage] [Fire] damage in a cone each turn\nThis spell can be channeled for up to [{max_channel}:max_channel] turns	턴마다 부채꼴로 [{damage}:damage]의 [화염:fire] 피해를 입힌다\n이 주문은 최대 [{max_channel}:max_channel]턴 동안 지속 시전할 수 있다
Lion Saviors	사자 구원자
The first time you fall below 50% HP each level, cast Blue Lion [{num_summons}:num_summons] times nearby	각 레벨에서 처음으로 HP가 50% 미만이 될 때, 근처에 "푸른 사자"를 [{num_summons}:num_summons]회 시전한다
Holy Bolt	신성한 화살
Blue Lion gains a ranged [{minion_range}:minion_range] [Holy] attack	"푸른 사자"는 [{minion_range}:minion_range]의 원거리 [신성:holy] 공격을 얻는다
Shimmermane	반짝이는 갈기
Blue Lion can cast your Healing Light on a 7 turn cooldown	"푸른 사자"는 7턴의 재사용 대기시간으로 당신의 "치유의 빛"을 시전할 수 있다
Summon Lamasu	라마수를 소환
Instead of a Blue Lion, summon a Lamasu	"푸른 사자" 대신 라마수를 소환한다
Blue Lion Bolt	푸른 사자의 화살
Summon a Blue Lion	"푸른 사자"를 소환
Death Cleave	죽음의 절단
Marked for Death	죽음의 표식
Death Bounty	죽음의 현상금
When this unit dies, cast Death Cleave again for free	이 유닛이 죽으면, "죽음의 절단"을 다시 무료로 시전한다
Lightning Cleave	번개 베기
Your [Lightning] spells and equipment gain the following bonuses:\n+100% [num targets:num_targets]\n+100% [radius:radius]	당신의 [번개:lightning] 주문과 장비가 다음 보너스를 얻는다:\n+100% [대상 수:num_targets]\n+100% [반경:radius]
Cleaving Whirlwind	쪼개는 회오리
When your spell kills its primary target, attempt to teleport to that location	당신의 주문이 주 대상을 처치하면, 그 위치로 순간이동을 시도한다
Execution Ledger	처형 장부
When you cast this spell, a random enemy gains the [Death Bounty:dark] debuff\nWhen they die, cast Death Cleave again for free	이 주문을 시전하면, 무작위 적이 [죽음의 현상금:dark] 약화 효과를 얻는다\n그것이 죽으면, "죽음의 절단"을 다시 무료로 시전한다
If a spell you manually cast on an enemy fails to kill its target, summon a Reaper near their location\nThe Reaper will disappear if the marked target dies	적에게 수동으로 시전한 주문이 대상을 처치하지 못하면, 그 위치 근처에 사신을 소환한다\n표시된 대상이 죽으면 사신은 사라진다
When a spell you cast kills its target, that spell is recast on a random valid enemy target\nLasts [{duration}:duration] turns	당신이 시전한 주문이 대상을 처치하면, 그 주문이 유효한 무작위 적 대상에게 재시전된다\n[{duration}:duration]턴 동안 지속된다
Cantrip Cascade	캔트립 연쇄
Relentless Cascade	가차없는 연쇄
Cantrip Burst	캔트립 작렬
Instead of a cone, Cantrip Cascade affects tiles in a [{radius}:radius] tile burst	"캔트립 연쇄"는 원뿔 대신 [{radius}:radius]칸 범위의 칸에 작용한다
Triple Tap	트리플 탭
One of your cantrips is selected to be cast 3 times instead of only once per enemy	당신의 캔트립 중 하나가 적마다 1회가 아닌 3회 시전되도록 선택된다
Evocation Amalgamation	환기의 융합체
Cantrip Cascade also casts a random level 2 [Sorcery] spell you know on each affected unit	"캔트립 연쇄"는 영향을 받은 각 유닛에게 당신이 익힌 무작위 레벨 2 [마법:sorcery] 주문도 시전한다
Cast each of your level 1 ranged [Sorcery] spells on each enemy in a cone	당신의 레벨 1 원거리 [마법:sorcery] 주문들을 부채꼴 안의 각 적에게 각각 시전한다
Preparedness	대비
Cast Multicast at the beginning of each level	각 레벨 시작 시 "멀티캐스트"를 시전한다
When you manually cast {spell}, cast it again for free	"{spell}"을(를) 수동으로 시전하면, 무료로 다시 시전한다
Multicast	멀티캐스트
When you manually cast a [Sorcery] spell, cast it again for free	[마법:sorcery] 주문을 수동으로 시전하면, 다시 무료로 시전한다
Spell Weaving	주문 직조
Multicast grants your non [Sorcery] spells quick cast	"멀티캐스트"는 당신의 [마법:sorcery] 외 주문에 빠른 시전을 부여한다
Echo Mage	반향 마도사
Multicast copies your [Sorcery] spells an additional time	"멀티캐스트"는 당신의 [마법:sorcery] 주문을 추가로 1회 복제한다
Multi Mastery	다중 숙련
When you cast this spell, one of your [Sorcery] spells is selected at random\nUntil the end of the level, manually casting that spell will cast it again for free\nThis is independent of and stacks with the normal Multicast buff	이 주문을 시전하면, 당신의 [마법:sorcery] 주문 중 하나가 무작위로 선택된다\n레벨이 끝날 때까지, 그 주문을 수동으로 시전하면 다시 무료로 시전된다\n이는 일반 "멀티캐스트" 강화 효과와 독립적이며 중첩된다
When you manually cast a [Sorcery] spell, cast it again for free\nLasts [{duration}:duration] turns	[마법:sorcery] 주문을 수동으로 시전하면, 다시 무료로 시전한다\n[{duration}:duration]턴 동안 지속된다
Fae Court	요정의 궁정
Fae Protection	요정의 수호
When you cast this spell, the summoned Faeries cast your Arcane Warding on themselves	이 주문을 시전하면, 소환된 페어리가 자신에게 "비전 수호"를 시전한다
Winter Faery	겨울 요정
Summon Winter Faeries instead\nWinter Faeries can cast your Freeze spell on a 5 turn cooldown	대신 겨울 요정을 소환한다\n겨울 요정은 5턴 재사용 대기시간으로 당신의 "빙결" 주문을 시전할 수 있다
Gardeners	정원사들
Faeries can cast your Psychic Seedling spell on a 10 turn cool down	요정은 10턴 재사용 대기시간으로 당신의 "정신의 묘목" 주문을 시전할 수 있다
Summon Queen	여왕을 소환
Summon a Fae Queen in addition to the Faeries\nIf you have the Winter Faery upgrade as well, summons a Winter Fae Queen instead, which can cast your Blizzard spell on a 15 turn cooldown	요정에 더해 요정 여왕을 소환한다\n"겨울 요정" 강화도 가지고 있으면, 대신 겨울 요정 여왕을 소환하며, 이는 15턴 재사용 대기시간으로 당신의 "눈보라" 주문을 시전할 수 있다
Summon [{num_summons}:num_summons] temporary Faeries near the caster	시전자 근처에 일시적인 페어리를 [{num_summons}:num_summons]마리 소환한다
Winter Fae Queen	겨울 요정 여왕
Spirit Bind	정령 속박
Slain enemies are raised as temporary Holy Ghosts	처치된 적은 일시적인 신성 유령으로 일으켜진다
Affected allies gain [2 SH:shields]	영향을 받은 아군은 [보호막 2개:shields]를 얻는다
Judgement	심판
Holy Blast deals double damage to enemies at full health	신성한 작렬은 최대 HP인 적에게 2배의 피해를 입힌다
Immolating Blast	화형 폭발
Casting Heavenly Blast on an enemy also casts Immolate on them	적에게 "천계의 작렬"을 시전하면, 그 적에게 "화형"도 시전한다
Deal [{damage}:damage] [Holy] damage in a beam and in a [{radius}:radius] tile burst around the target\nAllies are healed instead of damaged	광선과 대상 주위 [{radius}:radius]칸 범위에 [{damage}:damage]의 [신성:holy] 피해를 입힌다\n아군은 피해 대신 회복된다
Tithe Of The Fallen	타락한 자의 공물
When a [Holy] ally dies, regain a charge of Holy Fire	[신성:holy] 아군이 죽으면, "신성한 불꽃"의 사용 횟수를 1 회복한다
Holy Fire	신성한 불꽃
Holy Smite	신성한 응징
Holy Fire also deals [Lightning] damage to its target	"신성한 불꽃"은 대상에게 [번개:lightning] 피해도 입힌다
Divine Blaze	신성한 화염
Casting Holy Fire also casts Blazerip on the target	"신성한 불꽃"을 시전하면 대상에게 "화염 폭렬"도 시전한다
Heaven Call	천계의 부름
When Holy Fire kills its target, cast Call Seraph where it died	"신성한 불꽃"이 대상을 처치하면, 죽은 자리에 "세라프 소환"을 시전한다
Deal [{damage}:damage] [Fire] damage in a vertical line\nDeal [{damage}:damage] [Holy] damage in a horizontal line\n[Stun] affected [Demon] and [Undead] units for [{duration}:duration] turns	수직 직선에 [{damage}:damage]의 [화염:fire] 피해를 입힌다\n수평 직선에 [{damage}:damage]의 [신성:holy] 피해를 입힌다\n영향받은 [악마:demon]와 [언데드:undead] 유닛을 [{duration}:duration]턴 [기절:stun]시킨다
Choir of Angels	천사의 합창대
Song of Salvation	구원의 노래
When an Angelic Singer would heal an ally, it removes a debuff first	천사의 가수가 아군을 회복하려 할 때, 먼저 약화 효과를 하나 제거한다
Unending Song	끝나지 않는 노래
Angelic Singers reincarnate once on death	천사의 가수는 사망 시 1번 환생한다
Massive Chorus	거대한 합창
Dual Angels	쌍둥이 천사
Angelic Singers gain the [Dark] tag and can cast your Death Bolt on a 4 turn cooldown\nTheir song now only damages enemies	천사의 가수는 [암흑:dark] 태그를 얻고 4턴 재사용 대기시간으로 당신의 "죽음의 화살"을 시전할 수 있다\n그들의 노래는 이제 적에게만 피해를 입힌다
Summon [{num_summons}:num_summons] temporary Angelic Singers	일시적인 천사의 가수를 [{num_summons}:num_summons]마리 소환한다
Heaven's Wrath	천상의 분노
Culling	도태
Heaven's Wrath also damages the units with the lowest current HP	"천상의 분노"는 현재 HP가 가장 낮은 유닛에게도 피해를 입힌다
Halt Heretics	이단자 정지
Heaven's Wrath also [stuns] affected units for [{duration}:duration] turns	"천상의 분노"는 영향을 받은 유닛을 [{duration}:duration]턴 동안 [기절:stun]시키기도 한다
Fiery Wrath	화염의 분노
Heaven's Wrath also deals [Fire] damage	"천상의 분노"는 [화염:fire] 피해도 입힌다
Heaven's Promise	천상의 약속
Cast Seal Fate on units which survive the damage from Heaven's Wrath	"천상의 분노"의 피해에서 살아남은 유닛에게 "운명을 봉인하기"를 시전한다
Deal [{damage}:damage] [Lightning] and [Holy] damage to the [{num_targets}:num_targets] enemies with the highest current HP	현재 HP가 가장 높은 [{num_targets}:num_targets]명의 적에게 [{damage}:damage]의 [번개:lightning]과 [신성:holy] 피해를 입힌다
Regenerates {heal} HP per turn	턴마다 HP {heal}을 재생한다
Suspend Mortality	죽음의 정지
Mortality Deferred	유예된 죽음
Cleanses all debuffs from the target and grants them a stacking regeneration effect that heals 1 HP each turn\nThis buff persists across reincarnations	대상의 모든 약화 효과를 정화하고, 턴마다 HP 1을 회복하는 중첩되는 재생 효과를 부여한다\n이 강화 효과는 환생을 넘어 지속된다
Twilight Essence	황혼의 정수
Affected unit gains the [Holy] and [Undead] tags along with 100% [Holy] and [Dark] resist	영향을 받은 유닛은 [신성:holy]과 [언데드:undead] 태그, 그리고 100% [신성:holy]과 [암흑:dark] 저항을 얻는다
Endlessness	무한
Grants 3 reincarnations instead of just 1	1회가 아닌 3회의 환생을 부여한다
Mass Immortality	집단 불사
Allies with the same name as the target are also affected	대상과 같은 이름의 아군도 영향을 받는다
Soul Debt	영혼의 빚
Any healing is redirected to the inflictor	모든 회복이 가해자에게 전환된다
Soul Tax	영혼세
Arcane Taxation	비전 과세
Soul Tax deals an additional third of the target's remaining HP as [Arcane] damage	"영혼세"는 대상의 남은 HP의 3분의 1을 추가로 [비전:arcane] 피해로 입힌다
Insta Tax	즉시 과세
Soul Tax gains quickcast	"영혼세"가 빠른 시전을 얻는다
Mass Taxation	집단 과세
Affects a connected group of enemies	연결된 무리의 적에게 작용한다
Soul Tax inflicts the [Soul Debt:blood] debuff\n[Soul Debt:blood] redirects healing from the cursed unit to you	"영혼세"는 [영혼의 빚:blood] 약화 효과를 부여한다\n[영혼의 빚:blood]에 걸린 유닛이 받을 회복을 당신이 대신 받는다
Deal damage to the target equal to one third of its HP as [Holy] damage, and then one third of its remaining HP as [Dark] damage\nHeals the caster for the damage dealt	대상에게 그 HP의 3분의 1을 [신성:holy] 피해로, 그 다음 남은 HP의 3분의 1을 [암흑:dark] 피해로 입힌다\n입힌 피해만큼 시전자를 회복시킨다
Blinding Light	눈부신 빛
Halting Light	정지의 빛
[Stuns] affected enemies for [{duration} turn:duration] turns	영향을 받은 적을 [{duration}턴:duration] 동안 기절시킨다
Searing Light	작열의 빛
Blinding Light also deals [{damage}:damage] [Fire] damage to enemies in line of sight	"눈부신 빛"은 시야 내의 적에게 [{damage}:damage] [화염:fire] 피해도 입힌다
Blinding Light gains quickcast	"눈부신 빛"이 빠른 시전을 얻는다
Angelic Visions	천사의 환영
For every 100 damage dealt by a single cast of Blinding Light, cast your Choir of Angels spell	"눈부신 빛" 1회 시전으로 입힌 피해 100마다 당신의 "천사의 합창대" 주문을 시전한다
[Blind] units in line of sight of the caster for [{duration}:duration] turns\nDeal [{damage}:damage] [Holy] damage to affected [Undead] and [Demon] units	시전자의 시야 내 유닛을 [{duration}:duration]턴 동안 [실명:blind]시킨다\n영향을 받은 [언데드:undead]와 [악마:demon] 유닛에게 [{damage}:damage]의 [신성:holy] 피해를 입힌다
Flock of Eagles	독수리 무리
Shielded Eagles	보호막을 두른 독수리
Untouchable Majesty	닿을 수 없는 위광
Eagles deal 10 [Holy] damage to enemies that damage them	독수리는 자신에게 피해를 입히는 적에게 [신성:holy] 피해를 10 입힌다
Thunder Claw	천둥 발톱
Summon a Flock of Thunder Birds instead, which can cast your Thunder Strike on a 15 turn cool down	대신 썬더버드 무리를 소환하며, 이는 15턴 재사용 대기시간으로 당신의 "천둥 일격"을 시전할 수 있다
Army of Eagles	독수리 군대
Summon [{num_summons}:num_summons] Eagles nearby	근처에 [{num_summons}:num_summons]마리의 독수리를 소환한다
Beauty	아름다움
Deals 1 [Holy] damage to enemies in line of sight\nHeals allies in line of sight for 1 HP	시야 내의 적에게 1의 [신성:holy] 피해를 입힌다\n시야 내의 아군을 1 HP 회복시킨다
Shield Gaze	보호막 시선
Set the SH of a unit with less than 4 SH to 4 SH	보호막이 4개 미만인 유닛의 보호막을 4개로 만든다
Heavenly Idol	천계의 우상
Lonely Idol	외로운 우상
If there are no units in the idol's line of sight at the end of its turn, it will teleport to a random location	우상의 턴 종료 시 시야 내에 유닛이 없으면, 무작위 위치로 순간이동한다
Fire Gaze	화염의 시선
Heavenly Idol gains a [{minion_damage}:minion_damage] damage, [{minion_range}:minion_range] range, [Fire] attack	천상의 우상은 [{minion_damage}:minion_damage] 피해, [{minion_range}:minion_range] 사거리의 [화염:fire] 공격을 얻는다
Heavenly Idol gains Shield Gaze, which sets the [SH:shields] of an ally with less than [4 SH:shields] to [4 SH:shields]	천상의 우상은 "보호막 시선"을 얻으며, 이는 [보호막 4개:shields] 미만인 아군의 [보호막:shields]을 [보호막 4개:shields]로 설정한다
Bastion of Immortality	불멸의 요새
Heavenly Idol can cast your Suspend Mortality on a 5 turn cooldown\nCannot target the Wizard	천상의 우상은 5턴 재사용 대기시간으로 당신의 "죽음의 정지"를 시전할 수 있다\n마법사를 대상으로 할 수 없다
Summon a Heavenly Idol	천계의 우상을 소환
Immortal Dragon	불사의 용
Gold Drake will reincarnate 3 times	황금 드레이크는 3회 환생한다
Dragon Saint	용 성자
Gold Drake deals [{minion_damage}:minion_damage] [Holy] damage to enemies that damage it	황금 드레이크는 자신에게 피해를 입히는 적에게 [{minion_damage}:minion_damage]의 [신성:holy] 피해를 입힌다
Gold Drakes can cast your Healing Light on an 8 turn cooldown	황금 드레이크는 8턴 재사용 대기시간으로 당신의 "치유의 빛"을 시전할 수 있다
Treasure Seekers	보물 탐색자
If you cast this spell targeting a Component or a Memory Orb, it is added to your inventory as though you had picked it up\nIf it was a Component with an On Pickup effect, that effect is also applied to the drake	이 주문을 부품 또는 기억의 구슬을 대상으로 시전하면, 주운 것처럼 인벤토리에 추가된다\n그것이 획득 시 효과를 가진 부품이었다면, 그 효과는 드레이크에게도 적용된다
Summon a Gold Drake	황금 드레이크를 소환
Flaming Sword	불타는 검
Call Seraph	세라프 소환
Quickened Seraphs	가속된 세라프
The Seraphs gain [quickstep:translocation]	세라프는 [빠른 이동:translocation]을 얻는다
Moonblade	달의 칼날
The Seraphs' cleave attack also deals [Arcane] damage	세라프의 베기 공격은 [비전:arcane] 피해도 입힌다
The Seraphs heal allies within [{radius}:radius] tiles for 4 HP each turn	세라프는 매 턴 [{radius}:radius]칸 이내의 아군의 HP를 4 회복시킨다
Holy Fire Aura	신성한 불꽃 오라
The Seraphs gain a damage aura, dealing [{minion_damage}:minion_damage] [Fire] or [Holy] damage to enemies within [{radius}:radius] tiles each turn	세라프는 피해 오라를 얻어, 매 턴 [{radius}:radius]칸 이내의 적에게 [{minion_damage}:minion_damage]의 [화염:fire] 또는 [신성:holy] 피해를 입힌다
Summon a temporary Seraph	일시적인 세라프를 소환한다
Seraph	세라프
Beam attack\nAllies gain [1 SH:shields] instead	광선 공격\n아군은 대신 [보호막 1개:shields]를 얻는다
Call Archon	아콘 소환
Flood Heralds	홍수의 전령
The Archon's beam summons [Rain Clouds:nature] on affected tiles	아콘의 광선은 영향을 받은 칸에 [비구름:nature]을 소환한다
Healing Beam	회복 광선
The Archon's beam also heals allies it passes through	아콘의 광선은 통과한 아군도 회복시킨다
Beam Arc	광선 호
The Archon's beam arcs once to an enemy in line of sight of its target	아콘의 광선은 대상의 시야 내 적에게 한 번 호를 그린다
Storm Archon	폭풍 아콘
Archons gain the [Ice] tag, [50% Ice:ice] resist, and their beam also deals [Ice] damage	아콘은 [얼음:ice] 태그, [50% 얼음:ice] 저항을 얻고, 그들의 광선은 [얼음:ice] 피해도 입힌다
Summon a temporary Archon	일시적인 아콘을 소환한다
Archon	아콘
Pain Mirror	고통의 거울
When you take damage or spend HP, deal that much [Dark] damage to enemies in line of sight	피해를 받거나 HP를 소비하면, 그만큼의 [암흑:dark] 피해를 시야 내의 적에게 입힌다
Dealt:\n {dealt} / 30	입힌 수:\n {dealt} / 30
Pain Seeker	고통을 좇는 자
Casting Pain Mirror also grants [quickstep:translocation] for the same duration	"고통의 거울"을 시전하면, 같은 지속 시간의 [빠른 이동:translocation]도 부여한다
Illusory Pain	환영의 아픔
Pain Mirror's outgoing damage is based on pre-resistance values, rather than actual damage taken	"고통의 거울"의 출력 피해는 실제로 받은 피해가 아니라 저항 적용 전 수치를 기반으로 한다
Burning Pain	타오르는 고통
Pain Mirror also deals [Fire] damage	"고통의 거울"은 [화염:fire] 피해도 입힌다
Spirits of Pain	고통의 정령
For every 30 damage dealt by Pain Mirror, summon a temporary Pain nearby	"고통의 거울"로 입힌 피해 30마다 근처에 일시적 고통을 소환한다
When you take damage or spend HP, deal that much [Dark] damage to enemies in your line of sight\nLasts [{duration}:duration] turns	피해를 받거나 HP를 소모하면, 시야 내의 적에게 그만큼의 [암흑:dark] 피해를 입힌다\n[{duration}:duration]턴 지속된다
Pyrostatic Pulse	화염 정전기의 맥동
Chaos Pulse	혼돈의 맥동
Pyrostatic Pulse gains a [Physical] damage outer layer	"화염 정전기의 맥동"은 [물리:physical] 피해 외층을 얻는다
Unstoppable Pulse	멈출 수 없는 맥동
Forking Cascade	갈라지는 연쇄
Secondary pulses trigger from the target to up to [{num_targets}:num_targets] random enemies in line of sight of the target	대상으로부터 대상의 시야 내 최대 [{num_targets}:num_targets]명의 무작위 적에게 이차 파동이 발동한다
Spirit Calling	정령 소환
Summons Fire Spirits for units killed by the [Fire] beam, and Spark Spirits for those killed by the [Lightning] beams\nIf you have the Chaos Pulse upgrade, any units killed by this spell summon Chaos Spirits instead	[화염:fire] 광선으로 처치된 유닛에는 화염의 정령을, [번개:lightning] 광선으로 처치된 유닛에는 스파크 정령을 소환한다\n"혼돈의 맥동" 강화를 가지고 있으면, 이 주문으로 처치된 모든 유닛은 대신 혼돈의 정령을 소환한다
Deal [{damage}:damage] [Fire] damage in a beam\nDeal [{damage}:damage] [Lightning] damage to tiles adjacent to the beam	광선으로 [{damage}:damage]의 [화염:fire] 피해를 입힌다\n광선에 인접한 칸에 [{damage}:damage]의 [번개:lightning] 피해를 입힌다
Retributive Siphon	응보의 흡수
If a shielded unit damages you, steal one of their shields\nAlways Active	보호막을 가진 유닛이 당신에게 피해를 입히면 그들의 보호막을 1개 훔친다\n상시 발동
Siphon Shields	보호막 흡수
Deal [{damage}:damage] [Fire] damage for each shield stolen	훔친 보호막 하나마다 [{damage}:damage]의 [화염:fire] 피해를 입힌다
Ocular Lensing	안구 렌즈화
After casting Siphon Shields, your [Eye] spells get a 10% [damage] bonus for each [SH:shields] you have\nThis bonus lasts until your shields are completely removed or you cast this spell again	"보호막 흡수"를 시전한 후, 보유한 [보호막:shields] 1개마다 [눈:eye] 주문이 10%의 [피해:damage] 보너스를 얻는다\n이 보너스는 보호막이 완전히 제거되거나 이 주문을 다시 시전할 때까지 지속된다
Steal up to [{shield_steal} SH:shields] from all enemies in line of sight	시야 내의 모든 적으로부터 최대 [보호막 {shield_steal}개:shields]를 빼앗는다
Gnashing Teeth	물어뜯는 이빨
Hungry Maw gains a [Physical] melee attack which hits [{num_targets}:num_targets] times	굶주린 아가리는 [{num_targets}:num_targets]회 명중하는 [물리:physical] 근접 공격을 얻는다
Invincible Maw	무적의 아가리
Void Maw	공허의 아가리
Hungry Maws gain a wall melting, [Arcane] beam attack on a 3 turn cooldown	굶주린 아가리는 3턴 재사용 대기시간으로 벽을 녹이는 [비전:arcane] 광선 공격을 얻는다
Chasm Dweller	심연의 거주자
Hungry Maws summoned over chasms are permanent, rather than temporary	심연 위에 소환된 굶주린 아가리는 일시적이 아니라 영구적이 된다
Summon a temporary Hungry Maw	일시적인 "굶주린 아가리"를 소환한다
Shrapnel Blast	파편탄 폭발
Slicing Shrapnel	베어내는 파편탄
Shrapnel Blast shards inflict [{duration}:duration] turns of [bleed]	"파편탄 폭발"의 파편은 [{duration}:duration]턴의 [출혈:bleed]을 부여한다
Chain Blast	연쇄 작렬
The shrapnel can penetrate and destroy walls\nIf it would destroy a wall besides the initial target, there is a 25% chance to cast Shrapnel Blast on that wall	파편은 벽을 관통하고 파괴할 수 있다\n최초 대상 외의 벽을 파괴하게 되면, 그 벽에 "파편탄 폭발"을 시전할 25% 확률이 있다
Magnetized Shards	자화된 파편
The shrapnel shards always target enemies if possible	파편 조각은 가능하면 항상 적을 대상으로 한다
Remote Detonation	원격 기폭
Shrapnel Blast can be used to detonate [Metallic] and [Construct] allies in addition to walls\nDetonating a unit kills it, and increases the damage of the initial blast by its max HP	"파편탄 폭발"은 벽에 더해 [금속:metallic]과 [구조물:construct] 아군을 기폭할 수 있다\n유닛을 기폭하면 그것을 처치하고, 최초 폭발의 피해를 그 최대 HP만큼 증가시킨다
Detonate target wall tile\nThe initial explosion deals [{damage}:damage] [Fire] damage to adjacent tiles\nThen, [{num_targets}:num_targets] shards deal [{damage}:damage] [Physical] damage to random tiles within [{radius}:radius] tiles	대상 벽 칸을 폭파한다\n최초 폭발은 인접한 칸에 [{damage}:damage]의 [화염:fire] 피해를 입힌다\n그 후 [{num_targets}:num_targets]개의 파편이 [{radius}:radius]칸 이내의 무작위 칸에 [{damage}:damage]의 [물리:physical] 피해를 입힌다
Deal {dmg} {dtype} damage each turn	턴마다 {dmg}의 {dtype} 피해를 입힌다
Tormentor's Brand	고문관의 낙인
Dealing damage to an enemy brands them, causing them to take 1 [Dark] damage each turn	적에게 피해를 입히면 낙인을 찍어 턴마다 [암흑:dark] 피해를 1 받게 한다
Tithes of Torment	고통의 공물
Heal 1 HP when your [Demon] allies deal damage\nAlways Active	아군 [악마:demon]가 피해를 입힐 때마다 플레이어의 HP가 1 회복된다\n상시 적용
Summon a Frostfire Tormentor instead	대신 "서리불꽃의 고문자"를 소환한다
Torturer's Brand	고문자의 낙인
When the tormentor damages enemies it inflicts the Tormentor's Brand debuff\nTormentor's Brand deals 1 [Dark] damage each turn	고문자가 적에게 피해를 입히면 고문관의 낙인 약화 효과를 부여한다\n고문관의 낙인은 매 턴 1의 [암흑:dark] 피해를 입힌다
Tormenting Mass	고통의 덩어리
Summon a Fiery Tormenting Mass instead\nIf you also have the Frostfire Tormentor upgrade, summon a Frostfire Tormenting Mass instead	대신 화염 고문의 덩어리를 소환한다\n"서리불꽃의 고문자" 강화도 가지고 있으면, 대신 서리불꽃 고문의 덩어리를 소환한다
Summon a Fiery Tormentor	"화염의 고문자"를 소환
Dispersion Field	확산 장
Each turn, teleport [{num_targets}:num_targets] enemies in a [{radius}:radius] tile radius to random locations on the map	턴마다 [{radius}:radius]칸 반경 내의 적 [{num_targets}:num_targets]체를 지도상의 무작위 위치로 순간이동시킨다
\nTeleported enemies take damage of a random type equal to the distance traveled	\n순간이동된 적은 이동한 거리에 해당하는 무작위 종류의 피해를 받는다
\nTeleported enemies gain [Fear:dark] for [{duration}:duration] turns	\n순간이동된 적은 [{duration}:duration]턴 동안 [공포:dark]를 얻는다
\nTeleported enemies receive [Time Bomb:arcane]	\n순간이동된 적은 [시한폭탄:arcane]을 받는다
Time Bomb	시한폭탄
Take [1 Arcane:arcane] damage each turn\nIf this buff is removed or the unit dies, it explodes, destroying walls and dealing [{damage}:damage] [Arcane] damage in a [{radius}:radius] tile radius	매 턴 [1 비전:arcane] 피해를 받는다\n이 강화 효과가 제거되거나 유닛이 죽으면 폭발하여, 벽을 파괴하고 [{radius}:radius]칸 반경에 [{damage}:damage]의 [비전:arcane] 피해를 입힌다
Hodophobia	여행 공포증
Enemies are [feared] for [{duration}:duration] turns after being dispersed	적은 분산된 후 [{duration}:duration]턴 동안 [공포:fear]에 빠진다
Planar Travel	차원 이동
Teleported enemies take damage of a random type equal to the distance traveled	순간이동한 적은 이동한 거리와 동일한 무작위 종류의 피해를 받는다
Bombs Away	폭탄 투하
Teleported enemies receive the Time Bomb debuff\nTime Bomb deals a fixed [1 Arcane:arcane] damage per turn\nIf the debuff is removed or the unit dies, the bomb explodes, destroying walls and dealing [{damage}:damage] [Arcane] damage in a [{radius}:radius] tile burst	순간이동한 적은 시한폭탄 약화 효과를 받는다\n시한폭탄은 턴마다 고정된 [1 비전:arcane] 피해를 입힌다\n약화 효과가 제거되거나 유닛이 죽으면, 폭탄이 폭발하여 벽을 파괴하고 [{radius}:radius]칸 폭발 범위에 [{damage}:damage]의 [비전:arcane] 피해를 입힌다
Each turn, teleport [{num_targets}:num_targets] enemies in a [{radius}:radius] tile radius to random locations on the map\nLasts [{duration}:duration] turns	턴마다 [{radius}:radius]칸 반경 내의 적 [{num_targets}:num_targets]체를 지도상의 무작위 위치로 순간이동시킨다\n[{duration}:duration]턴 동안 지속된다
Bound Knight	속박된 기사
Knightly Oath	기사의 맹세
Ouranic Knights	천공의 기사
Knights gain flying and [quickstep:translocation]	기사는 비행과 [빠른 이동:translocation]을 얻는다
Armageddon Court	아마겟돈의 법정
When you cast Knightly Oath, cast Armageddon Blade on the summoned Knight	"기사의 맹세"를 시전하면, 소환된 기사에게 "아마겟돈의 칼날"을 시전한다
Call to Arms	소집
When you cast Knightly Oath, consume remaining charges to summon that many additional knights	"기사의 맹세"를 시전하면, 남은 사용 횟수를 소모하여 그 수만큼 추가 기사를 소환한다
Slime Knights	슬라임 기사
Knights gain the [Slime] tag and the Slime buff, healing over time, gaining max HP until it is double the original before splitting in two	기사는 [슬라임:slime] 태그와 슬라임 강화 효과를 얻어, 시간에 걸쳐 회복하고, 원래의 2배가 될 때까지 최대 HP를 얻은 뒤 둘로 분열한다
either a void knight, a storm knight, a chaos knight, or a blood knight	공허 기사, 폭풍 기사, 혼돈 기사, 또는 피의 기사 중 하나
Summon a {knight_name}\nThe summoned knight will match the spell school you have spent the most SP on\nVoid Knight: [Arcane]\nStorm Knight: [Lightning] or [Ice]\nChaos Knight: [Chaos]\nBlood Knight: [Blood]\nThe caster takes [40 Holy:holy] damage when a knight dies	{knight_name}을 소환한다\n소환되는 기사는 당신이 가장 많은 기술 점수를 소모한 주문 계통에 일치한다\n공허의 기사: [비전:arcane]\n폭풍의 기사: [번개:lightning] 또는 [얼음:ice]\n혼돈의 기사: [혼돈:chaos]\n피의 기사: [피:blood]\n기사가 죽으면 시전자는 [40 신성:holy] 피해를 받는다
Toxin Burst	독소 폭발
Herbal Remedy	약초 치료
Heals allies and removes their [poison] instead of harming them	아군을 해치는 대신 회복시키고 그들의 [중독:poison]을 제거한다
Naphtha Accelerant	나프타 촉진제
Toxin Burst inflicts [-25% Fire:fire] resistance for its duration	"독소 폭발"은 지속시간 동안 [-25% 화염:fire] 저항을 부여한다
Withertoxin	시들음 독
Toxin Burst also deals [Dark] damage and inflicts [necrosis]	"독소 폭발"은 [암흑:dark] 피해도 입히고 [괴사:necrosis]를 부여한다
Burst Chain	작렬의 연쇄
Slain enemies create additional explosions with a [{radius}:radius] tile radius	처치된 적은 [{radius}:radius]칸 반경의 추가 폭발을 일으킨다
Inflict [{damage}:damage] [Poison] damage and [{duration}:duration] turns of [poison] on units in a [{radius}:radius] tile burst	[{radius}:radius]칸 범위의 유닛에게 [{damage}:damage]의 [독:poison] 피해와 [{duration}:duration]턴의 [중독:poison]을 입힌다
Slime Rust	슬라임 녹
Slimeshot	슬라임 사격
Slimification Shot	슬라임화 사격
Cast Slimify on affected enemies	영향을 받은 적에게 "슬라임화"를 시전한다
Slime Chucker	슬라임 투척자
Adjacent [Slime] allies are sacrificed, and their max HP is added to the spell's damage	인접한 [슬라임:slime] 아군이 희생되고, 그들의 최대 HP가 주문의 피해에 더해진다
Slimeshot also deals [Physical] damage\nAffected units receive [Slime Rust:slime] which reduces all of their resistances by 10%\nDoes not affect [Slime] units	"슬라임 사격"은 [물리:physical] 피해도 입힌다\n영향받은 유닛은 [슬라임 녹:slime]을 받아 모든 저항이 10% 감소한다\n[슬라임:slime] 유닛에는 영향을 주지 않는다
Storm Transmutation	폭풍 변성
Storms over affected tiles are consumed, and turned into slimes of matching types\n[Lightning Storms:lightning] become Electric Slimes\n[Blizzards:ice] become Ice Slimes\n[Rain Clouds:nature] become Green Slimes	영향받은 칸 위의 폭풍은 소비되어 대응하는 종류의 슬라임으로 변한다\n[번개 폭풍:lightning]은 전기 슬라임이 된다\n[눈보라:ice]는 얼음 슬라임이 된다\n[비구름:nature]은 녹색 슬라임이 된다
Deal [{damage}:damage] [Poison] damage in a [{radius}:radius] tile burst\nIf the target is an allied [Slime], it explodes, adding its max HP to the spell's damage\nInflict [{duration}:duration] turns of soaked on non [Slime] units\nTurns water chasms into swamp chasms	[{radius}:radius]칸 범위에 [{damage}:damage]의 [독:poison] 피해를 입힌다\n대상이 아군 [슬라임:slime]이면 폭발하여 그 최대 HP를 주문의 피해에 더한다\n[슬라임:slime]이 아닌 유닛에게 젖음 [{duration}:duration]턴을 부여한다\n물 심연을 늪 심연으로 바꾼다
Slimy	끈적임
50% chance to heal for 2 HP each turn\nExcess healing from this effect raises max HP\nWhen this creature is damaged, a slime is spawned nearby\nSpawned slimes will match this unit's tags when possible, and be green slimes in all other cases	매 턴 50% 확률로 HP 2를 회복한다\n이 효과로 인한 초과 회복은 최대 HP를 올린다\n이 생물이 피해를 입으면 근처에 슬라임 1마리가 생성된다\n생성되는 슬라임은 가능하면 이 유닛의 태그와 일치하고, 그 외의 경우에는 녹색 슬라임이 된다
Amalgamate Slime	융합 슬라임
Global Network	전체 네트워크
Affects all [Slime] allies, instead of only those in a connected group	연결된 무리뿐만 아니라 모든 [슬라임:slime] 아군에게 작용한다
Slime Drinking	슬라임 흡입
You may target yourself with this spell\nCasting it on yourself causes you to heal for the total absorbed health instead of summoning a creature	이 주문으로 자신을 대상으로 할 수 있다\n자신에게 시전하면, 생물을 소환하는 대신 흡수한 총 HP만큼 회복한다
Absorption	흡수
[Slime] allies steal [{damage}:damage] max HP from adjacent enemies before amalgamating	[슬라임:slime] 아군은 융합하기 전에 인접한 적으로부터 [{damage}:damage]의 최대 HP를 빼앗는다
Slimy Mimic	끈적이는 미믹
Instead of consolidating into the target slime, summons a random monster with the Slimy buff\nThe monster summoned depends on the total health of the absorbed slimes, with higher health pools yielding potentially more powerful monsters\nThe summoned monster's max HP is set to the total health of the absorbed slimes\nThe damage of the monster's spells scales with their increased HP	대상 슬라임으로 통합되는 대신, 끈적임 강화 효과를 가진 무작위 괴물을 소환한다\n소환되는 괴물은 흡수한 슬라임의 총 HP에 따라 달라지며, HP 총량이 높을수록 잠재적으로 더 강력한 괴물이 된다\n소환되는 괴물의 최대 HP는 흡수한 슬라임의 총 HP로 설정된다\n괴물의 주문 피해는 증가한 HP에 따라 변화한다
[Slime] allies in a connected group are amalgamated onto the target\nTarget gains the max HP, resists, spells, and spell damage, of affected units\nTarget loses the base slime buff, and gains the Slimy buff which causes its health to increase over time and to shed slimes when damaged\nThis spell must target a [Slime] ally	연결된 무리의 [슬라임:slime] 아군이 대상에게 융합된다\n대상은 영향을 받은 유닛의 최대 HP, 저항, 주문, 주문 피해를 얻는다\n대상은 기본 슬라임 강화 효과를 잃고, 시간이 지남에 따라 HP가 증가하고 피해를 입으면 슬라임을 방출하는 끈적임 강화 효과를 얻는다\n이 주문은 반드시 [슬라임:slime] 아군을 대상으로 해야 한다
Slimify	슬라임화
Deals [{damage}:damage] [Physical] damage each turn\nIf the target takes damage from this effect, their max HP is reduced by the same amount\nSummons a {slime_kw} nearby after dealing damage	턴마다 [{damage}:damage]의 [물리:physical] 피해를 입힌다\n대상이 이 효과로 피해를 받으면, 그 최대 HP가 같은 양만큼 감소한다\n피해를 입힌 후, 근처에 {slime_kw}를 소환한다
\nThese effects trigger when this unit takes damage from a [Slime]	\n이 효과들은 이 유닛이 [슬라임:slime]으로부터 피해를 받을 때 발동한다
\nRemaining duration jumps to the nearest enemy in line of sight if this unit dies	\n이 유닛이 죽으면, 남은 지속 시간은 시야 내의 가장 가까운 적에게 옮겨간다
Genetic Scramble	유전자 교란
If cast on an adjacent unit, the duration is permanent	인접한 유닛에 시전하면, 지속 시간이 영구적이 된다
Rainbow Slimes	무지개 슬라임
Slimes can be of any variety	슬라임은 어떤 종류든 될 수 있다
Contagion	전염
Slimify's remaining duration will jump to the nearest enemy in line of sight if the affected unit dies	"슬라임화"의 남은 지속시간은 영향받은 유닛이 죽으면 시야 내 가장 가까운 적에게 옮겨간다
Rapid Decomposition	급속 분해
Slimify's effects are triggered if the affected target takes damage from a [Slime]	"슬라임화"의 효과는 대상이 [슬라임:slime]으로부터 피해를 받으면 발동한다
Target is Slimified\nSlimified deals [{damage}:damage] [Physical] damage each turn\nWhen it successfully deals damage, the victim's max HP is decreased by the damage dealt, and a Green Slime is summoned nearby\nLasts [{duration}:duration] turns	대상은 슬라임화된다\n슬라임화는 매 턴 [{damage}:damage]의 [물리:physical] 피해를 입힌다\n피해를 입히는 데 성공하면, 피해자의 최대 HP가 입힌 피해만큼 감소하고, 근처에 녹색 슬라임이 소환된다\n[{duration}:duration]턴 동안 지속된다
Combust Poison	독 폭발
Ignition Principle	점화의 원리
The [Fire] damage cannot be less than [{damage}:damage], regardless of the remaining [poison] duration	[화염:fire] 피해는 남은 [중독:poison] 지속시간과 관계없이 [{damage}:damage] 미만이 될 수 없다
Flame Rave	화염의 난무
The flames heal allies instead of harming them	불길은 아군을 해치는 대신 회복시킨다
Toxic Embers	독성 잔불
The explosion applies [poison] to damaged targets for half of the [Fire] damage taken	폭발은 받은 [화염:fire] 피해의 절반만큼 피해를 받은 대상에게 [중독:poison]을 부여한다
Paralyzing Combustion	마비의 연소
[Stuns] the [poisoned] targets for [{duration}:duration] turns	[중독:poisoned]된 대상을 [{duration}:duration]턴 동안 기절시킨다
Consume all [poison] on enemies\nDeal [Fire] damage in a [{radius}:radius] tile burst around each affected enemy equal to the remaining duration of the [poison] consumed	적의 모든 [중독:poison]을 소비한다\n소비한 [중독:poison]의 남은 지속 시간과 같은 [화염:fire] 피해를, 영향을 받은 각 적의 주위 [{radius}:radius]칸 범위에 입힌다
Poison Skin	독 피부
[Poisons] melee attackers for 5 turns	근접 공격자를 5턴 동안 [중독:poison]시킨다
Urticating Hairs	쏘는 털
[Spider] allies gain [50% Physical:physical] resist and permanently [poison] melee attackers\nAlways Active	[거미:spider] 아군은 [50% 물리:physical] 저항을 얻고 근접 공격자를 영구히 [중독:poison]시킨다\n항상 활성
Vampire Queen	흡혈귀 여왕
[Spider] allies gain the [Blood] tag and can cast your Lifedrain on a 4 turn cooldown\nAlways Active\nAdds the [Blood] tag	[거미:spider] 아군은 [피:blood] 태그를 얻고 4턴 재사용 대기시간으로 당신의 "생명력 흡수"를 시전할 수 있다\n항상 활성\n[피:blood] 태그를 추가한다
Spider Queen	거미 여왕
Aether Queen	에테르 여왕
Summon an Aether Spider Queen instead	대신 에테르 거미 여왕을 소환한다
Dryder Guards	드라이더 수호병
Also summon a pair of Dryders near the Spider Queen	"거미 여왕" 근처에 드라이더 2마리도 소환한다
Summon a Spider Queen	"거미 여왕"을 소환
Refreezing	재빙결
Each turn, if the owner is [frozen], increase [frozen] duration by 1\nOtherwise, inflict [frozen] for 1 turn	턴마다 소유자가 [빙결:frozen]이면 [빙결:frozen] 지속 시간을 1 늘린다\n그렇지 않으면 1턴의 [빙결:frozen]을 부여한다
Frostbite	동상
Each turn all [frozen] enemies take [{damage}:damage] [Dark] and [Ice] damage\nAlways Active\nAdds the [Dark] tag	턴마다 모든 [빙결:frozen] 적이 [{damage}:damage]의 [암흑:dark]과 [얼음:ice] 피해를 받는다\n상시 발동\n[암흑:dark] 태그를 추가한다
The target is refrozen every turn for the duration	대상은 지속시간 동안 매 턴 다시 빙결된다
Mass Freeze	집단 빙결
Freeze affects a connected group of enemies	빙결은 연결된 무리의 적에게 작용한다
Freeze gains quickcast	"빙결"이 빠른 시전을 얻는다
Target is [frozen] for [{duration}:duration] turns	대상은 [{duration}:duration]턴 동안 [빙결:frozen]된다
Iceball	아이스볼
Cloud Combustion	구름 연소
Gain +2 radius and x2 damage if cast on a [Blizzard:ice]\nConsumes the [Blizzard:ice]	[눈보라:ice]에 시전하면 반경 +2, 피해 2배를 얻는다\n[눈보라:ice]를 소비한다
Ice Crush	얼음 분쇄
Units inside of the area of effect which are already [frozen] take [Physical] damage before being [frozen] again	효과 범위 내의 이미 [빙결:frozen]된 유닛은 다시 [빙결:frozen]되기 전에 [물리:physical] 피해를 받는다
Fae Ball	요정의 구체
When you cast Iceball, summon an Ice Faery for every 4 enemies it damages	"아이스볼"을 시전하면, 그것이 피해를 입힌 적 4명마다 얼음 페어리를 소환한다
Subzero Ice	영하의 얼음
Instead of inflicting [frozen], cast your Freeze spell on affected units	[빙결:frozen]을 부여하는 대신, 영향을 받은 유닛에게 "빙결" 주문을 시전한다
Inflicts [{damage}:damage] [Ice] damage and [{duration}:duration] turns of [frozen] in a [{radius}:radius] tile burst	[{radius}:radius]칸 범위에 [{damage}:damage]의 [얼음:ice] 피해와 [{duration}:duration]턴의 [빙결:frozen]을 입힌다
When a Frostfire Hydra expires, regain a charge of your Frostfire Hydra spell	"서리불꽃 히드라"가 만료되면, "서리불꽃 히드라" 주문의 사용 횟수를 1 회복한다
Crystal Eyes	수정 눈
Redeal 50% of damage dealt as [Arcane]	입힌 피해의 50%를 [비전:arcane](으)로 다시 입힌다
Half the damage dealt by Frostfire Hydra is redealt as [Arcane] damage	"서리불꽃 히드라"가 입히는 피해의 절반이 [비전:arcane] 피해로 다시 입혀진다
Frostfire Hydra's Ice Beam inflicts [{duration}:duration] turns of [frozen]	"서리불꽃 히드라"의 얼음 광선은 [{duration}:duration]턴의 [빙결:frozen]을 부여한다
Hydra Regrowth	히드라 재생
Summon a temporary Frostfire Hydra	일시적인 "서리불꽃 히드라"를 소환한다
Crystal Eyes Frostfire Hydra	수정 눈의 "서리불꽃 히드라"
Ritual of Storms	폭풍의 의식
Storm Burst	스톰 버스트
Stormshield	폭풍 보호막
Grant affected allies [Ice] and [Lightning] immunity for [{duration}:duration] turns instead of harming them	피해를 주는 대신 범위 내 아군에게 [{duration}:duration]턴 동안 [얼음:ice]과 [번개:lightning] 면역을 부여한다
Dual Nova	이중 노바
Deal both [Lightning] and [Ice] damage to affected tiles	범위 내 타일에 [번개:lightning]와 [얼음:ice] 피해를 모두 입힌다
Storm Burst can be channeled for up to [{max_channel}:max_channel] turns\nIf the ritual is completed, Storm Burst's [radius] and [duration] increase by 1 for the remainder of the level	"스톰 버스트"는 최대 [{max_channel}:max_channel]턴 동안 지속 시전할 수 있다.\n의식을 끝까지 완료하면 이번 레벨이 끝날 때까지 "스톰 버스트"의 [반경:radius]과 [지속시간:duration]이 1 증가한다
Spirit Nova	정령 노바
Summon a Storm Spirit for every 60 damage dealt in a single cast	한 번 시전해 가한 피해 60당 폭풍 정령을 하나 소환한다
Deal [{damage}:damage] [Ice] or [Lightning] damage to each tile in a [{radius}:radius] tile burst around the caster\nUnits hit with [Ice] damage are [frozen] for [{duration}:duration] turns\nUnits hit with [Lightning] damage are [stunned] for [{duration}:duration] turns	시전자 주변 [{radius}:radius]칸 반경의 모든 칸에 [얼음:ice] 또는 [번개:lightning] 피해를 [{damage}:damage] 입힌다\n[얼음:ice] 피해를 받은 유닛은 [{duration}:duration]턴 동안 [빙결:frozen] 상태가 된다\n[번개:lightning] 피해를 받은 유닛은 [{duration}:duration]턴 동안 [기절:stunned] 상태가 된다
Death Chill	죽음의 냉기
Each turn, deal [{damage}:damage] [Dark] damage\nOn death, inflict [{damage}:damage] [Ice] damage and [{duration}:duration] turns of [frozen] on enemies within [{radius}:radius] tiles	매 턴 [{damage}:damage]의 [암흑:dark] 피해를 입힌다\n죽으면 [{radius}:radius]칸 내의 적에게 [{damage}:damage] [얼음:ice] 피해와 [{duration}:duration]턴의 [빙결:frozen]을 입힌다
Slaughter Chill	학살의 냉기
Death Chill also deals [Poison] damage each turn	"죽음의 냉기"는 턴마다 [독:poison] 피해도 입힌다
Mass Death Chill	집단 죽음의 냉기
Applies Death Chill to a connected group of enemies	연결된 무리의 적에게 "죽음의 냉기"를 부여한다
Compounding Chill	누적되는 냉기
Death Chill will stack instead of refreshing the duration on subsequent applications	"죽음의 냉기"는 이후 재부여 시 지속 시간을 갱신하는 대신 중첩된다
Lockjaw	턱 경직
Applying Death Chill applies [silence] for the same duration	"죽음의 냉기"를 부여하면 같은 지속 시간으로 [침묵:silence]도 부여한다
Deal [{damage}:damage] [Dark] damage to the target each turn for [{duration}:duration] turns\nWhen a unit dies while afflicted with Death Chill, they explode in a flurry of ice\nThe explosion inflicts [{damage}:damage] [Ice] damage and [{duration}:duration] turns of [frozen] on enemies within [{radius}:radius] tiles	[{duration}:duration]턴 동안 턴마다 대상에게 [{damage}:damage]의 [암흑:dark] 피해를 입힌다\n"죽음의 냉기"에 걸린 유닛이 죽으면 얼음 소용돌이에 휩싸여 폭발한다\n폭발은 [{radius}:radius]칸 이내의 적에게 [{damage}:damage]의 [얼음:ice] 피해와 [빙결:frozen] [{duration}:duration]턴을 입힌다
Phoenix Freeze	불사조의 빙결
On death, inflict 25 [Ice] damage and 4 turns of [frozen] on enemies in a [{radius}:radius] tile burst\nAllies gain [2 SH:shields] instead	사망 시, [{radius}:radius]칸 범위의 적에게 25의 [얼음:ice] 피해와 4턴의 [빙결:frozen]을 입힌다\n아군은 대신 [보호막 2개:shields]를 얻는다
Ice Phoenix	얼음 불사조
Restorative Phoenix	회복의 불사조
The Ice Phoenix can cast your Regeneration Aura on a 12 turn cooldown	"얼음 불사조"는 12턴 재사용 대기시간으로 당신의 "재생의 오라"를 시전할 수 있다
Reincarnations	다중 환생
The Ice Phoenix will reincarnate 3 additional times	"얼음 불사조"는 추가로 3회 환생한다
Polar Aura	극지의 오라
The Ice Phoenix deals 2 [Ice] damage to enemies within [{radius}:radius] tiles each turn	"얼음 불사조"는 매 턴 [{radius}:radius]칸 이내의 적에게 2의 [얼음:ice] 피해를 입힌다
Freezing Attack	빙결 공격
The Ice Phoenix's ranged attack [freezes] its target for 3 turns	"얼음 불사조"의 원거리 공격은 대상을 3턴 동안 [빙결:freeze]시킨다
Summon an Ice Phoenix	"얼음 불사조"를 소환
Word of Ice	얼음의 주문
All enemies are [frozen] for [{duration}:duration] turns\nDeal [{damage}:damage] [Ice] damage to [Fire] enemies	모든 적은 [{duration}:duration]턴 동안 [빙결:frozen]된다\n[화염:fire] 적에게 [{damage}:damage]의 [얼음:ice] 피해를 입힌다
Corrosion	부식
Decrease a random damage resistance by 10%	무작위 피해 저항을 10% 감소시킨다
Icicle	고드름
[Freeze] the target for [{duration}:duration] turns	대상을 [{duration}:duration]턴 동안 [빙결:freeze]시킨다
Ice Spear	얼음 창
Deals [Physical] damage in a beam to the target	광선으로 대상에게 [물리:physical] 피해를 입힌다
Storm Spike	폭풍 가시
Icicle also deals [Lightning] damage to affected tiles\nIcicle can be cast on any tile containing a cloud	"고드름"은 영향을 받은 칸에 [번개:lightning] 피해도 입힌다\n"고드름"은 구름이 있는 임의의 칸에 시전할 수 있다
Corrosive Shard	부식의 파편
Icicle also deals [Poison] and [Dark] damage to the target\nReduces a random resistance by 10%	"고드름"은 대상에게 [독:poison] 및 [암흑:dark] 피해도 입힌다\n무작위 저항을 10% 감소시킨다
Deal [{damage}:damage] [Physical] damage to the target\nThen, deal [{damage}:damage] [Ice] damage to the target and a [{radius}:radius] tile burst around it\nTurns chasms into floors	대상에게 [{damage}:damage]의 [물리:physical] 피해를 입힌다\n그 후 대상과 그 주위 [{radius}:radius]칸 범위에 [{damage}:damage]의 [얼음:ice] 피해를 입힌다\n심연을 바닥으로 바꾼다
Chill Wind	차가운 바람
Harsh Winds	거센 바람
Storm Front	전선
Chill Wind creates [Blizzards:ice] on affected tiles\nThe clouds deal [{damage}:damage] [Ice] damage and last for [{duration}:duration] turns	"차가운 바람"은 영향을 받은 칸에 [눈보라:ice]를 생성한다\n그 구름은 [{damage}:damage] [얼음:ice] 피해를 입히며 [{duration}:duration]턴 동안 지속된다
Dual Wind	이중 바람
Chill Wind also affects a symmetric area behind the caster	"차가운 바람"은 시전자 뒤편의 대칭 영역에도 작용한다
Arcane Storm	비전 폭풍
When Chill Wind kills a unit, cast Blazerip at their location	"차가운 바람"이 유닛을 처치하면, 그 위치에 "화염 폭렬"을 시전한다
Inflict [{damage}:damage] [Ice] damage and [{duration}:duration] turns of [frozen] on units in a 3 tile wide line perpendicular to the caster	시전자에 수직인 너비 3칸의 직선상의 유닛에게 [{damage}:damage]의 [얼음:ice] 피해와 [{duration}:duration]턴의 [빙결:frozen]을 입힌다
Hungry Wall	굶주린 벽
Gain +1 duration when Ice Lash hits an enemy	얼음 채찍이 적에게 적중하면 지속 +1을 얻는다
Wall of Ice	얼음의 벽
The Ice Elementals' attack is replaced with Ice Lash\nIce Lash drags the target 1 tile toward the elemental and grants them +1 remaining duration	얼음 정령의 공격이 얼음 채찍으로 대체된다\n얼음 채찍은 대상을 정령 쪽으로 1칸 끌어당기고 남은 지속 +1을 부여한다
Glacial Excavator	빙하 굴착자
Walls and chasms in the impacted area are turned to floors before having Ice Elementals summoned on them	착탄 범위 내의 벽과 심연은 얼음 정령이 그 위에 소환되기 전에 바닥으로 변한다
Ice Box	얼음 상자
Affects tiles in lines rotated around the caster, forming a square	시전자를 중심으로 회전하는 선상의 칸에 작용하여 정사각형을 형성한다
Endless Wall	끝없는 벽
Summons a group of temporary Ice Elementals in a [{width}:radius] tile line perpendicular to the caster	시전자에 수직인 [{width}:radius]칸 선에 일시적인 얼음 정령 무리를 소환한다
Ice Elemental	얼음 정령
Ice Lash	얼음 채찍
Snowball	눈덩이
Aftershocks	여진
Chthonic Breach	명계의 균열
Eldritch tendrils reach forth from affected chasm tiles, each dealing [{damage}:damage] [Arcane] damage to the nearest enemy	영향을 받은 심연 칸에서 이계의 촉수가 뻗어나와, 각각 가장 가까운 적에게 [{damage}:damage]의 [비전:arcane] 피해를 입힌다
When you cast Earthquake, it gains +2 radius for [{duration}:duration] turns	"지진"을 시전하면, [{duration}:duration]턴 동안 반경 +2를 얻는다
Magnitude 8.0	진도 8.0
Earthquake is guaranteed to affect all tiles in the area, and [stuns] affected units for [{duration}:duration] turns	"지진"은 범위 내의 모든 칸에 반드시 작용하며, 대상 유닛을 [{duration}:duration]턴 동안 [기절:stun]시킨다
Shrapnel Quake	파편탄 진동
Cast Shrapnel Blast on affected wall tiles	영향을 받은 벽 칸에 "파편탄 폭발"을 시전한다
Invoke an earthquake with a [{radius}:radius] tile radius\nEach tile in the area has a 50% chance to be affected\nEnemies on affected tiles take [{damage}:damage] [Physical] damage\nWalls on affected tiles are destroyed	[{radius}:radius]칸 반경의 지진을 일으킨다\n범위 내의 각 칸은 50% 확률로 영향을 받는다\n영향을 받은 칸의 적은 [{damage}:damage]의 [물리:physical] 피해를 입는다\n영향을 받은 칸의 벽은 파괴된다
Searing Seal	작열의 봉인
Seal of Searing	작열의 인장
Inner Fire	내면의 불꽃
Searing Seal grants a percentage [damage] bonus to [Fire] spells and equipment\nThe percentage is equal to your [Fire] mastery	"작열의 봉인"은 [화염:fire] 주문과 장비에 비율 [피해:damage] 보너스를 부여한다\n비율은 당신의 [화염:fire] 숙련도와 같다
Searing Rebuke	작열의 질책
Searing Seal deals [{damage}:damage] [Fire] damage to enemies that damage you	"작열의 봉인"은 당신에게 피해를 입히는 적에게 [{damage}:damage]의 [화염:fire] 피해를 입힌다
Chaos Seal	혼돈의 인장
Gain charges separately for [Fire], [Lightning], and [Physical] damage, and deal damage of each type each on expiration	[화염:fire]·[번개:lightning]·[물리:physical] 피해마다 별도로 사용 횟수를 얻으며, 만료 시 각 종류의 피해를 각각 입힌다
Fire Harvest	화염의 수확
For every 100 charges stored, summon a Fire Spirit	저장된 사용 횟수 100마다 화염의 정령을 소환한다
Gain Seal of Searing for [{duration}:duration] turns\nWhen enemies take [Fire] damage, the seal gains that many charges\nWhen Seal of Searing is removed, it deals [1 Fire:fire] damage to enemies in line of sight for every 5 charges it has	[{duration}:duration]턴 동안 작열의 인장을 얻는다\n적이 [화염:fire] 피해를 받으면 인장은 그만큼의 사용 횟수를 얻는다\n작열의 인장이 제거되면, 보유한 사용 횟수 5개마다 시야 내의 적에게 [1 화염:fire] 피해를 입힌다
Depravity	타락
Pay 1 HP when a unit dies to gain +1 [damage] to all spells and equipment	유닛이 죽을 때 HP 1을 지불하여 모든 주문과 장비에 [피해:damage]+1을 얻는다
[{unit}:{color}] paid {amount} HP to feed their [Depravity:blood]	[{unit}:{color}]이(가) HP {amount}을 지불하여 [타락:blood]을 먹였다
Immune to debuffs	약화 효과 무효
Sin Eater	죄를 먹는 자
Purity grants [100% Dark:dark] resist\nEach debuff removed or blocked by Purity grants [3 SH:shields]	"순수"는 [100% 암흑:dark] 저항을 부여한다\n"순수"가 제거하거나 막은 약화 효과 1개당 [보호막 3개:shields]를 부여한다
Crusader	성전사
Casting a [Holy] spell extends Purity's remaining duration by 3 turns	[신성:holy] 주문을 시전하면 "순수"의 남은 지속 시간이 3턴 연장된다
Aura of Purity	순수의 오라
Purity is also applied to allies within [{radius}:radius] tiles	"순수"는 [{radius}:radius]칸 이내의 아군에게도 적용된다
When Purity ends, gain [Depravity:blood] for [{duration}:duration] turns\n[Depravity:blood] causes you to pay 1 HP when a unit dies to gain a +1 damage bonus to all spells and equipment while it lasts	"순수"가 끝나면, [{duration}:duration]턴 동안 [타락:blood]을 얻는다\n[타락:blood]은 지속되는 동안 유닛이 죽을 때 HP 1을 지불하여 모든 주문과 장비에 +1 피해 보너스를 얻게 한다
Lose all debuffs\nYou cannot gain new debuffs\nLasts [{duration}:duration] turns	모든 약화 효과를 잃는다\n새로운 약화 효과를 얻을 수 없다\n[{duration}:duration]턴 지속된다
Twilight Gaze	황혼의 시선
Piercing Gaze	관통하는 시선
Twilight Gaze affects all enemies, not just those in your light of sight	"황혼의 시선"은 시야 내의 적뿐만 아니라 모든 적에게 작용한다
Arcane Gaze	비전 시선
Twilight Gaze also reduces [Arcane] resist	"황혼의 시선"은 [비전:arcane] 저항도 낮춘다
Shrouded Twilight	뒤덮인 황혼
Twilight Gaze also inflicts a 50% range penalty on enemy spells	"황혼의 시선"은 적 주문에 50% 사거리 페널티도 부여한다
Enemies in your line of sight lose {resistance_debuff} [Dark] and [Holy] resist\nLasts [{duration}:duration] turns	당신의 시야 내의 적은 [암흑:dark]과 [신성:holy] 저항을 {resistance_debuff}만큼 잃는다\n[{duration}:duration]턴 동안 지속된다
Slime Form	슬라임 형상
Fire Slime	화염 슬라임
Instead of a Green Slime, summon a Fire Slime	녹색 슬라임 대신 "화염 슬라임"을 소환한다
Ice Slime	얼음 슬라임
Instead of a Green Slime, summon an Ice Slime	녹색 슬라임 대신 "얼음 슬라임"을 소환한다
Electric Slime	전기 슬라임
Instead of a Green Slime, summon an Electric Slime	녹색 슬라임 대신 "전기 슬라임"을 소환한다
Void Slime	공허의 슬라임
Instead of a Green Slime, summon a Void Slime	녹색 슬라임 대신 "공허의 슬라임"을 소환한다
Blood Slime	피의 슬라임
Instead of a Green Slime, summon a Blood Slime	녹색 슬라임 대신 "피의 슬라임"을 소환한다
Chromatic Oozemancer	무지갯빛 점액술사
Summon [{num_summons}:num_summons] additional random slimes each turn	매 턴 무작위 슬라임을 [{num_summons}:num_summons]마리 추가 소환
Assume Slime Form for [{duration}:duration] turns\nGain [50 Physical:physical] and [100 Poison:poison] resistance\nEach turn, summon a Green Slime nearby\nIf you have multiple upgrades that would replace the Green Slime, summon one of each	[{duration}:duration]턴 동안 "슬라임 형상"가 된다\n[50 물리:physical]와 [100 독:poison] 저항을 얻는다\n매 턴, 근처에 녹색 슬라임을 1마리 소환한다\n녹색 슬라임을 다른 소환수로 대체하는 강화가 여러 개라면, 각 종류를 하나씩 소환한다
Oozing Trail	점액 자국
Each time you move, summon a Green Slime nearby	이동할 때마다 근처에 녹색 슬라임을 소환한다
Swamp Dweller	늪의 거주자
Activate the slime buff three times if it ends its turn over a swamp chasm	늪 심연 위에서 턴을 마치면 슬라임 강화 효과가 3번 발동한다
Slime Drakes gain the Swamp Dweller buff\nIf it ends its turn over a swamp chasm it activates its slime buff three additional times	슬라임 드레이크는 늪의 거주자 강화 효과를 얻는다\n늪의 심연 위에서 턴을 마치면, 슬라임 강화 효과가 추가로 3회 발동한다
When the Slime Drake moves, it will attempt to summon a Green Slime nearby	"슬라임 드레이크"가 이동하면, 근처에 녹색 슬라임을 소환하려 시도한다
The Slime Drake can cast your Slimeshot on a 6 turn cooldown	"슬라임 드레이크"는 6턴 재사용 대기시간으로 당신의 "슬라임 사격"을 시전할 수 있다
Slime Tank	슬라임 탱크
Summon a Slime Drake	"슬라임 드레이크"를 소환
Aether Poison	에테르 독
Deals {damage} [Arcane] damage each turn	턴마다 {damage}의 [비전:arcane] 피해를 입힌다
Blazerip	화염 폭렬
Dual Blazerip	이중 화염 폭렬
Blazerip also affects a symmetric area behind the caster	"화염 폭렬"은 시전자 뒤편의 대칭 영역에도 작용한다
Arcane Assassin	비전 암살자
Blazerip deals double damage when cast on a target outside your line of sight	"화염 폭렬"은 시야 밖의 대상에게 시전하면 2배의 피해를 입힌다
Inflict [{duration}:duration] turns of [Aether Poison:arcane] on affected units\n[Aether Poison:arcane] reduces [Arcane] resist by 50 and deals [{damage}:damage] [Arcane] damage each turn	영향을 받은 유닛에게 [{duration}:duration]턴의 [에테르 독:arcane]을 부여한다\n[에테르 독:arcane]은 [비전:arcane] 저항을 50 감소시키고, 매 턴 [{damage}:damage]의 [비전:arcane] 피해를 입힌다
Reality Rip	현실 찢기
When Blazerip kills an enemy, summon a Flame Rift or Void Rift depending on the damage type that killed them	"화염 폭렬"이 적을 처치하면, 처치한 피해 종류에 따라 화염 균열 또는 공허 균열을 소환한다
Deal [{damage}:damage] [Arcane] and [Fire] damage in a [{width}:radius] tile line perpendicular to the caster\nMelts walls	시전자에 수직인 [{width}:radius]칸 직선에 [{damage}:damage]의 [비전:arcane]과 [화염:fire] 피해를 입힌다\n벽을 녹인다
Ice Vortex	얼음 소용돌이
Embodied Vortex	구현된 소용돌이
You may cast Ice Vortex on yourself, if you do, it gains +2 radius	"얼음 소용돌이"를 자신에게 시전할 수 있다. 이 경우 반경이 2 증가한다
Ritual of Winter	겨울의 의식
Ice Vortex can be channeled for up to [{max_channel}:max_channel] turns\nIf the ritual is completed, it regains a charge	"얼음 소용돌이"는 최대 [{max_channel}:max_channel]턴 동안 지속 시전할 수 있다\n의식이 완료되면 사용 횟수를 1 회복한다
Storm Vortex	폭풍 소용돌이
Casting Ice Vortex targeting a unit with a cloud over it improves the spell\n[Blizzard:ice] : +2 [radius]\n[Storm Cloud:lightning] : Deal [Lightning] damage in addition to [Ice] and [Arcane]\n[Rain Cloud:nature] : Inflict [{duration}:duration] turns of Soaked before dealing damage	구름이 위에 있는 유닛을 대상으로 "얼음 소용돌이"를 시전하면 주문이 강화된다\n[눈보라:ice] : [반경:radius]+2\n[폭풍 구름:lightning] : [얼음:ice]와 [비전:arcane]에 더해 [번개:lightning] 피해를 입힌다\n[비구름:nature] : 피해를 입히기 전에 [{duration}:duration]턴의 젖음을 부여한다
Drake Calling	드레이크 소환
If a unit is killed by this spell, cast your Ice Drake spell at their location	이 주문으로 유닛이 처치되면, 그 위치에 당신의 "얼음 드레이크" 주문을 시전한다
Enemies within [{radius}:radius] tiles of the target are pulled toward it, [frozen] for [{duration}:duration] turns, and dealt [{damage}:damage] [Arcane] and [Ice] damage\nMust target a [frozen] unit	대상의 [{radius}:radius]칸 이내의 적은 대상 쪽으로 끌려가고, [{duration}:duration]턴 동안 [빙결:frozen]되며, [{damage}:damage]의 [비전:arcane]과 [얼음:ice] 피해를 받는다\n[빙결:frozen]된 유닛을 대상으로 해야 한다
Unstable Undead	불안정한 언데드
[Undead] allies explode on death, dealing [{damage}:damage] [Physical] and [Dark] damage in a [{radius}:radius] tile burst\nAlways Active	[언데드:undead] 아군은 사망 시 폭발하여 [{radius}:radius]칸 범위에 [{damage}:damage]의 [물리:physical]과 [암흑:dark] 피해를 입힌다\n항상 활성
Restless Dead	안식하지 못하는 망자
Junk Golem	고철 골렘
When a [Living] enemy dies, raise it as a Skeleton\nRaised Skeletons inherit the HP of the slain unit\nSkeletons of flying units can fly	[생물:living] 적이 죽으면, 스켈레톤으로 되살린다\n되살아난 스켈레톤은 쓰러진 유닛의 HP를 물려받는다\n비행 유닛의 스켈레톤은 비행할 수 있다
The Restless Dead	잠들지 못한 사자
Junk Golems	고철 골렘 무리
The Restless Dead also raises [Constructs:construct] as Junk Golems	"잠들지 못한 사자"는 [구조물:construct]도 잡동사니 골렘으로 일으킨다
Minion Recycling	소환수 재활용
Allies can also be raised by Restless Dead but do so with 50% max HP	아군도 "잠들지 못한 사자"로 되살아날 수 있지만 최대 HP의 50%만 가진 채 되살아난다
Restless Turning	안식하지 못하는 뒤척임
Units raised by The Restless Dead take an extra turn immediately after being raised	"잠들지 못한 사자"에 의해 일으켜진 유닛은 일으켜진 직후 추가 턴을 얻는다
When a [Living] enemy dies, raise it as a Skeleton\nRaised Skeletons inherit the HP of the slain unit\nSkeletons of flying units can fly\nLasts [{duration}:duration] turns	[생물:living] 적이 죽으면, 스켈레톤으로 되살린다\n되살아난 스켈레톤은 쓰러진 유닛의 HP를 물려받는다\n비행 유닛의 스켈레톤은 비행할 수 있다\n[{duration}:duration]턴 동안 지속된다
Pyrostatic Chaos	화염 정전기의 혼돈
When you cast another [Chaos] spell, cast Pyrostatic Curse at the target\nAdds the [Chaos] tag	다른 [혼돈:chaos] 주문을 시전하면, 대상에게 "화염 정전기의 저주"를 시전한다\n[혼돈:chaos] 태그를 추가한다
Pyrostatic Hex	화염 정전기의 주술
Cursebringer	저주를 가져오는 자
Cast Pyrostatic Curse at your location at the beginning of each level	각 레벨 시작 시, 자신의 위치에 "화염 정전기의 저주"를 시전한다
Pyrostatic Curse	화염 정전기의 저주
Resistance Melting	저항 융해
Pyrostatic Curse removes [50% Fire:fire] resist from affected targets	"화염 정전기의 저주"는 영향받는 대상으로부터 [50% 화염:fire] 저항을 제거한다
Linear Conductance	직선 전도
[Lightning] damage is dealt in a beam instead of to a single target	[번개:lightning] 피해가 단일 대상이 아닌 광선 형태로 입혀진다
Curse enemies in a [{radius}:radius] tile burst for [{duration}:duration] turns\nWhen a cursed unit takes [Fire] damage, [{num_targets}:num_targets] enemies in line of sight of it take that much [Lightning] damage	[{radius}:radius]칸 범위의 적을 [{duration}:duration]턴 동안 저주한다\n저주받은 유닛이 [화염:fire] 피해를 받으면, 그 유닛의 시야 내 [{num_targets}:num_targets]명의 적이 같은 양의 [번개:lightning] 피해를 받는다
Spikeball Factory	가시 공 공장
Defense System	방어 시스템
Spike Ball Spawners gain a [{minion_damage}:minion_damage] [Physical] damage, [{minion_range}:minion_range] range, ranged attack	가시공 생성기는 [{minion_damage}:minion_damage]의 [물리:physical] 피해, [{minion_range}:minion_range] 사거리의 원거리 공격을 얻는다
Manufactory	제조소
Surrounds the initially summoned spawners with another layer of spawners	최초에 소환한 생성기를, 또 한 겹의 생성기로 둘러싼다
Copper Spikeballs	구리 가시공 무리
Summons Copper Spike Ball Spawners instead	대신 구리 가시공 생성기를 소환한다
Overclocked Assembly	오버클럭된 집합체
The spawners' summoning spell cooldown is halved	생성기의 소환 주문 재사용 대기시간이 절반으로 줄어든다
Summon Spike Ball Spawners in unoccupied adjacent tiles	비어 있는 인접 칸에 가시공 생성기를 소환한다
Mercurized	수은화 상태
Each turn, take [{damage}:damage] {tag} damage	턴마다 [{damage}:damage]의 {tag} 피해를 받는다
Spell cooldowns do not advance	주문 재사용 대기시간이 진행되지 않는다
Each turn, if below half HP, become [berserk] for the remaining duration	매 턴 HP가 절반 미만이면, 수은화의 남은 지속시간 동안 [광폭화:berserk] 상태가 된다
On death, summon a temporary Mercurial Geist with max HP equal to this unit's max HP	사망 시, 이 유닛의 최대 HP와 같은 최대 HP를 가진 일시적인 수은 망령을 소환한다
Mercurial Vengeance	수은의 복수
On death, cast Mercurize on the killer	사망 시, 처치한 자에게 "수은화"를 시전한다
Mercurize	수은화
Morbidity	병적 상태
Mercurized also deals [Dark] damage	수은화로 [암흑:dark] 피해도 입힌다
Retrograde	역행
The cooldowns of the target's spells will not progress while they are Mercurized	대상의 주문 재사용 대기시간은 수은화 상태인 동안 진행되지 않는다
When a Mercurial Geist is killed, its killer is afflicted with Mercurized	수은 망령이 죽으면, 처치한 유닛이 수은화 상태가 된다
Mercurial Temper	수은의 기질
Each turn, units affected by Mercurized with less than half health become [berserk] for the remainder of its duration	턴마다 수은화 상태인 유닛의 HP가 절반 미만이면, 수은화의 남은 지속시간 동안 [광폭화:berserk] 상태가 된다
Afflict the target with Mercurized for [{duration}:duration] turns\nMercurized units take [{damage}:damage] [Poison] and [Physical] damage each turn\nIf the target dies while Mercurized, it is raised as a temporary Mercurial Geist\nThe Geist inherits the max HP of the Mercurized unit	대상을 [{duration}:duration]턴 동안 수은화 상태로 만든다\n수은화 상태인 유닛은 매 턴 [{damage}:damage]의 [독:poison]과 [물리:physical] 피해를 입는다\n수은화 상태에서 대상이 죽으면 일시적인 수은 망령으로 되살아난다\n망령은 수은화 상태인 유닛의 최대 HP를 물려받는다
Mercurial Geist	수은 망령
Magnetized	자화 상태
Magnetize	자화
Radioactivity	방사능
Lowers an enemy's or raises an ally's [Lightning] and [Arcane] resistances by 75%\nMagnetize also deals [Poison] damage to all enemies in its radius each turn	적의 [번개:lightning] 및 [비전:arcane] 저항을 75% 낮추거나 아군의 그것을 75% 높인다\n"자화"는 매 턴 반경 내의 모든 적에게 [독:poison] 피해도 입힌다
Electromagnetism	전자기
Deals [Lightning] damage to all enemies in its radius rather than just adjacent ones	인접한 적뿐만 아니라 반경 내의 모든 적에게 [번개:lightning] 피해를 입힌다
Liquid Magnetism	액체 자력
At the end of a Magnetized unit's turn, cast Mercurize on adjacent enemies for [{duration}:duration] turns	자화 상태인 유닛의 턴 종료 시, 인접한 적에게 [{duration}:duration]턴 동안 "수은화"를 시전한다
Hemomagnetism	피의 자력
Magnetism can also target [Living] units	자력은 [생물:living] 유닛도 대상으로 할 수 있다
Magnetize target [Metallic] unit\nEnemies within [{radius}:radius] tiles of the magnetized unit are pulled 1 tile toward it each turn\nThen, deal [{damage}:damage] [Lightning] damage to adjacent enemies\nLasts [{duration}:duration] turns	대상 [금속:metallic] 유닛을 자화 상태로 만든다\n매 턴 자화 상태인 유닛으로부터 [{radius}:radius]칸 이내의 적을 그 유닛 쪽으로 1칸 끌어당긴다\n그 후, 인접한 적에게 [{damage}:damage]의 [번개:lightning] 피해를 입힌다\n[{duration}:duration]턴 지속된다
Silver Spear	은빛 창
Copper Shaft	구리 자루
Silver Spear deals [Lightning] damage to enemies in the spear's radius	"은빛 창"은 창의 반경 내 적에게 [번개:lightning] 피해를 입힌다
Impalement	꿰뚫기
Target is immobilized and [bleeds] for [{duration}:duration] turns	대상은 [{duration}:duration]턴 동안 속박되고 [출혈:bleed]한다
Astral Spear	성신의 창
Irresistible Strike	저항할 수 없는 일격
Silver Spear removes the target's [Physical] and [Holy] resistances	"은빛 창"은 대상의 [물리:physical]와 [신성:holy] 저항을 제거한다
Deal [{damage}:damage] [Physical] damage to the target\nDeal [{damage}:damage] [Holy] damage to [Dark] and [Arcane] units within [{radius}:radius] tiles of the spear's path	대상에게 [{damage}:damage]의 [물리:physical] 피해를 입힌다\n창의 경로의 [{radius}:radius]칸 이내의 [암흑:dark]과 [비전:arcane] 유닛에게 [{damage}:damage]의 [신성:holy] 피해를 입힌다
Zap	전격
Spire Network	첨탑 연결망
Each turn, beams arc between each of your Lightning Spires, dealing [{damage}:damage] [Lightning] damage in a line	턴마다 각 번개 첨탑 쌍을 잇는 직선상의 칸에 [{damage}:damage]의 [번개:lightning] 피해를 입힌다
Lightning Spire	번개 첨탑
Mass Blasting	집단 폭발
Wall Penetration	벽 관통
Lightning Spires can zap enemies through walls	번개 첨탑은 벽 너머로 적을 감전시킬 수 있다
Resistance Penetration	저항 관통
Zapped units lose [10% Lightning:lightning] resistance	감전된 유닛은 [10% 번개:lightning] 저항을 잃는다
Summon a Lightning Spire	"번개 첨탑"을 소환
Essence Flux	본질의 유동
Essence Stabilizer	본질 안정기
Allies' resistances match the higher of each pair, rather than being swapped	아군의 저항은 서로 교체되는 대신, 각 쌍 중 더 높은 쪽에 맞춰진다
Essence Degradation	본질 약화
Enemies' resistances match the lower of each pair, rather than being swapped	적의 저항은 서로 뒤바뀌는 대신 각 쌍 중 낮은 쪽에 맞춰진다
Banishment	추방
Temporary units in the affected area are killed	영향을 받은 영역 내의 임시 유닛은 죽는다
Flummoxed	당황
Affected enemies are [silenced] for [{duration}:duration] turns	영향을 받은 적은 [{duration}:duration]턴 동안 [침묵:silence]된다
Swap the resistances of units in a [{radius}:radius] tile burst\n[Fire] swaps with [Ice]\n[Lightning] swaps with [Physical]\n[Dark] swaps with [Holy]\n[Poison] swaps with [Arcane]\nDoes not affect the Wizard	[{radius}:radius]칸 범위의 유닛의 저항을 맞바꾼다\n[화염:fire]은 [얼음:ice]와 맞바뀐다\n[번개:lightning]은 [물리:physical]와 맞바뀐다\n[암흑:dark]은 [신성:holy]와 맞바뀐다\n[독:poison]은 [비전:arcane]과 맞바뀐다\n마법사에게는 영향을 주지 않는다
Faehaunt Gardener	요정이 깃든 정원사
For every [{cmax}:minion_health] [Lightning] or [Arcane] damage you deal, summon a Butterfly Demon\nDamage dealt: {c} / [{cmax}:minion_health]	당신이 입힌 [번개:lightning] 또는 [비전:arcane] 피해 [{cmax}:minion_health]마다 나비 악마를 소환한다\n입힌 피해: {c} / [{cmax}:minion_health]
Faehaunt Garden	요정이 깃든 정원
Garden Pruning	정원 가지치기
Damage dealt to allies counts double towards summoning Butterflies	아군에게 입힌 피해는 나비 소환에 2배로 계산된다
Guardian Gnomes	수호 노움
Summon [{num_summons}:num_summons] Gnomes on casting Faehaunt Garden	"요정이 깃든 정원"을 시전하면 [{num_summons}:num_summons]마리의 노움을 소환한다
Glass Garden	유리 정원
Summon Glass Butterflies instead of Butterfly Demons	나비 악마 대신 유리 나비를 소환한다
Fae Pupils	요정의 눈동자
Every 3rd Butterfly summoned has its Arcane Beam replaced with your Void Beam and its Lightning Beam replaced with your Lightning Bolt	소환되는 3번째 나비마다 비전 광선이 당신의 "공허의 광선"으로, 번개 광선이 당신의 "번개 화살"로 대체된다
For every [{minion_health}:minion_health] [Lightning] or [Arcane] damage you deal, summon a Butterfly Demon\nLasts [{duration}:duration] turns	당신이 입힌 [번개:lightning] 또는 [비전:arcane] 피해 [{minion_health}:minion_health]마다 나비 악마를 소환한다\n[{duration}:duration]턴 동안 지속된다
For every {val} damage dealt to enemies with {tag} spells and equipment, summon a Furnace Hound\n\nDamage Dealt: {dealt}	{tag} 주문과 장비로 적에게 입힌 피해 {val}마다 용광로 사냥개를 소환한다\n\n입힌 피해: {dealt}
Furnace of Sorcery	마법의 용광로
Furnace of Purity	순수의 용광로
[Holy] and [Fire] damage count double	[신성:holy]과 [화염:fire] 피해가 2배로 계산된다
Flames of Sorcery	마법의 화염
The furnace can cast your Flame Burst on a 5 turn cooldown	화로는 5턴 재사용 대기시간으로 당신의 "화염 작렬"을 시전할 수 있다
Imp Smithy	임프의 대장간
The furnace also summons a Furnace Imp for every 50 damage dealt	화로는 입힌 피해 50마다 화로 임프도 소환한다
Arcane Eyebolts	비전 눈빛 탄
Furnace Hounds can cast your Magic Missile on a 4 turn cooldown	용광로 사냥개는 4턴 재사용 대기시간으로 당신의 "마법 미사일"을 시전할 수 있다
Summon a Furnace of Sorcery which summons Furnace Hounds for every 100 damage dealt by [Sorcery] spells and equipment	마법의 용광로를 소환한다. [마법:sorcery] 주문과 장비로 피해를 100 입힐 때마다 용광로 사냥개를 소환한다.
Blood Skull	피의 해골
The Golden Skull can cast your Bloodshift on a 3 turn cooldown	"황금 해골"은 3턴 재사용 대기시간으로 당신의 "피의 전환"을 시전할 수 있다
Armored Skulls	장갑 해골
The Golden Skull is equipped with a copy of your headwear if you own any	플레이어가 머리 장비를 보유하고 있다면 "황금 해골"이 그 중 하나의 사본을 장착합니다.
The Golden Skull can cast your Wheel of Death on a 12 turn cooldown	"황금 해골"은 12턴 재사용 대기시간으로 당신의 "죽음의 수레바퀴"를 시전할 수 있다
Summon a Golden Skull	"황금 해골"을 소환
Incubation Exposure	잠복 노출
When one of your wyrm eggs is killed, the wyrm it spawns gains 100% resistance to the damage type that killed it	당신의 웜 알 중 하나가 쓰러지면, 그것이 낳는 웜은 그것을 쓰러뜨린 피해 종류에 대한 100% 저항을 얻는다
Scale Harvest	비늘 수확
For every 6 [Dragon] allies that die, regain a charge of Wyrm Eggs	[용:dragon] 아군이 6체 죽을 때마다 "웜의 알"의 사용 횟수를 1 회복한다
Wyrm Eggs	웜의 알
Magic Eggs	마법의 알
Fire eggs can cast your Fireball on a 3 turn cooldown\nIce eggs can cast your Icicle on a 3 turn cooldown	화염 알은 3턴 재사용 대기시간으로 당신의 파이어볼을 시전할 수 있다\n얼음 알은 3턴 재사용 대기시간으로 당신의 "고드름"을 시전할 수 있다
Radiant Eggs	빛나는 알
Wyrm Eggs gain a damaging aura with a [{radius}:radius] tile radius\nThe aura deals [{damage}:damage] [Fire] or [Ice] damage to match the egg's type	"웜의 알"은 [{radius}:radius]칸 반경의 피해 오라를 얻는다\n오라는 알의 종류에 맞춰 [{damage}:damage]의 [화염:fire] 또는 [얼음:ice] 피해를 입힌다
Summons [{num_summons}:num_summons] Wyrm eggs near the caster\nEach egg will hatch into either a [Fire] or an [Ice] wyrm on death	시전자 근처에 [{num_summons}:num_summons]개의 웜 알을 소환한다\n각 알은 사망 시 [화염:fire] 또는 [얼음:ice] 웜으로 부화한다
Glaive Warden	글레이브 수호자
Moon Glaive gains +1 [damage] each time a [Living] or [Nature] ally is summoned\nBonus damage lasts until next realm\nAdds [Nature] tag	"달의 글레이브"는 [생물:living] 또는 [자연:nature] 아군이 소환될 때마다 [피해:damage]+1을 얻는다\n추가 피해는 다음 차원까지 지속된다\n[자연:nature] 태그를 추가한다
Gravity Blade	중력의 칼날
Each turn, pull enemies within [{radius}:radius] tiles toward the glaive	턴마다 [{radius}:radius]칸 이내의 적을 글레이브 쪽으로 끌어당긴다
Moon Glaive	달의 글레이브
When this buff ends, Moon Glaive returns to you and deals [{damage}:damage] [Arcane] and [Physical] damage in a line	이 강화 효과가 끝나면, "달의 글레이브"가 당신에게 돌아와 일직선으로 [{damage}:damage]의 [비전:arcane] 및 [물리:physical] 피해를 입힌다
Glimmerblade	반짝이는 칼날
Deals [{damage}:damage] [Arcane] damage to enemies in line of sight of the target	대상의 시야 내의 적에게 [{damage}:damage]의 [비전:arcane] 피해를 입힌다
Electroblade	전기 칼날
Moon Glaive also deals [Lightning] damage as it travels\nWhen it reaches its destination, Moon Glaive deals [{damage}:damage] [Lightning] damage to enemies within [{radius}:radius] tiles	"달의 글레이브"는 이동 중에 [번개:lightning] 피해도 입힌다\n목적지에 도달하면, "달의 글레이브"는 [{radius}:radius]칸 이내의 적에게 [{damage}:damage]의 [번개:lightning] 피해를 입힌다
Gravityblade	중력칼날
Moon Glaive now pulls all enemies within [{radius} tiles:radius] toward itself each turn\nIt will linger for [{duration}:duration] turns before returning	"달의 글레이브"는 이제 턴마다 [{radius}칸:radius] 이내의 모든 적을 자신에게 끌어당긴다\n돌아오기 전에 [{duration}:duration]턴 동안 머무른다
Hurl a Moon Glaive at the target\nDeal [{damage}:damage] [Arcane] and [Physical] damage in a line\nThe glaive will linger on the target tile for 1 turn, and return at the end of your next turn, dealing damage again\nMust target an unoccupied tile	대상에게 "달의 글레이브"를 던진다\n직선상에 [{damage}:damage]의 [비전:arcane] 및 [물리:physical] 피해를 입힌다\n글레이브는 대상 칸에 1턴 머물렀다가 다음 턴 종료 시 돌아오며, 다시 피해를 입힌다\n비어 있는 칸을 대상으로 해야 한다
Carnival of Pain	고통의 축제
When a unit takes [Physical], [Fire], or [Lightning] damage, the [{num_targets}:num_targets] nearest enemies in line of sight take half that much [Dark] damage	유닛이 [물리:physical], [화염:fire] 또는 [번개:lightning] 피해를 받으면, 시야 내의 가장 가까운 적 [{num_targets}:num_targets]명이 그 절반의 [암흑:dark] 피해를 받는다
When an enemy takes [Physical], [Fire], or [Lightning] damage, their [{num_targets}:num_targets] nearest allies in line of sight take half that much [Dark] damage	적이 [물리:physical], [화염:fire] 또는 [번개:lightning] 피해를 받으면, 시야 내의 가장 가까운 아군 [{num_targets}:num_targets]명이 그 절반의 [암흑:dark] 피해를 받는다
\nIf the triggering damage killed the unit, the [Dark] damage is doubled	\n발동 계기가 된 피해로 유닛이 죽었다면, [암흑:dark] 피해가 2배가 된다
\nEvery 3rd kill by Carnival of Pain casts your Fiery Tormentor spell at the slain unit's location	\n"고통의 축제"가 3체 처치할 때마다, 쓰러진 유닛의 위치에 당신의 "화염의 고문자" 주문을 시전한다
\nHeal for half the [Dark] damage dealt by Carnival of Pain	\n"고통의 축제"가 입힌 [암흑:dark] 피해의 절반만큼 회복한다
Lifesteal	HP 갈취
Carnival of Pain heals you for 50% the damage it deals	"고통의 축제"는 입힌 피해의 50%만큼 당신을 회복한다
Death Power	죽음의 힘
If the triggering damage killed the enemy, the bolt coming out of that enemy deals double damage	촉발한 피해가 적을 처치한 경우, 그 적에게서 나오는 화살이 2배의 피해를 입힌다
Torment	고통
Every 3rd kill by Carnival of Pain casts your Fiery Tormentor spell at the slain unit's location	"고통의 축제"에 의한 3번째 처치마다 쓰러진 유닛의 위치에 당신의 "화염의 고문자" 주문을 시전한다
Crowd Participation	군중의 참여
Carnival of Pain triggers when any unit takes damage, not only enemies	"고통의 축제"는 적뿐만 아니라 어떤 유닛이 피해를 받아도 발동한다
When an enemy takes [Physical], [Fire], or [Lightning] damage, their [{num_targets}:num_targets] nearest allies in line of sight take half that much [Dark] damage\nLasts [{duration}:duration] turns	적이 [물리:physical], [화염:fire] 또는 [번개:lightning] 피해를 받으면, 시야 내의 가장 가까운 아군 [{num_targets}:num_targets]명이 그 절반의 [암흑:dark] 피해를 받는다\n[{duration}:duration]턴 동안 지속된다
Mass Calcification	집단 석회화
Bone Shards	뼈 파편
Slain allies explode, dealing [{damage}:damage] [Physical] damage to up to [{num_targets}:num_targets] enemies in their line of sight	처치된 아군은 폭발하여 그 시야 내 최대 [{num_targets}:num_targets]명의 적에게 [{damage}:damage]의 [물리:physical] 피해를 입힌다
Blood Salvage	피의 인양
Heal for the current HP of allies slain by this spell	이 주문으로 처치한 아군의 현재 HP만큼 회복한다
Osseous Amalgam	뼈 융합체
Instead of summoning individual Bone Shamblers, summon a single massive Bone Shambler with the slain units' combined HP	개별 뼈 셈블러를 소환하는 대신, 처치된 유닛의 합산 HP를 가진 단일 거대 뼈 셈블러를 소환한다
Dark Harvest	암흑 수확
Regain a charge of another [Dark] spell when you kill an ally with Mass Calcification	"집단 석회화"로 아군을 처치하면, 다른 [암흑:dark] 주문의 사용 횟수를 1 회복한다
Non [Undead] allies are killed and raised as Bone Shamblers\nBone Shamblers inherit the HP of slain units, and have a melee attack that deals damage equal to a quarter of their max HP	[언데드:undead] 외 아군은 처치되어 뼈 셈블러로 일으켜진다\n뼈 셈블러는 처치된 유닛의 HP를 물려받으며, 자신의 최대 HP의 4분의 1에 해당하는 피해를 입히는 근접 공격을 가진다
Scourge	재앙
Scourged	재앙을 받은
Cannot act\nEach turn, this unit and nearby units take [Holy] damage	행동 불가\n턴마다, 이 유닛과 근처의 유닛이 [신성:holy] 피해를 받는다
Ascension	승천
When a Scourged [Demon] dies, casts a random [Holy] [Conjuration] you know at that location	재앙을 받은 [악마:demon]가 죽으면, 그 위치에 당신이 아는 무작위 [신성:holy] [소환:conjuration]을 시전한다
Mass Scourge	집단 재앙
Painful Lesson	고통스러운 교훈
Scourged inflicts [{duration}:duration] turns of [fear] after it ends	재앙을 받은 상태는 종료 후 [{duration}:duration]턴의 [공포:fear]를 부여한다
Scourged Exile	재앙의 추방자
Scourge also applies [berserk] for the same duration	"재앙"은 같은 지속시간의 [광폭화:berserk]도 부여한다
The target is Scourged for [{duration}:duration] turns\nScourged units cannot act\nEach turn, the target and units within [{radius}:radius] tiles take [{damage}:damage] [Holy] damage	대상은 [{duration}:duration]턴 동안 재앙을 받는다\n재앙을 받은 유닛은 행동할 수 없다\n매 턴, 대상과 [{radius}:radius]칸 이내의 유닛이 [{damage}:damage]의 [신성:holy] 피해를 받는다
Immolate	화형
Immolated	화형
Each turn, take [{damage}:damage] [Fire] damage\nEach turn, this damage increases by [{damage_growth}:damage]	매 턴 [{damage}:damage] [화염:fire] 피해를 입는다\n매 턴 피해량이 [{damage_growth}:damage] 증가한다
Conflagration	큰불
Immolate affects a connected group of enemies	"화형"은 연결된 적 무리에 작용한다
Radiant Heat	복사열
Immolate inflicts [{duration}:duration] turns of [blind] and deals half damage to enemies within [{radius}:radius] tiles each turn	"화형"은 [{duration}:duration]턴의 [실명:blind]을 부여하고, 매 턴 [{radius}:radius]칸 이내의 적에게 절반의 피해를 입힌다
Dragon Soul	용의 영혼
When an immolated enemy dies, regain a charge of another [Dragon] spell you know	화형 상태의 적이 죽으면, 당신이 아는 다른 [용:dragon] 주문의 사용 횟수를 1 회복한다
Unquenchable Flames	꺼지지 않는 화염
Immolate gains permanent duration	"화형"은 영구 지속 시간을 얻는다
Cursed Flames	저주의 불꽃
Immolate will also deal [Dark] damage\nManually casting Immolate will remove all debuffs from the caster, and be cast again for free for each debuff removed	"화형"이 [암흑:dark] 피해도 입힌다\n"화형"을 직접 시전하면 시전자의 모든 약화 효과를 제거한다. 제거한 약화 효과마다 "화형"을 충전 소모 없이 한 번씩 추가로 시전한다
Target enemy takes [{damage}:damage] [Fire] damage each turn for [{duration}:duration] turns\nThis damage increases by [{damage}:damage] each turn	대상 적은 [{duration}:duration]턴 동안 매 턴 [{damage}:damage]의 [화염:fire] 피해를 받는다\n이 피해는 매 턴 [{damage}:damage]만큼 증가한다
Armor of Armageddon	아마겟돈의 방어구
Deals 6 [Fire], [Lightning], and [Physical] damage to enemies that harm the owner	소유자를 해치는 적에게 [화염:fire], [번개:lightning], [물리:physical] 피해를 6 입힌다
Armageddon Foretold	예언된 아마겟돈
Doom	파멸
Doombrand	파멸의 낙인
Armageddon Blade	아마겟돈의 칼날
Grants a buff which provides 50% resistance to [Fire], [Lightning], and [Physical] damage\nThe buff also deals 6 [Fire], [Lightning], and [Physical] damage to enemies that harm the owner	[화염:fire]·[번개:lightning]·[물리:physical] 피해에 대한 50% 저항을 제공하는 강화 효과를 부여한다\n이 강화 효과는 소유자에게 피해를 입히는 적에게도 [화염:fire]·[번개:lightning]·[물리:physical] 피해를 6 입힌다
Mass Armaments	집단 무장
Affects a connected group of allies	연결된 무리의 아군에게 작용한다
When the unit uses their Annihilate on an enemy, they inflict the Doom debuff\nDoom reduces all resistances by 25%	유닛이 적에게 "섬멸"을 사용하면, 파멸 약화 효과를 부여한다\n파멸은 모든 저항을 25% 낮춘다
Grant target ally a melee version of your Annihilate spell	대상 아군에게 당신의 "섬멸" 주문의 근접 버전을 부여한다
Bone Spear also deals [Fire] damage	"뼈 창"은 [화염:fire] 피해도 입힌다
When Bone Spear kills a unit, enemies within [{radius}:radius] tiles of the slain unit take [{damage}:damage] [Poison] damage	"뼈 창"이 유닛을 처치하면, 쓰러진 유닛의 [{radius}:radius]칸 이내의 적이 [{damage}:damage]의 [독:poison] 피해를 받는다
Bone Spear applies [stun] for [{duration}:duration] turns	"뼈 창"은 [{duration}:duration]턴 동안 [기절:stun]을 부여한다
Bone Ballista	뼈 발리스타
Deal [{damage}:damage] [Physical] damage in a line\nThis spell can target and destroy a wall tile	직선에 [{damage}:damage]의 [물리:physical] 피해를 입힌다\n이 주문은 벽 칸을 대상으로 하여 파괴할 수 있다
Worm Host	벌레 숙주
Lumbriogenesis max charges removed\nYou regenerate 3 HP each turn\nAlways Active	"지렁이 발생"의 최대 사용 횟수가 제거된다\n매 턴 HP 3을 재생한다\n상시 발동
Toxogenesis	독 발생
Also summon a Toxic Worm Ball	독성 벌레 구체도 소환한다
Mechanogenesis	기계 발생
Also summon an Iron Worm Ball	철 벌레 구체도 소환한다
Ectogenesis	체외 발생
Also summon a Ghost Worm Ball	유령 벌레 구체도 소환한다
Pay half your current HP rounded up to summon a Worm Ball with that much health\nWorm Balls have a melee attack that deals damage equal to half their max HP\nIf you sacrificed 50 or more HP, summon a Worm Shambler instead	올림한 현재 HP의 절반을 지불하여 그만큼의 체력을 가진 벌레 공을 소환한다\n벌레 공은 자신의 최대 HP의 절반에 해당하는 피해를 입히는 근접 공격을 가진다\n50 이상의 HP를 희생했다면, 대신 벌레 셔블러를 소환한다
Hellbound	지옥행
Negates damage from [Demon] units	[악마:demon] 유닛으로부터의 피해를 무효화한다
Spear Hag	창 마녀
The Night Hag can cast your Bone Spear on a 4 turn cooldown	"밤의 마귀할멈"은 4턴 재사용 대기시간으로 당신의 "뼈 창"을 시전할 수 있다
Nightmare Hag	악몽의 마귀할멈
The Night Hag can cast your Nightmare Aura on a 30 turn cooldown	"밤의 마귀할멈"은 30턴 재사용 대기시간으로 당신의 "악몽의 오라"를 시전할 수 있다
The Night Hag gains the [Demon] tag, and negates incoming damage from other [Demons:demon]	"밤의 마귀할멈"은 [악마:demon] 태그를 얻고, 다른 [악마:demon]로부터 들어오는 피해를 무효화한다
Coven Matron	마녀단의 여가장
Casting this spell also summons [{num_summons}:num_summons] Witches near the Night Hag\nThese Witches will mature into Night Hags after 12 turns	이 주문을 시전하면, 밤의 마귀할멈 근처에 마녀를 [{num_summons}:num_summons]명도 소환한다\n이 마녀들은 12턴 후 밤의 마귀할멈로 성장한다
Summon a Night Hag	밤의 마녀를 소환
Lifedrain	생명력 흡수
Drain [{dmg}:damage] health per turn	매 턴 생명력 [{dmg}:damage] 흡수
Blood Hexes	피의 사술
When you cast an [Enchantment] spell other than Lifedrain targeting an enemy, Lifedrain is also cast on that target	"생명력 흡수" 이외의 [부여:enchantment] 주문을 적에게 시전하면, 그 대상에게도 "생명력 흡수"가 시전된다
Exsanguinate	실혈
Lifedrain will stack instead of replacing the previous instance on subsequent applications	"생명력 흡수"는 이후 재부여 시 이전 것을 대체하는 대신 중첩된다
Life Funnel	생명력 깔때기
Lifedrain will also deal damage to and drain life from up to [{num_targets}:num_targets] enemies within [{radius}:radius] tiles of the target each turn	매 턴 대상 [{radius}:radius]칸 내의 적 최대 [{num_targets}:num_targets]에게도 "생명력 흡수"가 적용되어 피해를 주고 생명력을 흡수한다
Blood Horizon	피의 지평선
Deal [{damage}:damage] [Dark] damage to the target each turn\nHeals the caster for damage dealt\nLasts [{duration}:duration] turns	턴마다 대상에게 [{damage}:damage]의 [암흑:dark] 피해를 입힌다\n입힌 피해만큼 시전자를 회복시킨다\n[{duration}:duration]턴 지속한다
Ritual of Revelation	계시의 의식
Channel the Ritual of Revelation for [{max_channel}:max_channel] turns\nEach turn while you channel, Holy Fire will be cast on up to [{num_targets}:num_targets] enemies in line of sight\nIf you complete the ritual, summon [{num_summons}:num_summons] False Prophets nearby	"계시의 의식"을 [{max_channel}:max_channel]턴 동안 지속 시전한다\n지속 시전하는 각 턴마다, 시야 내의 최대 [{num_targets}:num_targets]명의 적에게 "신성한 불꽃"이 시전된다\n의식을 완료하면, 근처에 거짓 예언자를 [{num_summons}:num_summons]명 소환한다
Devour Flesh	살점 포식
Devour an allied [Living] unit to heal yourself for its current HP	아군 [생물:Living] 유닛을 포식하여 현재 HP만큼 자신을 회복한다
Controlled Appetite	절제된 식욕
Instead of killing the target, only steal as much HP as you are missing, leaving the target with at least 1 HP	대상을 죽이지 않고, 잃은 HP만큼만 흡수. 대상의 HP는 최소 1 남음
Mass Feeding	집단 포식
Also heals your other allies within [{radius}:radius] tiles of the target	대상 [{radius}:radius]칸 이내의 다른 아군도 회복함
Demonic Appetite	악마의 식욕
Devour Flesh can target [Demon:demon] allies	"살점 포식"은 [악마:demon] 아군을 대상으로 할 수 있다
Resistance Absorption	저항 흡수
Gain resistance to the target's most resisted damage type equal to their resistance\nLasts until the end of the level	대상이 가진 가장 높은 피해 유형의 저항을 같은 수치만큼 얻는다\n레벨 종료 시까지 지속
Bloodshift	피의 전환
Blood Freeze	피의 빙결
Affected enemies are [frozen] for [{duration}:duration] turns	영향을 받은 적은 [{duration}:duration]턴 동안 [빙결:frozen]된다
Toxic Shift	독성 전환
Bloodshift also deals [Poison] damage\nThe [Poison] damage does not cause healing	"피의 전환"은 [독:poison] 피해도 입힌다\n이 [독:poison] 피해는 회복을 일으키지 않는다
Blood Greed	피의 탐욕
You and only you are healed by this spell, even if you are out of the targeted area	이 주문은 대상 범위 밖에 있어도 오직 당신만을 회복시킨다
Boiling Bloodshift	끓는 피의 전환
Allies in the affected area receive a buff to their damage, as though you had cast Boiling Blood	영향받은 지역의 아군은 "끓는 피"를 시전한 것처럼 피해에 대한 강화 효과를 받는다
Enemies in a [{radius}:radius] tile burst take [{damage}:damage] [Dark] damage\nDamage dealt this way heals you or a wounded ally in the targeted area for half that amount	[{radius}:radius]칸 범위의 적은 [{damage}:damage]의 [암흑:dark] 피해를 받는다\n이 방식으로 입힌 피해는 그 절반만큼 당신 또는 대상 범위 내의 부상당한 아군을 회복시킨다
Belly Flop	배치기
Flesh Fiend gains a [{minion_range}:minion_range] range [{minion_damage}:minion_damage] damage leap attack on a 7 turn cooldown	"살점 마족"은 7턴 재사용 대기시간으로 [{minion_range}:minion_range] 사거리·[{minion_damage}:minion_damage] 피해의 도약 공격을 얻는다
Worm Lord	벌레 군주
Flesh Fiends can cast your Lumbriogenesis on a 13 turn cooldown	살점 마족은 13턴 재사용 대기시간으로 당신의 "지렁이 발생"을 시전할 수 있다
Cursed Flesh	저주받은 살점
Flesh Fiends gain the [Dark] tag\nEnemies who attack them with melee attacks receive [{duration}:duration] turns of [necrosis]	살점 마족은 [암흑:dark] 태그를 얻는다\n근접 공격으로 그것을 공격한 적은 [{duration}:duration]턴의 [괴사:necrosis]를 받는다
Flaming Fiend	불타는 마족
Summon a Flaming Flesh Fiend instead	대신 불타는 살점 마족을 소환한다
Summon a Flesh Fiend	"살점 마족"을 소환
Gates of Helheim	헬헤임의 관문
Summon [{num_summons}:num_summons] Aelf Spawners at random locations	무작위 위치에 [{num_summons}:num_summons]개의 아엘프 생성기를 소환한다
Horde of Halfmen	반인의 무리
Pandemonium Party	복마전의 향연
Also summon Pan	판도 소환한다
Golden Bull	황금 황소
Also summon Minos	미노스도 소환한다
All the King's Horses	왕의 모든 말
Also summon [{num_summons}:num_summons] Centaurs	켄타우로스를 [{num_summons}:num_summons]마리 추가로 소환한다
Baphomet's Horde	바포메트 무리
Also cast your Goatia Offering spell [{num_summons}:num_summons] times nearby	근처에서 당신의 "고티아의 공물" 주문을 [{num_summons}:num_summons]번 시전한다
Summon [{num_summons}:num_summons] Satyrs and [{num_summons}:num_summons] Minotaurs	[{num_summons}:num_summons]마리의 사티로스와 [{num_summons}:num_summons]마리의 미노타우로스를 소환한다
Scape Goats	희생양 염소
Goatia Offering	고티아의 공물
The Goatia reincarnates once upon death	고티아는 사망 시 한 번 환생한다
Pain Aura	고통의 오라
The Goatia deals [{minion_damage}:minion_damage] [Dark] damage to enemies that damage it	고티아는 자신에게 피해를 입히는 적에게 [{minion_damage}:minion_damage]의 [암흑:dark] 피해를 입힌다
Maggot Host	구더기 숙주
On death, the Goatia summons [{num_summons}:num_summons] Mind Maggots	사망 시, 고티아는 [{num_summons}:num_summons]체의 정신 구더기를 소환한다
Summon a Goatia	고티아를 소환
Burning Hunger	타오르는 굶주림
Consumes the {num} lowest HP {kw} each turn, dealing [{damage}:minion_damage] [Fire] damage to enemies within [{radius}:radius] tiles	매 턴, HP가 가장 낮은 {num}명의 {kw}을(를) 소비하여, [{radius}:radius]칸 이내의 적에게 [{damage}:minion_damage] [화염:fire] 피해를 입힌다
Consumes the lowest HP {kw} each turn, dealing [{damage}:minion_damage] [Fire] damage to enemies within [{radius}:radius] tiles	매 턴, HP가 가장 낮은 {kw}을(를) 소비하여, [{radius}:radius]칸 이내의 적에게 [{damage}:minion_damage] [화염:fire] 피해를 입힌다
\nAlso deals [Physical] damage equal to half the sacrificed unit's max HP	\n희생된 유닛의 최대 HP의 절반에 해당하는 [물리:physical] 피해도 입힌다
\nAllies in the explosion are healed instead	\n폭발 안의 아군은 대신 회복된다
\nSacrificed: {counter} / {max}	\n바친 수: {counter} / {max}
Burning Idol	타오르는 우상
Bone Explosion	뼈 폭발
The idol's explosion also deals [Physical] damage equal to half of the sacrificed unit's max HP	우상의 폭발은 희생된 유닛의 최대 HP 절반에 해당하는 [물리:physical] 피해도 입힌다
Gluttonous Sacrifice	폭식의 제물
Consumes the [{num_targets}:num_targets] lowest HP allies instead of just one	하나뿐만 아니라, HP가 가장 낮은 [{num_targets}:num_targets]명의 아군을 소비한다
Indiscriminate Hunger	무차별적 굶주림
The Idol of Burning Sacrifice will instead consume the lowest HP unit each turn, regardless of their alignment	불타는 제물의 우상은 대신 진영과 관계없이 매 턴 HP가 가장 낮은 유닛을 소비한다
Sufficient Sacrifice	충분한 제물
After sacrificing 500 HP worth of units, summon a temporary Gilded Tyrant near the sacrificed unit	HP 환산 500에 해당하는 유닛을 희생한 후, 희생된 유닛 근처에 일시적인 금박 폭군을 소환한다
Summon an Idol of Burning Sacrifice\nEach turn, the idol consumes its lowest HP ally, dealing [{minion_damage}:minion_damage] [Fire] damage to enemies and healing allies in a [{radius}:radius] tile burst around the sacrificed unit\nThe idol and the Wizard are both legal sacrifices	불타는 제물의 우상을 소환한다\n턴마다, 우상은 HP가 가장 낮은 아군을 소비하여, 제물이 된 유닛 주변 [{radius}:radius]칸 범위의 적에게 [{minion_damage}:minion_damage]의 [화염:fire] 피해를 입히고 아군을 회복시킨다\n우상과 마법사 둘 다 유효한 제물이 된다
Idol of Burning Sacrifice	불타는 제물의 우상
Drain Pulse	흡수의 파동
Sickening Pulse	구역질 나는 파동
Drain Pulse also inflicts [{duration}:duration] turns of [bleed], [necrosis], and [poison]	"흡수의 파동"은 [출혈:bleed], [괴사:necrosis], [중독:poison] [{duration}:duration]턴도 부여한다
Desperation	절망
Damage is increased by 1 for every 10 HP you are missing	잃은 HP 10마다 피해가 1 증가한다
Felomancy	고양이술
Slain units are raised as Breathstealers	처치된 유닛은 숨도둑으로 일으켜진다
Deal [{damage}:damage] [Dark] and [Poison] damage in a [{radius} tile:radius] burst\nHeal for half the damage dealt	[{radius}칸:radius] 범위에 [{damage}:damage]의 [암흑:dark]과 [독:poison] 피해를 입힌다\n입힌 피해의 절반만큼 회복한다
Summon Wizard	마법사 소환
Wizard Gang	마법사 무리
Summon [{num_summons}:num_summons] wizards instead of one	하나가 아닌 [{num_summons}:num_summons]마리의 마법사를 소환한다
Jealousy	질투
When you cast this spell, up to [{num_targets}:num_targets] enemy wizards in line of sight of the summoned wizard become your allies	이 주문을 시전하면, 소환된 마법사의 시야 내의 적 마법사 최대 [{num_targets}:num_targets]명이 당신의 아군이 된다
Dragon Wizard	용 마법사
Always summon the Dragon Wizard	항상 "용 마법사"를 소환한다
Global Summoning	전체 소환
Summons a random wizard	무작위 마법사를 소환한다
Red Rider's Seal	적색 기수의 인장
Black Rider's Seal	검은 기수의 인장
Summon Rider	기수를 소환
Summon one of the four Horsemen	네 기수 중 한 명을 소환한다
Psychic Parasite	정신 기생충
Mind Harvester	정신 수확자
Psychic Seedling	정신의 묘목
Rapid Evolution	급속 진화
Increase the probability that a sapling will become a tree from 2% to 10%	묘목이 나무가 될 확률을 2%에서 10%로 증가시킨다
Parasitic Growth	기생 성장
May target an enemy instead of an empty tile\nTargeted enemy takes [{damage}:damage] [Arcane] damage per turn for [{duration}:duration] turns\nIf the enemy dies while under this effect, summon a Brain Tree where it died	빈 칸 대신 적을 대상으로 할 수 있다\n대상이 된 적은 [{duration}:duration]턴 동안 매 턴 [{damage}:damage]의 [비전:arcane] 피해를 입는다\n이 효과 중에 적이 죽으면, 그것이 죽은 곳에 뇌 나무를 소환한다
Psychic Fields	정신의 장
Plant [{num_summons}:num_summons] saplings instead of one	하나가 아닌 [{num_summons}:num_summons]개의 묘목을 심는다
Plant a Brain Sapling\nIt will eventually mature into a forest of Brain Trees	뇌 묘목을 심는다\n결국 뇌 나무의 숲으로 성장한다
Soul Wind	영혼의 바람
Shared Soul	공유된 영혼
Enemies that share a name with a unit slain by Soul Wind are afflicted with Shared Pain for [{duration}:duration] turns	"영혼의 바람"으로 쓰러진 유닛과 이름이 같은 적은 [{duration}:duration]턴 동안 공유된 고통에 시달린다
Soul Death	영혼의 죽음
Summon Death instead of a Ghost	유령 대신 죽음을 소환한다
Arcane Wind	비전 바람
Soul Wind also deals [Arcane] damage	"영혼의 바람"은 [비전:arcane] 피해도 입힌다
Soul Wind also affects a symmetric area behind the caster	"영혼의 바람"은 시전자 뒤쪽의 대칭된 영역에도 작용한다
Deal [{damage}:damage] [Dark] damage in a 3 tile wide line perpendicular to the caster\n[Undead], [Dark], and [Demon] units in the area take [Holy] damage instead of [Dark]\nSummon a Ghost near each [Living] unit in the affected area	시전자에 수직인 너비 3칸 직선에 [{damage}:damage]의 [암흑:dark] 피해를 입힌다\n범위 내의 [언데드:undead], [암흑:dark], [악마:demon] 유닛은 [암흑:dark] 대신 [신성:holy] 피해를 받는다\n영향받은 범위 내의 각 [생물:living] 유닛 근처에 망령을 소환한다
Stampede Form	코끼리 형상
You are a Pachyderm\nWhile in this form, attempting to move onto an enemy occupied tile will cause you to use a trampling melee attack\nThis attack deals [{damage}:minion_damage] damage and will move single-tile units out of the way	당신은 후피동물이다\n이 형태인 동안, 적이 점유한 칸으로 이동을 시도하면 짓밟는 근접 공격을 한다\n이 공격은 [{damage}:minion_damage] 피해를 입히고 한 칸 크기의 유닛을 밀어낸다
\nLoyal Pachyderms: {num}	\n충성스러운 후피동물: {num}
Ironhide	강철 가죽
You and your Pachyderm allies gain the [Metallic] tag, along with +50% resistance to [Fire], [Ice], and [Lightning] damage\nYou may cast [Metallic] spells without ending Stampede Form	당신과 당신의 후피동물 아군은 [금속:metallic] 태그와 함께 [화염:fire], [얼음:ice], [번개:lightning] 피해에 대한 +50% 저항을 얻는다\n"코끼리 형상"를 끝내지 않고 [금속:metallic] 주문을 시전할 수 있다
Loyalty	충성
For each turn you spend in Stampede Form, one of the remaining Pachyderms is not unsummoned when the buff ends	"코끼리 형상"로 보낸 각 턴마다 강화 효과가 끝날 때 남은 후피동물 중 1체가 소환 해제되지 않는다
Heavyweights	중량급
Your and your Pachyderm allies' melee attacks inflict 2 turns of [stun]	당신과 당신의 후피동물 아군의 근접 공격은 2턴의 [기절:stun]을 부여한다
Enraged Stampede	격노한 폭주
While Pachyderm Form is active, if one of your Pachyderms dies, cast Boiling Blood\nYou may cast [Fire] spells without ending Stampede Form	"코끼리 형상"가 활성인 동안, 당신의 후피동물 중 하나가 죽으면 "끓는 피"를 시전한다\n"코끼리 형상"를 끝내지 않고 [화염:fire] 주문을 시전할 수 있다
Become a Pachyderm and summon [{num_summons}:num_summons] Pachyderms nearby\nGain 50 [Physical] resistance\nWalking onto an enemy will move them and deal [{minion_damage}:minion_damage] [Physical] damage\nPachyderms are unsummoned when Stampede Form ends\nLasts [{duration}:duration] turns or until you cast a non [Nature] spell	후피 동물이 되어 근처에 후피 동물을 [{num_summons}:num_summons]명 소환한다\n[물리:physical] 저항 50을 얻는다\n적 위로 걸어가면 그 적을 이동시키고 [{minion_damage}:minion_damage] [물리:physical] 피해를 입힌다\n후피 동물은 "코끼리 형상"가 끝나면 소환 해제된다\n[{duration}:duration]턴, 또는 [자연:nature]이 아닌 주문을 시전할 때까지 지속된다
Hatebolts	증오의 화살
Unleash seeking bolts toward up to [{num_targets}:num_targets] random enemies each turn, dealing [{damage}:damage] [Fire] or [Dark] damage to units on the path\nCan be channeled for up to [{max_channel}:max_channel] turns\nWhen you stop channeling this spell, it deals you 1 [Fire] and [Dark] damage for each remaining enemy	매 턴, 최대 [{num_targets}:num_targets]명의 무작위 적을 향해 추적하는 화살을 방출하여, 경로 상의 유닛에게 [{damage}:damage]의 [화염:fire] 또는 [암흑:dark] 피해를 입힌다\n최대 [{max_channel}:max_channel]턴 동안 지속 시전할 수 있다\n이 주문의 지속 시전을 멈추면, 남은 적 한 명마다 당신에게 1의 [화염:fire]과 [암흑:dark] 피해를 입힌다
Ion Tentacles	이온 촉수
Deal [{damage}:damage] [Arcane] or [Lightning] damage to the nearest [{num_targets}:num_targets] enemies each turn	턴마다 가장 가까운 [{num_targets}:num_targets]명의 적에게 [{damage}:damage]의 [비전:arcane] 또는 [번개:lightning] 피해를 입힌다
Growing Power	증대하는 힘
Ion Tentacles' damage increases by [{damage}:damage] each turn for the first half of the duration, then decreases by [{damage}:damage] each turn for the second half	"이온 촉수"의 피해는 지속의 전반부에는 매 턴 [{damage}:damage] 증가하고, 후반부에는 매 턴 [{damage}:damage] 감소한다
Bloody Tendrils	피의 촉수
Ion Tentacles heals you for 50% of the damage it deals	"이온 촉수"는 그것이 입힌 피해의 50%만큼 당신을 회복시킨다
Coordination	협력
Tentacles deal the damage type their target is least resistant to between [Arcane] and [Lightning]	촉수는 [비전:arcane]과 [번개:lightning] 중 대상이 가장 저항이 낮은 종류의 피해를 입힌다
Cthulhu Form	크툴루 형상
Increase the starting number of targets by 2 for each [Eye] spell you know	당신이 알고 있는 [눈:eye] 주문 하나당, 시작 시 대상 수를 2 증가시킨다
Deal [{damage}:damage] [Arcane] or [Lightning] damage to the nearest [{num_targets}:num_targets] enemies each turn\nFor the first half of the duration the number of tentacles increases by 1 each turn, then decreases by 1 each turn for the second half\nLasts [{duration}:duration] turns	턴마다 가장 가까운 [{num_targets}:num_targets]명의 적에게 [{damage}:damage]의 [비전:arcane] 또는 [번개:lightning] 피해를 입힌다\n지속의 전반부에는 촉수의 수가 턴마다 1 증가하고, 후반부에는 턴마다 1 감소한다\n[{duration}:duration]턴 지속한다
Wave of Dread	공포의 파도
Wilting Wave	시듦의 파도
Wave of Dread also deals [Poison] damage and inflicts [{duration}:duration] turns of [poison]	"공포의 파도"는 [독:poison] 피해도 입히고 [{duration}:duration]턴의 [중독:poison]을 부여한다
Wave of Tyranny	폭정의 파도
If Wave of Dread deals more than half of the target's max HP, they join your team	"공포의 파도"가 대상의 최대 HP의 절반을 넘는 피해를 입히면, 그 대상은 당신의 팀에 합류한다
Ritual of Gnawing Dread	갉아먹는 공포의 의식
Wave of Dread can be channeled for up to [{max_channel}:max_channel] turns\nIf the ritual is completed, enemies with [fear] are afflicted with permanent [necrosis]	"공포의 파도"는 최대 [{max_channel}:max_channel]턴 동안 지속 시전할 수 있다\n의식이 완료되면, [공포:fear] 상태의 적은 영구 [괴사:necrosis]를 받는다
Fear Spirits	공포의 정령
On killing a unit, summon a temporary Fearface	유닛을 처치하면, 일시적인 공포 얼굴을 소환한다
Inflict [{damage}:damage] [Dark] damage and [{duration}:duration] turns of [fear] to units in a cone	원뿔 범위의 유닛에게 [{damage}:damage]의 [암흑:dark] 피해와 [{duration}:duration]턴의 [공포:fear]를 입힌다
Living Rain	살아있는 비
Each turn, summon [{num_summons}:num_summons] Water Elementals from [Rain Clouds:nature] you control\nAdds the [Conjuration] tag	턴마다 당신이 조종하는 [비구름:nature]에서 [{num_summons}:num_summons]체의 물의 정령을 소환한다\n[소환:conjuration] 태그를 추가한다
Rain Storm	폭풍우
Personal Storms	개인 폭풍
[Rain Clouds:nature] also appear over enemy occupied tiles	[비구름:nature]이 적이 점유한 칸 위에도 나타난다
Acid Rain	산성비
Healing Rain	치유의 비
Create [Rain Clouds:nature] over tiles in a [{radius}:radius] tile radius\nRain Clouds apply 2 turns of Soaked to units each turn\nThe clouds last for [{duration}:duration] turns	[{radius}:radius]칸 반경의 칸에 [비구름:nature]을 생성한다\n비구름은 턴마다 유닛에게 2턴의 젖음을 부여한다\n그 구름은 [{duration}:duration]턴 동안 지속된다
Wizard Replica	마법사 복제체
Sturdy Construction	견고한 구조
Blood Reclamation	피의 회수
If the Wizard Replica dies, this spell regains a charge	마법사 복제가 죽으면, 이 주문은 사용 횟수를 1 회복한다
Investiture	권능 부여
Wizard Colossus	마법사 거상
When you cast this spell, if there is room, summon a Wizard Colossus instead of a Wizard Replica\nA Wizard Colossus is a giant immobile version of the Wizard Replica, whose health and melee damage are multiplied by the number of equipment it owns	이 주문을 시전할 때 공간이 있으면 "마법사 복제체" 대신 "마법사 거상"을 소환\n"마법사 거상"은 움직일 수 없는 거대한 "마법사 복제체"이다. 생명력과 근접 피해가 보유한 장비 수만큼 배가된다
Reclamation	회수
Starbask	별빛 쬐기
Dream the Starwhale	별고래를 꿈꾸다
Ice Dream	얼음의 꿈
Starwhale's aura [freezes] affected enemies for [{duration}:duration] turns	별고래의 오라는 영향받은 적을 [{duration}:duration]턴 동안 [빙결:freeze]시킨다
While channeling, you and the Starwhale heal for half of any [Arcane] damage dealt	지속 시전 중에는, 당신과 스타웨일이 입힌 [비전:arcane] 피해의 절반을 회복한다
Ritual of Stars	별들의 의식
If you complete the ritual, the Starwhale is not unsummoned, and you are not [frozen]	의식을 완료하면, 별고래는 소환 해제되지 않고, 당신은 [빙결:frozen]되지 않는다
Summon a Starwhale\nGain 100% [Ice] and [Arcane] resistance while channeling\nThe Starwhale is unsummoned and you are [frozen] for 3 turns when you stop channeling\nCan be channeled for up to [{max_channel} turns:max_channel]	별고래를 소환한다\n지속 시전하는 동안 [얼음:ice]와 [비전:arcane] 저항 100%를 얻는다\n지속 시전을 멈추면 별고래는 소환 해제되고 당신은 3턴 동안 [빙결:frozen]된다\n최대 [{max_channel} 턴:max_channel] 동안 지속 시전할 수 있다
Starwhale	별고래
Ice Crystal Aura	빙정 오라
Blade Rites	검의 의식
Summon a blade nearby each turn	턴마다 근처에 칼날 1개를 소환한다
Summon Blade	칼날 소환
Serrated Blades	톱니 칼날
The blades' leap attack inflicts [{duration}:duration] turns of [bleed]	칼날의 도약 공격은 [{duration}:duration]턴의 [출혈:bleed]을 부여한다
Bladeworks	검술
Summon [{num_summons}:num_summons] blades instead of one	하나가 아닌 [{num_summons}:num_summons]개의 칼날을 소환한다
Ritual of Blades	칼날의 의식
You may channel this spell for [{max_channel} turns:max_channel]\nIf you complete the ritual, gain the [Blade Rites:metallic] buff for [{max_channel}:max_channel] turns, which summons a blade near you each turn	이 주문을 [{max_channel} 턴:max_channel] 동안 지속 시전할 수 있다\n의식을 완료하면, [{max_channel}:max_channel]턴 동안 [검의 의식:metallic] 강화 효과를 얻으며, 이는 매 턴 당신 근처에 검을 소환한다
Swords of Light	빛의 검들
Summon Swords of Light instead of Dancing Blades	춤추는 칼날 대신 빛의 검을 소환한다
Summon a temporary Dancing Blade	일시적인 춤추는 칼날을 소환한다
Dragon Tutor	용의 스승
When an allied [Dragon] is summoned, replace their normal melee attack with your Dragon Claw spell	아군 [용:dragon]이 소환되면, 그것의 일반 근접 공격을 당신의 "용의 발톱" 주문으로 대체한다
Dragon Claw	용의 발톱
Serrated Steel Claws	톱니 강철 발톱
Dragon Claw also inflicts [{duration}:duration] turns of [bleed]	"용의 발톱"은 [출혈:bleed] [{duration}:duration]턴도 부여한다
Frenzied Swipes	광란의 할퀴기
Dragon Claw hits [{num_targets}:num_targets] times	"용의 발톱"은 [{num_targets}:num_targets]회 적중한다
Chaos Claws	혼돈의 발톱
Dragon Claw also deals [Fire] and [Lightning] damage	"용의 발톱"은 [화염:fire]과 [번개:lightning] 피해도 입힌다
Deal [{damage}:damage] [Physical] damage in an arc\nWill not damage allies unless directly targeted	호 모양으로 [{damage}:damage]의 [물리:physical] 피해를 입힌다\n직접 대상으로 하지 않는 한 아군에게 피해를 입히지 않는다
Measured Breathing	고른 호흡
If you do not manually cast a spell on your turn, regain a charge of Dragon Breath	당신의 턴에 수동으로 주문을 시전하지 않으면, "용의 숨결"의 사용 횟수를 1 회복한다
Dragon Breath	용의 숨결
Chromatic Aspect	무지갯빛 양상
Dragon Breath grants you 100% resistance to its damage type(s) for [{duration}:duration] turns	"용의 숨결"은 [{duration}:duration]턴 동안 그 피해 종류에 대한 100% 저항을 부여한다
Dragon Lungs	용의 폐
Dragon Breath deals additional damage equal to its remaining charges	"용의 숨결"은 남은 사용 횟수에 해당하는 추가 피해를 입힌다
Dragon Speaker	용의 화자
Dragon Breath deals an additional random damage type for each other [Dragon] spell you know	"용의 숨결"은 당신이 익힌 다른 [용:dragon] 주문 하나마다 추가 무작위 피해 종류를 입힌다
Deal [{damage}:damage] damage of a random type in a cone\nIf you target a unit with this spell, the damage type will instead be the one they are most vulnerable to	부채꼴로 무작위 종류의 [{damage}:damage] 피해를 입힌다\n이 주문으로 유닛을 대상으로 하면 피해 종류는 대신 그 유닛이 가장 취약한 종류가 된다
Shadow Hex	그림자 저주
Insatiable Shadows	탐욕스러운 그림자
The Shadow Hex debuff removes [25% Dark:dark] resistance	"그림자 저주" 약화 효과는 [25% 암흑:dark] 저항을 제거한다
Devouring Shadows	탐식하는 그림자
The Shadow Hex debuff removes temporary buffs at the end of each turn\nEach buff removed this way increases its damage by [{damage}:damage] for the remainder of its duration	"그림자 저주" 약화 효과는 각 턴 종료 시 임시 강화 효과를 제거한다\n이 방식으로 제거된 강화 효과 하나마다, 남은 지속시간 동안 피해가 [{damage}:damage]만큼 증가한다
Compounding Curses	누적되는 저주
Shadow Hex will stack instead of extending its duration on subsequent applications	"그림자 저주"는 재부여 시 지속시간을 연장하는 대신 중첩된다
Hex Knot	저주의 매듭
Affected units also receive the [Shared Pain:blood] debuff for [{duration}:duration] turns	영향을 받은 유닛은 [{duration}:duration]턴 동안 [공유된 고통:blood] 약화 효과도 받는다
Curse enemies in a [{radius} tile:radius] radius with the Shadow Hex for [{duration}:duration] turns\nCursed targets take [{damage}:damage] [Dark] damage each turn	[{radius}_칸:radius] 반경의 적을 "그림자 저주"로 [{duration}:duration]턴 동안 저주한다\n저주받은 대상은 턴마다 [{damage}:damage] [암흑:dark] 피해를 받는다
Death Clock	죽음의 시계
Daily Death	매일의 죽음
Casts again in 24 turns	24턴 후 재시전
Stopwatch	스톱워치
[Stun] duration now scales with [duration:duration]	[기절:stun] 지속시간이 이제 [지속시간:duration]에 따라 변한다
Sundial	해시계
Death Clock also deals [Fire] damage	"죽음의 시계"는 [화염:fire] 피해도 입힌다
Ritual of Mortality	필멸의 의식
Death Clock may be channeled for up to [{max_channel}:max_channel] turns\nIf you complete the ritual, units hit by the final cast have their max HP halved	"죽음의 시계"는 최대 [{max_channel}:max_channel]턴 동안 지속 시전할 수 있다\n의식을 완료하면 마지막 시전에 맞은 유닛의 최대 HP가 절반으로 줄어든다
Deal [{damage}:damage] [Dark] and [Physical] damage in the shape of a clock\nThe direction of the hour hand is determined by the current turn number\nAffected units are [stunned:stun] for 1 turn\nWill not affect the caster	시계 모양으로 [{damage}:damage]의 [암흑:dark]과 [물리:physical] 피해를 입힌다\n시침의 방향은 현재 턴 수로 결정된다\n영향받은 유닛은 1턴 [기절:stun]한다\n시전자에게는 영향을 주지 않는다
Shatter	분쇄
Gather Ice	얼음 수집
Gain 1 [SH:shields] for each damaged target in your line of sight	당신의 시야 내의 피해를 받은 대상 1체마다 [보호막 1개:shields]를 얻는다
Razor Ice	면도날 얼음
Shatter also inflicts [{duration}:duration] turns of [hemorrhage]	"분쇄"는 [{duration}:duration]턴의 [과다 출혈:hemorrhage]도 부여한다
Glacial Excision	빙하 절제
After dealing damage, Shatter reduces affected enemies' max HP to match their current HP	피해를 입힌 후, "분쇄"는 영향을 받은 적의 최대 HP를 현재 HP에 맞춰 줄인다
Summon Sorrow when Shatter kills a unit	"분쇄"가 유닛을 처치하면 슬픔을 소환한다
[Frozen:ice] enemies take [{damage}:damage] [Physical:physical] damage	[빙결:ice]된 적은 [{damage}:damage]의 [물리:physical] 피해를 입는다
Summon Bone Knights	뼈 기사를 소환
Double Hit	이단 공격
Knights now hit [{num_targets}:num_targets] times	기사는 이제 [{num_targets}:num_targets]회 명중한다
Bones of Steel	강철의 뼈
Knights receive the [Metallic] tag, gaining [Lightning] immunity along with increased resistance to [Fire], [Ice], and [Physical] damage	기사는 [금속:metallic] 태그를 받아, [번개:lightning] 면역과 함께 [화염:fire], [얼음:ice], [물리:physical] 피해에 대한 증가한 저항을 얻는다
Knightmares	기사의 악몽
Apply your Nightmare Aura buff for [{duration}:duration] turns to each of the knights when they are summoned	기사가 소환될 때, 각 기사에게 당신의 "악몽의 오라" 강화 효과를 [{duration}:duration]턴 동안 부여한다
Bone Squadron	뼈 부대
Summon half as many Bone Knight Archers to accompany the Bone Knights	뼈 기사에 동행하는 뼈 기사 궁수를 절반의 수만큼 소환한다
Summon [{num_summons}:num_summons] Bone Knights nearby	근처에 [{num_summons}:num_summons]마리의 뼈 기사를 소환한다
Roar of Anguish	고뇌의 포효
The first time you take damage each turn, cast Dragon Roar	각 턴에서 처음으로 피해를 받을 때, "용의 포효"를 시전한다
Dragon Roar	용의 포효
Forceful Roar	강력한 포효
Frightening Presence	두려운 존재감
Affected enemies with less health than you are [feared] for [{duration}:duration] turns	당신보다 HP가 낮은 영향받은 적은 [{duration}:duration]턴 동안 [공포:fear]에 빠진다
Rallying Roar	결집의 포효
Allies in the radius gain +1 damage to their spells\n[Dragon] allies gain +4 instead	반경 내의 아군은 주문에 피해 +1을 얻는다\n[용:dragon] 아군은 대신 +4를 얻는다
Deal [{damage}:damage] [Physical] damage to enemies in a [{radius}:radius] tile burst around the caster\nPush affected enemies up to {push_distance} tiles away	시전자 주위 [{radius}:radius]칸 범위의 적에게 [{damage}:damage]의 [물리:physical] 피해를 입힌다\n영향받은 적을 최대 {push_distance}칸 밀어낸다
Drake Rider	드레이크 기수
Grants [quickstep:translocation] and flying\nIf you lose this buff while over a chasm, unless you have other methods of flight, you will be deposited at the nearest valid tile\nIf no such tile exists, fall to your death	[빠른 이동:translocation]과 비행을 부여한다\n심연 위에 있는 동안 이 버프를 잃으면, 다른 비행 수단이 없는 한, 가장 가까운 유효한 칸에 내려진다\n그러한 칸이 없으면, 떨어져 죽는다
\nEach turn, cast Dragon Breath spell for free at the nearest enemy in line of sight	\n턴마다, 시야 내의 가장 가까운 적에게 "용의 숨결" 주문을 무료로 시전한다
Ride Drake	드레이크 탑승
Evasive Maneuvers	회피 기동
Gain [6 SH:shields] on cast	시전 시 [보호막 6개:shields]를 얻는다
Armored Drake	장갑 드레이크
While mounted, gain [50% Physical:physical] resist	탑승 중에는, [50% 물리:physical] 저항을 얻는다
Strafing Run	기총 소사
While mounted, cast Dragon Breath at the closest nearby enemy each turn	탑승 중에는, 매 턴 가장 가까운 적에게 "용의 숨결"을 시전한다
Flight of the Dragons	용의 비상
On cast, cast your other [Dragon] [Conjuration] spells nearby	시전 시, 근처에서 당신의 다른 [용:dragon] [소환:conjuration] 주문을 시전한다
Beckon forth a draconic mount, gaining [quickstep:translocation] and flying\nLasts [{duration}:duration] turns	용의 탈것을 불러내어 [빠른 이동:translocation]과 비행을 얻는다\n[{duration}:duration]턴 동안 지속된다
Ruinous Offering	파멸의 제물
Panoply of Ruin	파멸의 갑주
Ruinous Offering is no longer limited to only [Chaos] and [Blood] spells	"파멸의 제물"은 [혼돈:chaos]과 [피:blood] 주문에만 한정되지 않는다
Ruinous Gate	파멸의 문
Units summoned by the empowered spell gain the [Demon] tag	강화된 주문으로 소환된 유닛은 [악마:demon] 태그를 얻는다
Sanguine Renewal	피의 재생
The empowered spell regains all charges	강화된 주문은 모든 사용 횟수를 회복한다
Blessing of Ruin	파멸의 축복
Ruinous Offering empowers up to [{num_targets}:num_targets] different spells instead of one	"파멸의 제물"은 하나가 아닌 최대 [{num_targets}:num_targets]개의 서로 다른 주문을 강화한다
Empower one of your other spells at the cost of your life\nGain a stacking [{bonus}%:blood] bonus to the attributes of another [Chaos] or [Blood] spell you know\nLasts [{duration}:duration] turns	자신의 생명을 대가로 당신의 다른 주문 1개를 강화한다\n당신이 아는 다른 [혼돈:chaos] 또는 [피:blood] 주문의 속성에 누적되는 [{bonus}%:blood] 보너스를 얻는다\n[{duration}:duration]턴 동안 지속된다
The Gate And The Key	문과 열쇠
Every 6 turns, summon an allied [Fiend:demon] from each bound Rift	6턴마다 결속된 각 균열에서 아군 [마족:demon]을 소환한다
Ritual Bound	의식 속박
This is bound to your will	이것은 당신의 의지에 결속되어 있다
If this buff is removed before the ritual is complete, this unit joins the enemy team and disappears [{duration}:duration] turns later	의식이 완료되기 전에 이 강화 효과가 제거되면, 이 유닛은 적 팀에 합류하고 [{duration}:duration]턴 후에 사라진다
Ritual Bound: Sealed	의식 속박: 봉인
Demonic Ritual	악마적 의식
Solomon's Binding	솔로몬의 속박
Enemy [Demons:demon] are [stunned] for [{duration}:duration] turns each turn you channel this spell	이 주문을 지속 시전하는 각 턴마다 적 [악마:demon]를 [{duration}:duration]턴 동안 [기절:stun]시킨다
Inviolate Ritual	불가침의 의식
Gain 100% resistance to all damage types while channeling Demonic Ritual	"악마적 의식"을 지속 시전하는 동안 모든 피해 종류에 대한 100% 저항을 얻는다
The Gate and the Key	문과 열쇠
Once per Rift, if you complete the ritual while standing atop it, an allied [fiend:demon] will come forth from that location every 6 turns until the realm is complete	균열마다 1회, 그 위에 서서 의식을 완료하면, 차원이 완료될 때까지 6턴마다 그 위치에서 아군 [마족:demon]이 나타난다
Grand Ritual	대의식
Rather than a single [fiend:demon], summon one of each	단일 [마족:demon] 대신, 각각 1체씩 소환한다
Summon a powerful [{demon}:demon] with the [Ritual Bound:ritual] buff\nIf the ritual is interrupted or [Ritual Bound:ritual] is removed before the ritual is complete, the [fiend:demon] joins the enemy team before disappearing [{max_channel}:max_channel] turns later	[의식 속박:ritual] 강화 효과를 지닌 강력한 [{demon}:demon]을 소환한다\n의식이 중단되거나, 완료 전에 [의식 속박:ritual]이 제거되면, 그 [마족:demon]는 적 팀에 합류한 뒤 [{max_channel}:max_channel]턴 후에 사라진다
Summon a powerful [fiend:demon] with the [Ritual Bound:ritual] buff\nIf the ritual is interrupted or [Ritual Bound:ritual] is removed before the ritual is complete, the [fiend:demon] joins the enemy team before disappearing [{max_channel}:max_channel] turns later	[의식 속박:ritual] 강화 효과를 지닌 강력한 [마족:demon]을 소환한다\n의식이 중단되거나, 완료 전에 [의식 속박:ritual]이 제거되면, 그 [마족:demon]는 적 팀에 합류한 뒤 [{max_channel}:max_channel]턴 후에 사라진다
Sniper	저격수
Sniper's Trance	저격수의 집중
Pass the turn to gain the [Sniper:metallic] buff\n[Sniper:metallic] grants a stacking +1 [range] and +[{damage}:damage] damage bonus to Blood Bullet, and removes its line of sight requirement\nAll stacks of [Sniper:metallic] are removed when you move	턴을 넘겨 [저격수:metallic] 강화 효과를 얻는다\n[저격수:metallic]는 "피의 탄환"에 누적되는 [사거리:range]+1과 +[{damage}:damage] 피해 보너스를 부여하고, 그 시야 요건을 제거한다\n이동하면 [저격수:metallic]의 모든 중첩이 제거된다
Blood Bullet	피의 탄환
Rime Coated Rounds	서리 덮인 탄환
Blood Bullet also deals [Ice] damage	"피의 탄환"은 [얼음:ice] 피해도 입힌다
Blessed Blood	축복받은 피
Blood Bullet penetrates and deals additional [Holy] damage to [Dark], [Demon], and [Undead] units	"피의 탄환"은 관통하며 [암흑:dark]·[악마:demon]·[언데드:undead] 유닛에게 추가 [신성:holy] 피해를 입힌다
Double Tap	더블 탭
Shoot [{num_targets}:num_targets] bullets instead of one	하나가 아닌 [{num_targets}:num_targets]발의 탄환을 발사한다
Shoot a projectile that deals [{damage}:damage] [Physical] damage to the first unit in its path	경로상의 첫 번째 유닛에게 [{damage}:damage]의 [물리:physical] 피해를 입히는 투사체를 발사한다
\nInflict 2 turns of [blind] to affected units	\n영향을 받은 유닛에게 2턴의 [실명:blind]을 부여한다
\nAura radius increases by 1 after killing {num} more units	\n유닛을 {num}마리 더 처치할 때마다 오라 반경이 1 증가한다
Dark Detonation	암흑 기폭
On death, deal {val} [Dark] damage to enemies within {radius} tiles	사망 시, {radius}칸 이내의 적에게 {val}의 [암흑:dark] 피해를 입힌다
On death, deal [Dark] damage to enemies within {radius} tiles	사망 시, {radius}칸 이내의 적에게 [암흑:dark] 피해를 입힌다
Tendrils of darkness drag the nearest {num_targets} enemies along paths toward the Orb of Night each turn	매 턴, 어둠의 덩굴손이 가장 가까운 {num_targets}명의 적을 경로를 따라 "밤의 구슬" 쪽으로 끌어당긴다
Orb of Night	밤의 구슬
Feed the Darkness	암흑을 먹이다
Orb of Night heals for 10 HP when you cast a [Dark] spell	"밤의 구슬"은 [암흑:dark] 주문을 시전하면 HP 10을 회복한다
Orb of Night explodes on death, dealing [Dark] damage equal to its max HP to enemies in its radius	"밤의 구슬"은 사망 시 폭발하여, 반경 내의 적에게 최대 HP에 해당하는 [암흑:dark] 피해를 입힌다
Engulfing Darkness	삼키는 어둠
Orb of Night's aura will grow by +1 radius after it kills a number of units equal to its current radius	"밤의 구슬"의 오라는 현재 반경에 해당하는 수의 유닛을 처치하면 반경+1만큼 확장된다
Dark Tendrils	암흑 촉수
Tendrils of darkness drag the nearest [{num_targets}:num_targets] enemies along paths toward the Orb of Night each turn	매 턴, 어둠의 덩굴손이 가장 가까운 [{num_targets}:num_targets]명의 적을 경로를 따라 "밤의 구슬" 쪽으로 끌어당긴다
Summon an Orb of Night\nEach turn, the orb inflicts [{minion_damage}:minion_damage] [Dark] damage and 2 turns of [blind] on enemies within [{radius}:radius] tiles\nOnly one Orb of Night may exist at a time\nCasting this spell while an Orb of Night exists will cause it to teleport to the selected location	"밤의 구슬"을 소환한다\n턴마다, 구슬은 [{radius}:radius]칸 이내의 적에게 [{minion_damage}:minion_damage]의 [암흑:dark] 피해와 2턴의 [실명:blind]을 부여한다\n"밤의 구슬"은 한 번에 하나만 존재할 수 있다\n"밤의 구슬"이 존재하는 동안 이 주문을 시전하면, 선택한 위치로 순간이동한다
Assimilation	동화
Damage Assimilation	피해 동화
On taking damage, gain that much resistance to that damage type	피해를 받으면, 그 피해 종류에 대한 저항을 같은 양만큼 얻는다
Spell Mastery	주문 숙련
Casting a spell reduces its other spells' active cooldowns by 1	주문을 시전하면, 다른 주문들의 활성화된 재사용 대기시간이 1 감소한다
Orb of Assimilation	동화의 구슬
Spell Sampling	주문 견본 채취
Granting the Orb of Assimilation a spell no longer drains its charges\nInstead, the orb's cooldown for the spell will be set equal to the spell's level	"동화의 구슬"에 주문을 부여해도 더 이상 사용 횟수가 소모되지 않는다\n대신 그 주문에 대한 구슬의 재사용 대기시간이 주문의 레벨과 같게 설정된다
When the Orb of Assimilation takes damage, it gains that much resistance to that damage type	"동화의 구슬"이 피해를 받으면, 그 피해 종류에 대한 저항을 그만큼 얻는다
Assimilation Mastery	동화 숙련
Each time the Orb of Assimilation casts a spell, it lowers the active cooldown of its other spells by 1	"동화의 구슬"이 주문을 시전할 때마다 다른 주문들의 활성 재사용 대기시간이 1 감소한다
Spell Exhaustion	주문 고갈
Casting a [Sorcery] spell targeting the Orb of Assimilation grants you a permanent +10% bonus to that spell's [max charges:max_charges]	"동화의 구슬"을 대상으로 [마법:sorcery] 주문을 시전하면, 그 주문의 [최대 사용 횟수:max_charges]에 영구 +10% 보너스를 얻는다
Summon an Orb of Assimilation\nWhen you manually cast a [Sorcery] spell targeting the Orb of Assimilation, it gains that spell on a 10 turn cooldown\nGranting a spell in this way consumes its remaining charges, reducing the Orb's cooldown by 1 for each charge consumed\nOnly one Orb of Assimilation may exist at a time\nCasting this spell while an Orb of Assimilation exists will cause it to teleport to the selected location	"동화의 구슬"을 소환한다\n"동화의 구슬"을 대상으로 [마법:sorcery] 주문을 수동으로 시전하면, 10턴 재사용 대기시간으로 그 주문을 얻는다\n이 방식으로 주문을 부여하면 그 남은 사용 횟수를 소비하며, 소비한 사용 횟수 하나마다 구슬의 재사용 대기시간이 1 감소한다\n"동화의 구슬"은 한 번에 하나만 존재할 수 있다\n"동화의 구슬"이 존재하는 동안 이 주문을 시전하면, 선택한 위치로 순간이동한다
Unraveling	해체
Takes 33% of max HP as [Fire], [Lightning], or [Physical] damage each turn\nSpreads to adjacent allies on death	매 턴 최대 HP의 33%를 [화염:fire], [번개:lightning] 또는 [물리:physical] 피해로 받는다\n사망 시 인접한 아군에게 퍼진다
Unraveling Detonation	해체의 기폭
On death, afflicts enemies within {radius} tiles with [Unraveling:chaos]	사망 시, {radius}칸 이내의 적에게 [해체:chaos]를 부여한다
Unraveling Aura	해체의 오라
Each turn, deal {damage} [Fire], [Lightning], or [Physical] damage to enemies within {radius} tiles\n\nDamage dealt this way removes that much resistance to a random damage type	턴마다 {radius}칸 이내의 적에게 {damage}의 [화염:fire], [번개:lightning], 또는 [물리:physical] 피해를 입힌다\n\n이 방법으로 입힌 피해는 무작위 피해 종류에 대한 저항을 같은 양만큼 제거한다
Orb of Unraveling	해체의 구슬
World Breaker	세계를 부수는 자
When the Orb of Unraveling deals [Physical] damage to an unoccupied tile, it will warp the terrain, turning floors to chasms, chasms to walls, and walls to floors	"해체의 구슬"이 빈 칸에 [물리:physical] 피해를 입히면, 지형을 뒤틀어 바닥을 심연으로, 심연을 벽으로, 벽을 바닥으로 바꾼다
Unraveling Curse	해체의 저주
When the Orb of Unraveling is destroyed, enemies within its radius are afflicted with the [Unraveling:chaos] debuff, which deals [Fire], [Lightning], or [Physical] damage equal to 33% of their max HP each turn\nWhen a creature with the [Unraveling:chaos] debuff dies, it passes to their adjacent allies	"해체의 구슬"이 파괴되면, 그 반경 내의 적이 [해체:chaos] 약화 효과에 걸린다, 이는 매 턴 최대 HP의 33%에 해당하는 [화염:fire], [번개:lightning] 또는 [물리:physical] 피해를 입힌다\n[해체:chaos] 약화 효과를 가진 생물이 죽으면, 그것은 인접한 아군에게 이동된다
Accelerated Decay	가속 붕괴
When the Orb of Unraveling takes damage, its aura activates	"해체의 구슬"이 피해를 받으면, 그 오라가 발동된다
Locus of Chaos	혼돈의 중심
Summon an Orb of Unraveling\nEach turn, the orb deals [Fire], [Lightning], or [Physical] damage to enemies within [{radius}:radius] tiles\nDamage dealt by orb's aura removes that much resistance to a random damage type\nOnly one Orb of Unraveling may exist at a time\nCasting this spell while an Orb of Unraveling exists will cause it to teleport to the selected location	"해체의 구슬"을 소환한다\n턴마다, 구슬은 [{radius}:radius]칸 이내의 적에게 [화염:fire], [번개:lightning], 또는 [물리:physical] 피해를 입힌다\n구슬의 오라가 입힌 피해는, 무작위 피해 종류에 대한 저항을 그만큼 제거한다\n"해체의 구슬"은 한 번에 하나만 존재할 수 있다\n"해체의 구슬"이 존재하는 동안 이 주문을 시전하면, 선택한 위치로 순간이동한다
Anima	아니마
Each turn, the Orb of Anima heals up to {num_targets} wounded allies in its line of sight\n\nThe Orb of Anima uses its own HP to heal its allies and will attempt to heal them to full health	턴마다 "아니마의 구슬"은 시야 내의 부상당한 아군 최대 {num_targets}체를 회복한다\n\n"아니마의 구슬"은 자신의 HP를 사용하여 아군을 회복하며, HP를 가득 채우려 시도한다
Life Thief	생명력 도둑
Each turn, drains up to {dmg} max HP from enemies within {radius} tiles, healing for the amount drained	턴마다 {radius}칸 이내의 적으로부터 최대 {dmg}의 최대 HP를 흡수하여 흡수한 양만큼 회복한다
Orb of Anima	아니마의 구슬
Anima Reclaimed	되찾은 아니마
When an ally dies while in line of sight of the Orb of Anima, it gains max HP and heals for half the slain unit's max HP	"아니마의 구슬"의 시야 내에서 아군이 죽으면, 구슬은 최대 HP를 얻고 쓰러진 유닛의 최대 HP의 절반을 회복한다
Blood Offerings	피의 공물
When you pay any amount of HP, the Orb of Anima heals for half that amount	HP를 지불하면, 지불한 HP의 절반만큼 아니마의 구슬이 회복된다
Anima's Vengeance	아니마의 복수
Units healed by the Orb of Anima gain [Bloodrage:blood] for a number of turns equal to the HP healed	"아니마의 구슬"에 의해 회복된 유닛은 회복된 HP와 동일한 턴 수만큼 [피의 격노:blood]를 얻는다
Blood Thief	피의 도둑
Each turn, the Orb of Anima drains up to [{minion_damage}:minion_damage] max HP from enemies within [{radius}:radius] tiles, healing itself for the amount drained	턴마다 "아니마의 구슬"은 [{radius}:radius]칸 이내의 적에게서 최대 [{minion_damage}:minion_damage]의 최대 HP를 흡수하여, 흡수한 만큼 자신을 회복한다
Summon an Orb of Anima\nEach turn, the Orb of Anima heals up to [{num_targets}:num_targets] wounded allies in its line of sight\nThe Orb of Anima uses its own HP to heal its allies and will attempt to heal them to full health\nOnly one Orb of Anima may exist at a time\nCasting this spell while an Orb of Anima exists will cause it to teleport to the selected location	"아니마의 구슬"을 소환한다\n턴마다, "아니마의 구슬"은 그 시야 내의 부상당한 아군을 최대 [{num_targets}:num_targets]명 회복시킨다\n"아니마의 구슬"은 자신의 HP를 사용하여 아군을 회복시키며, 그들을 완전히 회복시키려 시도한다\n"아니마의 구슬"은 한 번에 하나만 존재할 수 있다\n"아니마의 구슬"이 존재하는 동안 이 주문을 시전하면, 선택한 위치로 순간이동한다
Prismatic Beam	무지갯빛 광선
Arcane Refraction	비전 굴절
Prismatic Beam also refracts when it encounters [petrified] or [glassed] units	"무지갯빛 광선"은 [석화:petrified] 또는 [유리화:glassed] 유닛에 닿아도 굴절한다
Cold Diffusion	냉기 확산
When the beam refracts, it deals [Ice] damage in a [{radius}:radius] tile burst centered on the [frozen] unit	광선이 굴절되면, [빙결:frozen] 유닛을 중심으로 [{radius}:radius]칸 범위에 [얼음:ice] 피해를 입힌다
Softened Light	누그러진 빛
Prismatic Beam heals allies instead of damaging them	"무지갯빛 광선"은 아군에게 피해를 입히는 대신 회복시킨다
Prismatic Pulse	무지갯빛 맥동
The initial beam is instead a wide pulse which also impacts tiles adjacent to the center beam	최초의 광선은 대신 넓은 파동이 되어 중앙 광선에 인접한 칸에도 영향을 준다
Deal [{damage}:damage] [Holy] damage in a beam\nIf the beam encounters a [frozen] unit, it refracts, creating up to [{num_targets}:num_targets] more beams which shoot from that unit toward enemies in line of sight of it\nA beam created by refraction can create half as many beams as the beam that created it	광선으로 [{damage}:damage]의 [신성:holy] 피해를 입힌다\n광선이 [빙결:frozen] 유닛에 닿으면 굴절하여, 그 유닛에서 그 유닛의 시야 내 적을 향해 최대 [{num_targets}:num_targets]개의 추가 광선을 발사한다\n굴절로 생긴 광선은 그것을 만든 광선의 절반 수의 광선만 생성할 수 있다
Lord of Rot	부패의 군주
If you would receive the [poison] status or take [Poison] damage, you instead gain a charge of Rot Gaze\nAlways Active	[중독:poison] 상태를 받거나 [독:poison] 피해를 입을 상황일 때, 대신 "부패의 시선"의 사용 횟수를 1 얻는다\n상시 발동
Rot Gaze	부패의 시선
Rot Feast	부패의 향연
Summon a Fly Swarm near each affected enemy	영향받은 각 적 근처에 파리 떼를 소환한다
Necrotic Gaze	괴사의 시선
Inflicts [necrosis] in addition to [poison]	[중독:poison]에 더해 [괴사:necrosis]를 부여한다
Felling All Foes	모든 적을 쓰러뜨리다
Enemies receive -10% [Dark] and [Poison] resistance before the spell deals damage	주문이 피해를 입히기 전에 적은 [암흑:dark]과 [독:poison] 저항 -10%를 받는다
Enemies in line of sight take [{damage}:damage] [Dark] damage and are [poisoned] for [{duration}:duration] turns	시야 내의 적은 [{damage}:damage]의 [암흑:dark] 피해를 받고 [{duration}:duration]턴 동안 [중독:poison]된다
Rotting	부패
Wall of Flame	화염의 벽
Feed the Flames	화염을 먹이다
Wall of Flames' remaining duration increases by 1 when it kills a unit	화염의 벽은 유닛을 죽이면 남은 지속시간이 1 증가한다
Thickened Wall	두꺼워진 벽
Wall of Flame is now 3 tiles thick instead of a line	"화염의 벽"은 이제 선 대신 두께 3칸이 된다
Fortress of Flame	화염의 요새
Flames of Heaven	천상의 화염
When you cast Wall of Flame, cast Pillar of Fire on each affected tile	"화염의 벽"을 시전하면, 영향을 받은 각 칸에 "화염의 기둥"을 시전한다
Create a [{width} tile:radius] line of flames perpendicular to the caster\nThe flames deal [{damage}:damage] [Fire] damage in the affected tiles each turn\nOnly a single Wall of Flame can be maintained at a time\nCasting the spell again removes the previous wall\nLasts [{duration}:duration] turns	시전자에 대해 수직으로 [{width}_칸:radius]의 화염 선을 생성한다\n화염은 턴마다 영향을 받은 칸에 [{damage}:damage] [화염:fire] 피해를 입힌다\n"화염의 벽"은 한 번에 하나만 유지할 수 있다\n다시 시전하면 이전 벽이 사라진다\n[{duration}:duration]턴 동안 지속된다
Divine Rebuke	신의 질책
Each turn, cast Sanction on the first unsanctioned enemy that damages you	매 턴 아직 "신의 징벌"을 받지 않은 적 중 당신에게 가장 먼저 피해를 입힌 적에게 "신의 징벌"을 시전한다
Sanction	신의 징벌
Sanctioned	신의 징벌
Deals [{damage}:damage] [Holy] damage when the owner casts a spell or takes [Holy] damage from another source\nHeals the inflictor 1 HP when it deals damage	대상이 주문을 시전하거나 다른 원인으로 [신성:Holy] 피해를 받을 때마다 [{damage}:damage] [신성:Holy] 피해를 입힌다\n이 효과가 피해를 입힐 때마다, 부여한 유닛은 HP를 1 회복한다
Exiled One	추방된 자
Sanctioned units are [berserked] for [{duration}:duration] turns	신의 징벌 상태인 유닛은 [{duration}:duration]턴 동안 [광폭화:berserk]된다
Mass Sanction	집단 제재
Sanction affects up to [{num_targets}:num_targets] enemies in a connected group	"신의 징벌"은 연결된 그룹의 최대 [{num_targets}:num_targets]명의 적에게 작용한다
Stripped Bare	발가벗김
Sanction reduces all resistances to 0	"신의 징벌"은 모든 저항을 0으로 낮춘다
Sanction the target\nSanction deals [{damage}:damage] [Holy] damage to the cursed unit when they cast a spell or take [Holy] damage from another source\nYou are healed for 1 HP when Sanction deals damage	대상에게 "신의 징벌"을 부여한다\n"신의 징벌"은 저주받은 유닛이 주문을 시전하거나 다른 발생원으로부터 [신성:holy] 피해를 받으면, 그에게 [{damage}:damage]의 [신성:holy] 피해를 입힌다\n"신의 징벌"이 피해를 입히면 당신은 HP 1을 회복한다
Miasma	독기
Consumptive Vapors	소모의 증기
Miasma also inflicts [necrosis] and [bleed]	"독기"는 [괴사:necrosis]와 [출혈:bleed]도 부여한다
Ritual of Suffocation	질식의 의식
If the ritual is completed, all [poisoned] enemies on the level take [{damage}:damage] [Dark] and [Poison] damage	의식이 완료되면, 층 내의 모든 [중독:poisoned] 적이 [{damage}:damage]의 [암흑:dark] 및 [독:poison] 피해를 입는다
Rapid Growth	급속 성장
Miasma's radius expands twice as fast	"독기"의 반경이 2배 빠르게 확장된다
Plague Bringer	역병을 가져오는 자
Cast Rot Gaze for free each turn you channel Miasma	"독기"를 지속 시전하는 각 턴마다 "부패의 시선"을 무료로 시전한다
Create an expanding area of miasma in a [{radius}:radius] tile burst at the target location\nEnemies in affected tiles take [{damage}:damage] [Poison] damage and are afflicted with [blind], [silence], and [poison] for [{duration}:duration] turns\nEach turn spent channeling increases the radius of the affected area by {growth_rate}	대상 위치에 [{radius}:radius]칸 범위로 확장되는 독기 영역을 생성한다\n영향을 받은 칸의 적은 [{damage}:damage] [독:poison] 피해를 받고, [{duration}:duration]턴 동안 [실명:blind]·[침묵:silence]·[중독:poison]을 받는다\n지속 시전하는 각 턴마다, 영향 범위가 {growth_rate}만큼 증가한다
Torrent	급류
Dangerous Debris	위험한 잔해
When Torrent destroys a wall, adjacent units take [{damage}:damage] [Physical] damage and are [stunned] for [{duration}:duration] turns\nWill not affect the caster	"급류"가 벽을 파괴하면, 인접한 유닛이 [{damage}:damage]의 [물리:physical] 피해를 받고 [{duration}:duration]턴 동안 [기절:stun]된다\n시전자에게는 영향을 주지 않는다
Water Bend	물 다루기
If you cast Torrent while adjacent to a water or swamp chasm, it will lengthen twice as much each turn\nAlso works with lava chasms if you have the Boiling Torrent upgrade	물 또는 늪 심연에 인접하여 "급류"를 시전하면, 매 턴 2배씩 길어진다\n"끓어오르는 급류" 강화가 있으면 용암 심연에서도 작동한다
Boiling Torrent	끓어오르는 급류
Torrent's waters also deal [Fire] damage	"급류"의 물은 [화염:fire] 피해도 입힌다
Ritual of Carcinization	게화의 의식
If you complete the ritual, summon a Scuttler in each unoccupied affected floor tile	의식을 완료하면, 영향을 받은 비어 있는 각 바닥 칸에 바위게를 소환한다
Channel a 3 tile wide beam of water that lengthens by 1 each turn\nAffected units take [{damage}:damage] [Physical] damage, are Soaked for [{duration}:duration] turns, and are pushed 1 tile away\nCan target and destroy walls\nCan be channeled for up to [{max_channel}:max_channel] turns	폭 3칸의 물 광선을 지속 시전하며, 매 턴 1씩 길어진다\n영향을 받은 유닛은 [{damage}:damage] [물리:physical] 피해를 받고, [{duration}:duration]턴 동안 젖음 상태가 되고, 1칸 밀려난다\n벽을 대상으로 삼아 파괴할 수 있다\n최대 [{max_channel}:max_channel]턴 동안 지속 시전할 수 있다
Demon Form	악마 형상
Gain flying\nEach turn, your other [Chaos] spells regain 1 charge\nIf you lose this buff while over a chasm, unless you have other methods of flight, you will be deposited at the nearest valid tile\nIf no such tile exists, fall to your death	비행 능력을 얻는다\n매 턴 자신의 다른 [혼돈:Chaos] 주문의 사용 횟수가 1씩 회복된다\n심연 위에서 이 효과가 끝날 때 다른 비행 수단이 없다면 가장 가까운 이동 가능한 칸으로 이동한다\n이동 가능한 칸이 없다면 추락하여 죽는다
Chaos Summoner	혼돈의 소환사
When an enemy is slain by [Fire], [Lightning], or [Physical] damage, summon a Chaos Imp at their location	적이 [화염:fire], [번개:lightning] 또는 [물리:physical] 피해로 쓰러지면, 그 위치에 혼돈의 임프를 소환한다
Soul Hunger	영혼의 굶주림
While in Demon Form, when another unit takes [Dark] damage they lose 1 max HP and you heal 1 HP\nIf your health is already full, gain 1 [SH:shields] instead	"악마 형상"인 동안, 다른 유닛이 [암흑:dark] 피해를 받으면 최대 HP 1을 잃고 당신은 HP 1을 회복한다\nHP가 이미 가득 찼다면, 대신 [보호막 1개:shields]를 얻는다
Ultimate Form	궁극의 형상
Casting Demon Form first casts your other self-targeted [Enchantment] spells	"악마 형상"를 시전하면, 먼저 자신을 대상으로 하는 다른 [부여:enchantment] 주문을 시전한다
Demonic Royalty	악마 왕족
When you cast this spell, [Demons:demon] in your line of sight with less HP than you join your team	이 주문을 시전하면, 당신의 시야 내에서 당신보다 HP가 낮은 [악마:demon]가 당신의 팀에 합류한다
Transform into a flying [Demon]\nEach turn, your other [Chaos] spells regain 1 charge\nGain [100 Dark:dark], [50 Physical:physical], [50 Fire:fire], and [50 Lightning:lightning] resistance\nLasts [{duration}:duration] turns	비행하는 [악마:demon]로 변신한다\n매 턴, 당신의 다른 [혼돈:chaos] 주문이 사용 횟수를 1 회복한다\n[100 암흑:dark], [50 물리:physical], [50 화염:fire], [50 번개:lightning] 저항을 얻는다\n[{duration}:duration]턴 동안 지속된다
Arcane Warding	비전 수호
Transmutation Ward	변성의 부적
Instead of reflecting the same damage type, the damage type will instead be of a type that the targeted unit is most vulnerable to	같은 피해 종류를 반사하는 대신, 피해 종류는 대상 유닛이 가장 취약한 종류가 된다
Amplifier Ward	증폭의 부적
Arcane Ward deals twice as much damage as the blocked hit	비전 방벽은 막아낸 공격의 2배에 해당하는 피해를 입힌다
Soul Thief	영혼 도둑
If Arcane Ward kills a unit, it extends its remaining duration by 3	비전 수호가 유닛을 처치하면, 남은 지속 시간이 3 연장된다
Energy Absorber	에너지 흡수기
In addition to reflecting damage back at the attacker, heal for half the incoming damage	공격자에게 피해를 반사하는 것에 더해, 받는 피해의 절반을 회복한다
Each turn, gain [{shields} SH:shields]\nWhen enemy damage is blocked by your shields, reflect that damage to the source\nLasts [{duration}:duration] turns	턴마다 [보호막 {shields}개:shields]를 얻는다\n적의 피해가 보호막으로 막히면 그 피해를 발생원에 반사한다\n[{duration}:duration]턴 지속한다
Black Hole	블랙홀
Singularity Crush	특이점 압괴
Deal [{damage}:damage] [Physical] damage to the unit at the target tile after units have been teleported	유닛들이 순간이동된 후 대상 칸의 유닛에게 [{damage}:damage]의 [물리:physical] 피해를 입힌다
Heat Death	열적 죽음
Enemies within [{radius}:radius] tiles of the target are [frozen] for [{duration}:duration] turns	대상의 [{radius}:radius]칸 이내의 적은 [{duration}:duration]턴 동안 [빙결:frozen]된다
Cosmic Grasp	우주의 움켜쥠
Environmental Destruction	환경 파괴
Black Hole first casts Earthquake centered on the target before teleporting	"블랙홀"은 순간이동하기 전에 먼저 대상을 중심으로 "지진"을 시전한다
Enemies in line of sight of the target are teleported as close as they can be toward it	대상의 시야 내의 적은 대상 쪽으로 최대한 가깝게 순간이동된다
Earthen Passage	대지의 통로
Mineral Shielding	광물 보호막
Casting Earthen Passage grants [{shields} SH:shields]	"대지의 통로"를 시전하면 [보호막 {shields}개:shields]를 얻는다
Guarded Entrance	수호된 입구
Casts your Earthen Sentinel spell on your original location	원래 위치에 당신의 "대지의 파수병" 주문을 시전한다
Earthen Prison	대지의 감옥
Enemies adjacent to your destination are entombed in stone\n\nUnoccupied tiles adjacent to the connected group of enemies become walls	당신의 목적지에 인접한 적은 돌에 봉인된다\n\n연결된 적 무리에 인접한 빈 칸은 벽이 된다
Stonefisher	돌물고기 잡이
Summon [{num_summons}:num_summons] Stonefish near the target	대상 근처에 [{num_summons}:num_summons]마리의 돌물고기를 소환한다
Teleport through a connected group of walls, teleporting to any tile adjacent to the group\nCan only be cast while adjacent to a wall	연결된 벽 무리를 통과하여 순간이동하며, 그 무리에 인접한 임의의 칸으로 이동한다\n벽에 인접해 있을 때만 시전할 수 있다
Rabid Bite	광견병 물기
Leghead's bite attack also inflicts [{duration}:duration] turns of [berserk]	"다리머리"의 물기 공격은 [{duration}:duration]턴의 [광폭화:berserk]도 부여한다
Running Start	도움닫기
Leghead takes 3 turns immediately when summoned	"다리머리"는 소환 시 즉시 3턴 행동한다
Mismatch	불일치
Leghead is equipped with two different pairs of your footwear	"다리머리"는 당신의 신발 두 켤레를 각각 따로 장비하고 있다
Unstoppable Juggernaut	멈출 수 없는 거력
Leghead is immune to debuffs	"다리머리"는 약화 효과에 면역이다
Summon a Leghead\nIt is equipped with a copy of your footwear if you own any	"다리머리"를 소환한다\n신발을 소유하고 있으면, 그 사본을 장착한다
Apply [berserk] for {dur} turns	{dur}턴 동안 [광폭화:berserk]를 부여한다
Blood Meridian	피의 자오선
Deep Division	깊은 분열
Instead of a line, Blood Meridian affects a 3 tile wide beam that extends above and below the caster	"피의 자오선"은 직선 대신, 시전자의 위아래로 뻗는 너비 3칸의 광선에 작용한다
Heal for damage dealt by this spell	이 주문으로 입힌 피해만큼 회복한다
Blood Wall	피의 벽
After dealing damage, unoccupied tiles in the meridian become walls	피해를 입힌 후, 자오선상의 빈 칸이 벽이 된다
Twilight Divide	황혼의 분단
Enemies to the left of the meridian take [{damage}:damage] [Dark] damage\nEnemies to the right of the meridian take [{damage}:damage] [Holy] damage	자오선 왼쪽의 적은 [{damage}:damage]의 [암흑:dark] 피해를 받는다\n자오선 오른쪽의 적은 [{damage}:damage]의 [신성:holy] 피해를 받는다
Inflict [{damage}:damage] [Physical] damage and [{duration}:duration] turns of [bleed] to other units in a line extending above and below the caster\nEnemies to the left of the meridian are put to [sleep] for [{duration}:duration] turns\nEnemies to the right of the meridian are [berserked] for [{duration}:duration] turns	시전자의 위아래로 뻗는 직선상의 다른 유닛에게 [{damage}:damage]의 [물리:physical] 피해와 [{duration}:duration]턴의 [출혈:bleed]을 입힌다\n자오선의 왼쪽에 있는 적은 [{duration}:duration]턴 동안 [수면:sleep]에 빠진다\n자오선의 오른쪽에 있는 적은 [{duration}:duration]턴 동안 [광폭화:berserk]된다
Killing Tempo	살육의 템포
If the target of your Temporal Transfusion kills a unit, they immediately take an extra turn	당신의 "시간의 수혈" 대상이 유닛을 처치하면, 그 대상은 즉시 추가 턴을 얻는다
Haste	가속
Takes an extra turn each round	매 라운드 추가 턴을 얻는다
Temporal Transfusion	시간의 수혈
Chrono Boost	크로노 부스트
For each turn spent channeling, reduce the target's active spell cooldowns by 1	지속 시전한 각 턴마다 대상의 활성 주문 재사용 대기시간을 1 줄인다
Temporal Mastery	시간 숙련
The target takes [{num_targets}:num_targets] extra turns instead of 3	대상은 3회 대신 [{num_targets}:num_targets]회의 추가 턴을 얻는다
Ritual of Haste	가속의 의식
If you complete the ritual, the target gains [Haste:translocation]	의식을 완료하면, 대상은 [가속:translocation]을 얻는다
Each turn you channel this spell, the target unit takes 3 extra turns	이 주문을 지속 시전하는 각 턴, 대상 유닛은 추가로 3턴 행동한다
Waking The Witness	목격자의 각성
If an enemy dies in your line of sight while channeling the ritual, cast Floating Eye at their location\nAdds the [Dark] tag	의식을 지속 시전하는 중 시야 내에서 적이 죽으면, 그 위치에 "부유하는 눈"을 시전한다\n[암흑:dark] 태그를 추가한다
Ritual of the Opening Eye	열리는 눈의 의식
Eternal Vigil	영원한 경계
Activations from the ritual will not decrease the [Eye] buffs' remaining duration	의식으로 인한 발동은 [눈:eye] 강화 효과의 남은 지속 시간을 줄이지 않는다
Unseen Dreamers	보이지 않는 몽상가
When you begin the ritual, enemies outside your line of sight are put to [sleep] for [{max_channel}:max_channel] turns\nIf you fail to complete the ritual, all [sleeping:sleep] units wake up	의식을 시작하면, 시야 밖의 적이 [{max_channel}:max_channel]턴 동안 [수면:sleep]에 빠진다\n의식을 완료하지 못하면, 모든 [수면:sleep] 유닛이 깨어난다
Rapturous Sight	황홀한 시야
If you complete the ritual, cast your other self-targeted [Eye] spells	의식을 완료하면, 자신을 대상으로 하는 다른 [눈:eye] 주문을 시전한다
Each turn, your [Eye] buffs activate [{num_targets}:num_targets] additional times\nIf you complete the ritual, cast your Floating Eye spell up to [{num_summons}:num_summons] times in random unoccupied locations in your line of sight	턴마다 당신의 [눈:eye] 강화 효과가 [{num_targets}:num_targets]회 추가로 발동한다\n의식을 완료하면 시야 내의 무작위 빈 위치에 당신의 "부유하는 눈" 주문을 최대 [{num_summons}:num_summons]회 시전한다
Bouncing Slimeball	튀는 슬라임볼
Impact Kickback	충격 반동
When Bouncing Slimeball hits a unit, it deals twice as much damage and pushes them back 2 tiles	"튀는 슬라임볼"이 유닛에 맞으면, 2배의 피해를 입히고 2칸 뒤로 밀어낸다
Slime Ammo Pouch	슬라임 탄약 주머니
Bouncing Slimeball also deals damage and inflicts [{duration}:duration] turns of a status matching the type of slime that will be spawned\nYou can now see what kind of slime, the matching damage type, and the inflicted status type in this spell's description each turn	"튀는 슬라임볼"은 피해도 입히며, 생성될 슬라임의 종류에 대응하는 상태 이상을 [{duration}:duration]턴 동안 부여한다\n이제 매 턴 이 주문의 설명문에서 슬라임의 종류, 대응하는 피해 종류, 부여되는 상태 이상 종류를 확인할 수 있다
Slimepacolypse	슬라임 종말
Bouncing Slimeball can now bounce to friendly [Slime] units\nIf it impacts a friendly [Slime], instead of any other effects, it grants them max health equal to its remaining bounces and heals them to full life	"튀는 슬라임볼"은 이제 아군 [슬라임:slime] 유닛에게도 튕길 수 있다\n아군 [슬라임:slime]에 맞으면, 다른 효과 대신 남은 튕김 횟수만큼의 최대 HP를 부여하고 생명력을 완전히 회복한다
Kinetic Conservation	운동량 보존
When Bouncing Slimeball kills a creature that it bounces to, its number of remaining bounces does not decrease	"튀는 슬라임볼"이 튕겨간 생물을 처치하면, 남은 튕김 횟수가 감소하지 않는다
Fling a slime ball that bounces up to [{num_targets}:num_targets] times to random enemies in line of sight of the last hit\nEach bounce deals [Physical] and {dtype} damage equal to the remaining bounces and inflicts [{duration}:duration] turns of {debuff}\nThe final impact summons a {slime_name} nearby	슬라임 공을 던져, 마지막으로 적중한 대상의 시야 내의 무작위 적에게 최대 [{num_targets}:num_targets]회 튕긴다\n각 튕김은 남은 튕김 횟수와 같은 [물리:physical]와 {dtype} 피해를 입히고 [{duration}:duration]턴의 {debuff}을(를) 부여한다\n마지막 충돌은 근처에 {slime_name}을(를) 소환한다
Fling a slime ball that bounces up to [{num_targets}:num_targets] times to random enemies in line of sight of the last hit\nEach bounce deals [Physical] damage equal to the number of remaining bounces\nThe final impact summons a random slime nearby	슬라임 공을 던져, 마지막으로 적중한 대상의 시야 내의 무작위 적에게 최대 [{num_targets}:num_targets]회 튕긴다\n각 튕김은 남은 튕김 횟수와 같은 [물리:physical] 피해를 입힌다\n마지막 충돌은 근처에 무작위 슬라임을 소환한다
Ritual of Flying Daggers	비검의 의식
Weighted Knives	무게추 단검
Enemies hit are [stunned] for one turn	적중당한 적은 1턴 동안 [기절:stun]한다
Forest of Flying Daggers	날아다니는 단검의 숲
An additional dagger is also fired from each of your [Nature] allies	당신의 각 [자연:nature] 아군으로부터도 추가 단검이 발사된다
Soul Blades	영혼의 칼날
Ritual of Flying Daggers permanently gains +1 to its Daggers Ready when it kills a unit	"비검의 의식"은 유닛을 처치하면 준비된 단검에 영구 +1을 얻는다
Anima Thief	아니마 도둑
When this spell kills a unit, cast your Summon Blade spell where it died	이 주문이 유닛을 처치하면, 죽은 자리에 당신의 "칼날 소환" 주문을 시전한다
Each turn, ready [{num_targets}:num_targets] daggers\nWhen you stop channeling, the daggers are unleashed, each dealing [{damage}:damage] [Physical] damage to an enemy in your line of sight\nIf the ritual is completed, the number of daggers is multiplied by [{num_targets}:num_targets]\nDaggers Ready: {num}	턴마다 [{num_targets}:num_targets]개의 단검을 준비한다\n지속 시전을 멈추면 단검이 해방되어, 각각 시야 내의 적에게 [{damage}:damage]의 [물리:physical] 피해를 입힌다\n의식을 완료하면 단검의 수가 [{num_targets}:num_targets]배가 된다\n준비된 단검: {num}
Return from Dust	먼지로부터의 귀환
Stonewake	돌의 각성
Golems transform back into walls when they die	골렘은 죽으면 다시 벽으로 변한다
Orb Guardians	구슬의 수호자
When you cast Stonewake, your [Orb] allies also cast your Stonewake	"돌의 각성"을 시전하면, 당신의 [구슬:orb] 아군도 당신의 "돌의 각성"을 시전한다
Crystalline Core	결정의 핵
Adjacent walls are transformed into Crystal Golems instead	인접한 벽은 대신 수정 골렘으로 변한다
Supremacy of Stone	돌의 패권
After the initial burst, every wall in your line of sight is also transformed into a Golem	최초의 폭발 후, 시야 내의 모든 벽도 골렘으로 변한다
Walls within [{radius}:radius] tiles become floors, and are transformed into temporary Golems	[{radius}:radius]칸 이내의 벽은 바닥이 되고, 임시 골렘으로 변화된다
Dread Lash	전율의 채찍질
Dread Lord	전율의 군주
Dread Lash gains quickcast, and can be cast on targets outside your line of sight	"전율의 채찍질"은 빠른 시전을 얻고 시야 밖의 대상에게도 시전할 수 있다
Web of Fear	공포의 거미줄
Casting Dread Lash on yourself will instead cause it to hit every [feared] enemy in the level	자신에게 "전율의 채찍질"을 시전하면, 대신 레벨 내의 모든 [공포:fear] 적을 타격한다
Razor Lash	면도날 채찍질
Dread Lash also deals [Physical] damage and inflicts [{duration}:duration] turns of [bleed]	"전율의 채찍질"은 [물리:physical] 피해도 입히고 [출혈:bleed] [{duration}:duration]턴을 부여한다
Dreadful Secret	전율의 비밀
If the target is adjacent to you after being pulled, cast Seal Fate on them	끌려온 후 대상이 당신에게 인접해 있으면, 그것에 "운명을 봉인하기"를 시전한다
Inflict [{damage}:damage] [Dark] damage and [{duration}:duration] turns of [fear] on the target unit\nThen, pull the target unit up to [{range}:range] tiles along a path toward you	대상 유닛에게 [{damage}:damage]의 [암흑:dark] 피해와 [{duration}:duration]턴의 [공포:fear]를 입힌다\n그 후, 대상을 경로를 따라 당신에게로 최대 [{range}:range]칸 끌어당긴다
Blizzard	눈보라
Blizzard Beasts	눈보라 야수들
Casting Blizzard also summons up to [{num_summons}:num_summons] Blizzard Beasts in unoccupied affected tiles	"눈보라"를 시전하면, 영향을 받은 빈 칸에 눈보라 야수를 최대 [{num_summons}:num_summons]명도 소환한다
Blinding Squall	실명 돌풍
Damage dealt by this spell's [Blizzards:ice] inflict [{duration}:duration] turns of [blind]	이 주문의 [눈보라:ice]가 입히는 피해는 [{duration}:duration]턴의 [실명:blind]을 부여한다
Hailstorm	우박 폭풍
For each cloud in your Blizzard, there is a 25% chance for you to cast Icicle on it each turn	당신의 "눈보라" 속 구름 1개마다 턴마다 25% 확률로 그것에 "고드름"을 시전한다
Blizzard Harvest	눈보라 수확
Every 300 damage dealt by this spell's [Blizzards:ice], regain a charge of a random [Ice] spell	이 주문의 [눈보라:ice]가 300 피해를 입힐 때마다 무작위 [얼음:ice] 주문의 사용 횟수를 1 회복한다
Create [Blizzards:ice] over tiles in a [{radius}:radius] tile radius\n[Blizzards:ice] deal [{damage}:damage] [Ice] damage each turn and have a 50% chance to inflict [frozen]\nThe clouds last for [{duration}:duration] turns	[{radius}:radius]칸 반경의 칸에 [눈보라:ice]를 생성한다\n[눈보라:ice]는 턴마다 [{damage}:damage] [얼음:ice] 피해를 입히며 50% 확률로 [빙결:frozen]을 부여한다\n그 구름은 [{duration}:duration]턴 동안 지속된다
Blue Lion	푸른 사자
Bone Spear	뼈 창
Chain Lightning	연쇄 번개
Darkness	어둠
Death Bolt	죽음의 화살
Earthquake	지진
Eye of Ice	얼음의 눈
Fiery Tormentor	화염의 고문자
Flesh Fiend	살점 마족
Freeze	빙결
Frostfire Hydra	서리불꽃 히드라
Giant Bear	거대한 곰
Golden Skull	황금 해골
Heavenly Blast	천계의 작렬
Hungry Maw	굶주린 아가리
Fire Drake	화염 드레이크
Fire Drakes gain the [Arcane] tag and can cast your Blazerip on a 4 turn cooldown	화염 드레이크는 [비전:arcane] 태그를 얻고, 4턴 재사용 대기시간으로 당신의 "화염 폭렬"을 시전할 수 있다
Superheated Flames	과열된 화염
Fire Drakes' breath attack melts walls	화염 드레이크의 숨결 공격은 벽을 녹인다
Lava Born	용암 태생
If you cast this spell targeting a lava chasm, the summoned drake's HP, Breath Damage, and Breath Range are tripled	용암 심연을 대상으로 이 주문을 시전하면, 소환된 드레이크의 생명력, 브레스 피해 및 브레스 사거리가 3배가 된다.
Cindervein	신더베인
When you cast this spell, if there is room, summon Cindervein instead of a Fire Drake\nCan only activate once each level	이 주문을 시전할 때 공간이 있으면 "화염 드레이크" 대신 "신더베인" 소환.\n각 레벨에서 한 번만 발동.
Summon a Fire Drake	"화염 드레이크"를 소환
Slime Drake	슬라임 드레이크
Gold Drake	금빛 드레이크
Void Drake	공허의 드레이크
Leghead	다리머리
Lumbriogenesis	지렁이 발생
Night Hag	밤의 마귀할멈
Nightmare Aura	악몽의 오라
Petrify	석화
Poison Sting	독 침
Purity	순수
Thunder Strike	천둥 일격
Void Beam	공허의 광선
Wheel of Death	죽음의 수레바퀴
Berserker Rage	광전사의 격노
Regenerating Shields	재생하는 보호막
Stone Gaze	돌의 시선
Reincarnation	환생
Aether Swap	에테르 교환
Triggers in {turns} {kw}	{turns} {kw} 후 발동
Burning Ember	타오르는 잉걸불
On Pickup:\nGain a damage aura that deals 6 [Fire] damage to enemies within 5 tiles for 15 turns	획득 시:\n15턴 동안, 5칸 이내의 적에게 [화염:fire] 피해를 6 입히는 피해 오라를 얻는다
Elemental Ice	정령의 얼음
On Pickup:\nGain 7 [SH:shields]	획득 시:\n[보호막:shields]을 7 얻는다
Lightning Jar	번개 항아리
On Pickup:\nGain [quickstep:translocation] for 25 turns	획득 시:\n25턴 동안 [빠른 이동:translocation]을 얻는다
Wildflower	야생화
On Pickup:\nRemove [poison] and heal for [50 HP:heal]	획득 시:\n[중독:poison]을 제거하고 [50 HP:heal] 회복한다
Arcane Mote	비전 티끌
On Pickup:\nRegain a charge of each of your spells	획득 시:\n각 주문의 사용 횟수를 1 회복한다
Shadeweave Regeneration	그림자 직조 재생
Regenerates HP each turn	턴마다 HP 재생
Heal [{val}:dark] HP each turn	턴마다 [{val}:dark] HP를 회복한다
Shadeweave	그림자 직조
On Pickup:\nHeal for an amount equal to your [Dark] mastery each turn until the end of the level	획득 시:\n레벨 종료까지, 턴마다 [암흑:dark] 숙련도만큼 HP를 회복한다
Holy Icon	신성한 이콘
On Pickup:\nSummon a False Prophet to fight for you	획득 시:\n당신을 위해 싸우는 거짓 예언자를 1체 소환한다
Shielding Shard	보호하는 파편
On Pickup:\nGain [1 SH:shields] per turn for 15 turns	획득 시:\n15턴 동안, 턴마다 [보호막 1개:shields]를 얻는다
Heart Fragment	심장 조각
On Pickup:\nGain 10 max HP	획득 시:\n최대 HP 10을 얻는다
Magic Rune	마법 룬
On Pickup:\n[Sorcery] spells and equipment gain +6 [damage] for 15 turns	획득 시:\n[마법:sorcery] 주문과 장비는 15턴 동안 [피해:damage]+6을 얻는다
Lost Ring	잃어버린 반지
Adjacent enemies are [berserked] for 3 turns	인접한 적은 3턴 동안 [광폭화:berserk]된다
On Pickup:\nAdjacent enemies are [berserked] for 3 turns\nThis effect repeats every turn until the end of the level	획득 시:\n인접한 적을 3턴 동안 [광폭화:berserk]시킨다\n이 효과는 레벨 종료까지 턴마다 반복된다
Incense	향
On Pickup:\nSummon a triad of Faeries to fight for you	획득 시:\n당신을 위해 싸우는 페어리를 3체 소환한다
Rift Residue	균열의 잔재
On Pickup:\nA random [Translocation] spell you know permanently gains +1 [max charges:max_charges]	획득 시:\n습득한 무작위 [이동:translocation] 주문이 영구적으로 [최대 사용 횟수:max_charges]+1을 얻는다
Seer's Orb	예언자의 구슬
On Pickup:\nGrants +6 [range] and removes line of sight casting requirements for all spells for 10 turns	획득 시:\n10턴 동안, 모든 주문에 [사거리:range]+6을 부여하고 시야 시전 요건을 제거한다
Seer's Sight	예언자의 시야
Drakentooth	드레이크의 이빨
On Pickup:\nSummon a pair of Fire Drakes to fight for you	획득 시:\n당신을 위해 싸우는 화염 드레이크를 2체 소환한다
Devil's Blood	악마의 피
On Pickup:\nSteal 2 max HP from each [Demon] in line of sight	획득 시:\n시야 내의 각 [악마:demon]로부터 최대 HP를 2 훔친다
Slime Core	슬라임 핵
On Pickup:\nSummon a trio of friendly Void Slimes	획득 시:\n아군 공허의 슬라임을 3체 소환한다
Ancient Inscription	고대의 비문
On Pickup:\nA random [Sorcery] or [Word] spell you know permanently gains +2 [max charges:max_charges]	획득 시:\n습득한 무작위 [마법:sorcery] 또는 [주문:word] 주문이 영구적으로 [최대 사용 횟수:max_charges]+2를 얻는다
Shimmersteel	반짝이는 강철
On Pickup:\n[Metallic] spells and equipment gain +100% [damage] and [range] until the end of the level	획득 시:\n[금속:metallic] 주문과 장비는 레벨 종료까지 [피해:damage]와 [사거리:range]+100%를 얻는다
Frostpetal	서리 꽃잎
On Pickup:\nGain 75% [Ice] resist and regenerate 3 HP per turn for 25 turns	획득 시:\n25턴 동안, [얼음:ice] 저항 75%를 얻고 턴마다 HP 3을 재생한다
Silver Dragonscale	은빛 용비늘
On Pickup:\nGain 50% [Physical] and 100% [Ice] resistance for the remainder of the level	획득 시:\n레벨이 끝날 때까지 [물리:physical] 저항 50%와 [얼음:ice] 저항 100%를 얻는다
Relocator Beacon	이동의 표식
Teleport a random Memory Orb or Component on the level into your inventory	레벨 상의 무작위 기억의 구슬 또는 재료를 인벤토리로 순간이동시킨다
On Pickup:\nTeleport a random Memory Orb or Component on the level into your inventory\nThis effect repeats every 3 turns until the end of the level	획득 시:\n레벨 상의 무작위 기억의 구슬 또는 재료를 인벤토리로 순간이동시킨다\n이 효과는 레벨 종료까지 3턴마다 반복된다
Voidstone Shard	공허석 파편
On Pickup:\nRegain all spell charges	획득 시:\n모든 주문의 사용 횟수를 회복한다
Binding Ring	속박의 반지
On Pickup:\nTurns the nearest [Demon] or [Arcane] unit into an ally	획득 시:\n가장 가까운 [악마:demon] 또는 [비전:arcane] 유닛을 아군으로 만든다
Runed Vellum	룬 양피지
On Pickup:\nTriples the remaining duration of any of your currently active buffs	획득 시:\n현재 활성화된 강화 효과의 남은 지속 시간을 3배로 한다
Cursed Seal	저주받은 인장
On Pickup:\nCast Seal Fate on all enemies in your line of sight	획득 시:\n시야 내의 모든 적에게 "운명을 봉인하기"를 시전한다
Hellbloom	지옥의 개화
On Pickup:\nSummon 9 friendly Hellhounds which appear at random locations	획득 시:\n무작위 위치에 출현하는 아군 지옥 사냥개를 9체 소환한다
Voltaic Ash	전류의 재
Fire a beam toward each other unit in your line of sight\nEach beam deals 16 [Fire] or [Lightning] damage	당신의 시야 내의 다른 각 유닛을 향해 광선을 발사한다\n각 광선은 [화염:fire] 또는 [번개:lightning] 피해를 16 입힌다
On Pickup:\nFire a beam toward each other unit in your line of sight\nEach beam deals 16 [Fire] or [Lightning] damage\nThis effect repeats every 6 turns until the end of the level	획득 시:\n시야 내의 다른 각 유닛을 향해 광선을 발사한다\n각 광선은 [화염:fire] 또는 [번개:lightning] 피해를 16 입힌다\n이 효과는 레벨 종료까지 6턴마다 반복된다
Glacial Script	빙하의 서
On Pickup:\nCast your self-targeted [Ice] spells	획득 시:\n자신을 대상으로 하는 [얼음:ice] 주문을 시전한다
Beastblood Fungus	야수혈 균류
On Pickup:\nHeal 2 HP per turn for the remainder of the level	획득 시:\n레벨이 끝날 때까지 매 턴 HP 2를 회복한다
Scripted Cortex	기록된 피질
On Pickup:\nA random [Arcane] or [Word] spell you know permanently gains +2 [max charges:max_charges]	획득 시:\n습득한 무작위 [비전:arcane] 또는 [주문:word] 주문이 영구적으로 [최대 사용 횟수:max_charges]+2를 얻는다
Umbral Resin	그림자 수지
On Pickup:\nGain 100% resistance to [Dark] and [Poison] damage for the remainder of the level	획득 시:\n레벨이 끝날 때까지 [암흑:dark] 및 [독:poison] 피해에 대한 저항 100%를 얻는다
Charged Cog	충전된 톱니바퀴
On Pickup:\nSummon a friendly Copper Spikeball	획득 시:\n아군 구리 가시공을 소환한다
Sacrificial Brand	희생의 낙인
On Pickup:\nGain max HP equal to your [Blood] mastery	획득 시:\n[피:blood] 숙련도에 해당하는 최대 HP를 얻는다
Crimson Sigil	진홍빛 인장
On Pickup:\nCast Drain Pulse	획득 시:\n"흡수의 파동"을 시전한다
Sanctified Locket	축성된 로켓
On Pickup:\n[Undead], [Demons], and [Dark] units in line of sight are [feared] for 8 turns	획득 시:\n시야 내의 [언데드:undead], [악마:demon], [암흑:dark] 유닛을 8턴 동안 [공포:fear]에 빠뜨린다
Cast Chain Lightning targeting the first enemy that damages you each turn	매 턴, 당신에게 처음 피해를 입힌 적을 대상으로 "연쇄 번개"를 시전한다
Fulminite Shard	뇌석 파편
On Pickup:\nCast Chain Lightning targeting the first enemy that damages you each turn for the remainder of the level	획득 시:\n레벨이 끝날 때까지 매 턴 처음으로 당신에게 피해를 입힌 적을 대상으로 "연쇄 번개"를 시전한다
Retinal Jelly	망막 젤리
On Pickup:\nSummon a friendly Annihilation Goo	획득 시:\n아군 절멸 점액을 소환한다
Warped Dragon Egg	뒤틀린 용의 알
On Pickup:\nA random [Conjuration] spell you know gains +3 [minion damage:minion_damage]	획득 시:\n습득한 무작위 [소환:conjuration] 주문이 [소환수 피해:minion_damage]+3을 얻는다
[{component}:{tkey}] increased {spell}'s {attr} by {amt}	[{component}:{tkey}]가 "{spell}"의 {attr}을(를) {amt} 증가시켰다
Votive Candle	봉헌 양초
On Pickup:\nHeal 10 HP per turn for the next 12 turns	획득 시:\n다음 12턴 동안, 턴마다 HP 10을 회복한다
Unwavering Faith	흔들리지 않는 신앙
Dreamthorn Vine	꿈가시 덩굴
On Pickup:\nThe nearest enemy is [stunned] for 6 turns, and you cast Prison of Thorns on them	획득 시:\n가장 가까운 적을 6턴 동안 [기절:stun]시키고, 그에게 "가시의 감옥"을 시전한다
Watcher Stone	감시자의 돌
On Pickup:\nSummon a friendly Watcher	획득 시:\n아군 감시자를 소환한다
Blood Basin	피의 수반
On Pickup:\nCast Pain Mirror	획득 시:\n"고통의 거울"을 시전한다
Holy Water	성수
On Pickup:\nRemove all debuffs from yourself\nGain 75% [Dark] and [Fire] resistance that lasts for the remainder of the level	획득 시:\n자신의 모든 약화 효과를 제거한다\n레벨이 끝날 때까지 지속되는 [암흑:dark] 및 [화염:fire] 저항 75%를 얻는다
Mirror Stone	거울석
On Pickup:\nGain an additional copy of this component	획득 시:\n이 재료를 1개 더 얻는다
Stormglass Eye	폭풍유리 눈
Summon a [Storm Cloud:lightning] over each enemy in line of sight\n[Storm Clouds:lightning] have a 50% chance to deal 25 [Lightning] damage each turn and last for 5 turns	시야 내의 각 적 위에 [폭풍 구름:lightning]을 소환한다\n[폭풍 구름:lightning]은 턴마다 50% 확률로 25의 [번개:lightning] 피해를 입히며 5턴 동안 지속된다
On Pickup:\nSummon a [Storm Cloud:lightning] over each enemy in line of sight\nEach cloud has a 50% chance to deal 25 [Lightning] damage each turn\n[Storm Clouds:lightning] last for 5 turns\nThis effect repeats every 6 turns until the end of the level	획득 시:\n시야 내의 각 적 위에 [폭풍 구름:lightning]을 소환한다\n각 구름은 턴마다 50% 확률로 [번개:lightning] 피해를 25 입힌다\n[폭풍 구름:lightning]은 5턴 동안 지속된다\n이 효과는 레벨 종료까지 6턴마다 반복된다
Ice Wyrm Scale	얼음 웜의 비늘
On Pickup:\nSummon a friendly Ice Wyrm Egg nearby	획득 시:\n근처에 아군 얼음 웜 알을 소환한다
Mycelial Ooze	균사 점액
On Pickup:\nSummon 5 friendly Green Mushbooms nearby\nWhen they die, 3 Green Slimes are summoned from their corpses	획득 시:\n근처에 아군 초록 머쉬붐을 5체 소환한다\n그들이 죽으면, 그 시체에서 녹색 슬라임이 3체 소환된다
Golden Dragonscale	황금 용비늘
On Pickup:\nDeal [10 Holy:holy] damage to enemies that harm you for the remainder of the level	획득 시:\n레벨이 끝날 때까지 당신에게 피해를 입힌 적에게 [10 신성:holy] 피해를 입힌다
Dragontongue Tablet	용혀 석판
On Pickup:\nGain 1 SP if you know a [Dragon] spell	획득 시:\n[용:dragon] 주문을 습득하고 있으면 SP 1을 얻는다
Wizard gained {count} SP from the {name}	마법사가 {name}에게서 SP {count}을(를) 얻었다
Cursed Dice	저주받은 주사위
On Pickup:\nCast Wheel of Death between 2 and 12 times	획득 시:\n"죽음의 수레바퀴"를 2~12회 시전한다
Moonstone	월장석
On Pickup:\nSummon a friendly Lamasu	획득 시:\n아군 라마수를 소환한다
Frozen Heartwood	얼어붙은 심재
On Pickup:\nInflict 50 [Ice] damage and 6 turns of [frozen] on enemies within 5 tiles\nAllies are healed instead	획득 시:\n5칸 이내의 적에게 [얼음:ice] 피해 50과 6턴의 [빙결:frozen]을 부여한다\n아군은 대신 회복된다
Starfire Ingot	별불 주괴
On Pickup:\nSummon a pair of Starfire Chimeras to fight for you	획득 시:\n당신을 위해 싸우는 별불 키마이라를 2체 소환한다
Eidolon's Strings	에이돌론의 현
On Pickup:\n[Arcane] enemies are [berserked] for 12 turns	획득 시:\n[비전:arcane] 적을 12턴 동안 [광폭화:berserk]시킨다
Timelost Inscription	시간에 잊힌 비문
When you cast a [Sorcery] spell, each of your other spells regains a charge	[마법:sorcery] 주문을 시전하면, 다른 각 주문이 사용 횟수를 1 회복한다
On Pickup:\nFor the next 6 turns, when you cast a [Sorcery] spell, each of your other spells regains a charge	획득 시:\n다음 6턴 동안, [마법:sorcery] 주문을 시전하면 당신의 다른 각 주문이 사용 횟수를 1 회복한다
Planar Keystone	차원의 쐐기돌
On Pickup:\nCreate a new Rift under the wizard	획득 시:\n마법사 아래에 새로운 균열을 생성한다
Runic Fetish	룬 부적
On Pickup:\nEnemies in line of sight are afflicted by [Shared Pain:blood], which redeals damage dealt to one unit to the others	획득 시:\n시야 내의 적에게 [공유된 고통:blood]을 부여한다. 이는 한 유닛에게 입힌 피해를 다른 유닛에게 다시 입힌다
Oozing Oculite	점액 흐르는 안구석
On Pickup:\nOne of your spells permanently gains +1 [range]	획득 시:\n당신의 주문 1개가 영구적으로 [사거리:range]+1을 얻는다
Astral Phylactery	성계의 성물함
A random ally that is not already Soulbound becomes Soulbound to you and cannot die until you do	아직 영혼 결속되지 않은 무작위 아군이 당신과 영혼으로 결속되어, 당신이 죽기 전까지는 죽지 않게 된다
On Pickup:\nA random ally that is not already Soulbound becomes Soulbound to you and cannot die until you do\nThis effect repeats every 6 turns until the end of the level	획득 시:\n아직 영혼으로 묶이지 않은 무작위 아군이 당신과 영혼으로 묶여, 당신이 죽기 전까지 죽지 않게 된다\n이 효과는 레벨 종료까지 6턴마다 반복된다
Defiled Reliquary	더럽혀진 성유물함
On Pickup:\nSummon a Defiled Reliquary nearby\nEach turn, it deals 10 [Dark] or [Holy] damage to enemies within 5 tiles	획득 시:\n근처에 더럽혀진 성유물함을 소환한다\n턴마다, 5칸 이내의 적에게 [암흑:dark] 또는 [신성:holy] 피해를 10 입힌다
Unholy Aura	불경한 오라
Thundergod's Fang	뇌신의 송곳니
On Pickup:\nEnemies with the [Lightning] tag and less HP than you join your team	획득 시:\n[번개:lightning] 태그를 가지고 당신보다 HP가 낮은 적이 당신의 팀에 합류한다
Nacreous Cysts	진주광 낭종
On Pickup:\nGain a 50% chance to summon a friendly Green Slime each turn for the remainder of the level	획득 시:\n레벨이 끝날 때까지 매 턴 50% 확률로 아군 녹색 슬라임을 소환한다
Archfiend's Bone	대마족의 뼈
On Pickup:\nSummon a Chaos Fiend to aid you for 16 turns	획득 시:\n16턴 동안, 당신을 돕는 혼돈의 마족을 1체 소환한다
Hag Heart	마녀 심장
Deal 1 [Dark] damage to other [Living] units in line of sight\nHeal for damage dealt this way	시야 내의 다른 [생물:living] 유닛에게 [암흑:dark] 피해를 1 입힌다\n이 방법으로 입힌 피해만큼 회복한다
On Pickup:\nDeal 1 [Dark] damage to all other [Living] units in line of sight\nHeal for damage dealt this way\nThis effect repeats every turn until the end of the level	획득 시:\n시야 내의 다른 모든 [생물:living] 유닛에게 [암흑:dark] 피해를 1 입힌다\n이 방식으로 입힌 피해만큼 회복한다\n이 효과는 레벨 종료까지 턴마다 반복된다
Raven Eye	큰까마귀의 눈
[Blind] all enemies for 6 turns	모든 적을 6턴 동안 [실명:blind]시킨다
On Pickup:\n[Blind] all enemies for 6 turns\nThis effect repeats every 12 turns until the end of the level	획득 시:\n모든 적을 6턴 동안 [실명:blind]시킨다\n이 효과는 레벨 종료까지 12턴마다 반복된다
Frost Core	서리의 핵
Inflict 10 [Ice] damage and 3 turns of [frozen] on enemies within [{radius}:radius] tiles	[{radius}:radius]칸 이내의 적에게 [얼음:ice] 피해 10과 3턴의 [빙결:frozen]을 부여한다
On Pickup:\nInflict 10 [Ice] damage and 3 turns of [frozen] on enemies within [2:radius] tiles\nEach time this effect repeats, its [radius] is increased by 1\nThis effect repeats every 6 turns until the end of the level	획득 시:\n[2:radius]칸 이내의 적에게 [얼음:ice] 피해 10과 3턴의 [빙결:frozen]을 부여한다\n이 효과가 반복될 때마다 그 [반경:radius]이 1 증가한다\n이 효과는 레벨 종료까지 6턴마다 반복된다
Arbiter's Lens	심판자의 렌즈
On Pickup:\nSummon 3 Arbiters that disappear after 12 turns	획득 시:\n12턴 후에 사라지는 중재자를 3체 소환한다
Journeystone	여행의 돌
On Craft:\nIf the crafted equipment has the [Translocation] tag, it grants +3 [range] and [max charges:max_charges] to your [Translocation] spells and equipment	제작 시:\n제작한 장비가 [이동:translocation] 태그를 가진다면, 당신의 [이동:translocation] 주문과 장비의 [사거리:range] 및 [최대 사용 횟수:max_charges]를 각각 3 증가시킨다
Mithril Ore	미스릴 광석
On Craft:\nIf the crafted equipment has the [damage] attribute, it gains +9 damage	제작 시:\n제작한 장비가 [피해:damage] 속성을 가진다면, 피해+9를 얻는다
Enchanter's Awl	부여술사의 송곳
On Craft:\nIf the crafted equipment has the [Enchantment] tag, this is returned to your inventory after being used	제작 시:\n제작한 장비가 [부여:enchantment] 태그를 가진다면, 사용 후 인벤토리로 돌아온다
Luminous Threads	빛나는 실
On Craft:\nIf the crafted equipment grants resistance, it grants [SH:shields] equal to your [Holy] mastery at the start of each level	제작 시:\n제작한 장비가 저항을 부여한다면, 각 레벨 시작 시 당신의 [신성:holy] 숙련도에 해당하는 [보호막:shields]을 부여한다
Bloodrage Serum	피의 격노 혈청
On Craft:\nIf the crafted equipment has the [Blood] tag, it grants a stack of [Bloodrage:blood] for 3 turns when an enemy damages you\n[Bloodrage:blood] grants all spells and equipment +1 [damage]	제작 시:\n제작한 장비가 [피:blood] 태그를 가진다면, 적이 당신에게 피해를 입힐 때 3턴 동안 [피의 격노:blood] 중첩을 부여한다\n[피의 격노:blood]는 모든 주문과 장비에 [피해:damage]+1을 부여한다
Flame Blade Fragment	화염 칼날의 파편
On Craft:\nThe crafted equipment grants a +3 [damage] bonus to spells and equipment to each of its tags	제작 시:\n제작한 장비가 가진 각 태그의 주문과 장비에 [피해:damage]+3 보너스를 부여한다
Ironbark Plate	강철나무껍질 판금 갑옷
On Craft:\nIf the crafted equipment has the [Nature] or [Metallic] tag, it gains +25% [Physical] and [Poison] resistances	제작 시:\n제작한 장비가 [자연:nature] 또는 [금속:metallic] 태그를 가진다면, [물리:physical]와 [독:poison] 저항+25%를 얻는다
Phoenix Feather	불사조의 깃털
On Craft:\nIf the crafted equipment has the [Fire] tag, it heals you for [1 HP:heal] when you cast a [Fire] spell\nIf the crafted equipment has the [Holy] tag, it heals you for [1 HP:heal] when you cast a [Holy] spell	제작 시:\n제작한 장비가 [화염:fire] 태그를 가진다면, [화염:fire] 주문을 시전할 때 당신을 [1 HP:heal] 회복시킨다\n제작한 장비가 [신성:holy] 태그를 가진다면, [신성:holy] 주문을 시전할 때 당신을 [1 HP:heal] 회복시킨다
Chaos Seed	혼돈의 씨앗
On Craft:\nIf the crafted equipment has the [Nature] tag, it gains the [Chaos] tag\nAny attribute bonuses the equipment provides to [Nature] spells and equipment are also provided to [Chaos] spells and equipment\nAny effects which trigger specifically from [Nature] spells also trigger from [Chaos] spells	제작 시:\n제작한 장비가 [자연:nature] 태그를 가진다면, [혼돈:chaos] 태그를 얻는다\n그 장비가 [자연:nature] 주문과 장비에 제공하는 모든 속성 보너스는 [혼돈:chaos] 주문과 장비에도 제공된다\n[자연:nature] 주문에서 발동되는 모든 효과는 [혼돈:chaos] 주문에서도 발동된다
Charred Relic	그을린 유물
On Craft:\nIf the crafted equipment has the [Holy] tag, it grants a random [Holy] spell you know +1 to each of its base attributes	제작 시:\n제작한 장비가 [신성:holy] 태그를 가진다면, 습득한 무작위 [신성:holy] 주문의 각 기본 속성에 +1을 부여한다
Dragon Ambrosia	용의 암브로시아
On Craft:\nIf the crafted equipment has the [Dragon] tag, it grants +1 [max charges:max_charges] to all [Dragon] spells for each [Dragon] spell you know	제작 시:\n제작한 장비가 [용:dragon] 태그를 가진다면, 습득한 [용:dragon] 주문 1개당 모든 [용:dragon] 주문에 [최대 사용 횟수:max_charges]+1을 부여한다
Chimera Eyes	키마이라의 눈
[Chimera Eyes:chaos] upgraded {spell} with {upgrade}	[키마이라의 눈:chaos]이 "{spell}"을 "{upgrade}"로 강화했다
Warlord's Skull	장군의 두개골
On Craft:\nIf the crafted equipment would provide bonuses to [damage], [duration], or [range], it provides those bonuses to [minion_damage], [minion_duration], and [minion_range] instead	제작 시:\n제작한 장비가 [피해:damage], [지속시간:duration], 또는 [사거리:range]에 보너스를 제공한다면, 대신 [소환수 피해:minion_damage], [소환수 지속시간:minion_duration], [소환수 사거리:minion_range]에 그 보너스를 제공한다
Odin's Eye	오딘의 눈
On Craft:\nFor each of the crafted equipment's tags, cast a random self-targeted [Eye] spell you know with that tag at the beginning of each level	제작 시:\n제작한 장비의 태그마다, 각 레벨 시작 시 그 태그를 가진 습득한 자신 대상 [눈:eye] 주문을 무작위로 시전한다
Broken Stopwatch	부서진 회중시계
On Craft:\nIf used to craft a piece of equipment with the [duration] attribute, it gains +3 duration	제작 시:\n[지속시간:duration] 속성을 가진 장비 제작에 사용하면, 지속+3을 얻는다
Healing Aura	치유의 오라
Frostfire Tormentor	서리불꽃의 고문자
Toxic Gaze	독성 시선
Skull Sentry	해골 파수병
Bone Wheel	뼈 바퀴
Invigoration	활력 부여
Necromancer	사령술사
Unblinking Eye	깜빡이지 않는 눈
Slime Timer	슬라임 타이머
When [Slime] allies are summoned, their chance to grow is increased by 25%	[슬라임:slime] 아군이 소환되면, 성장 확률이 25% 증가한다
Slimebirth Cantromancy	슬라임 탄생술
Pyrophilia Locket	불꽃 애호의 로켓
When an enemy takes [Fire] damage, your allies in line of sight of them heal for half that damage	적이 [화염:fire] 피해를 받으면, 그 시야 내의 당신의 아군이 그 피해의 절반을 회복한다
Soul Harvester	영혼 수확자
When an enemy dies, there is a 10% chance to regain a charge of your [Dark] and [Holy] spells\nThis chance is tripled if they died to [Dark] or [Holy] damage	적이 죽으면, 10% 확률로 당신의 [암흑:dark] 및 [신성:holy] 주문의 사용 횟수를 회복한다\n[암흑:dark] 또는 [신성:holy] 피해로 죽은 경우, 이 확률은 3배가 된다
Arcane Combustion Powder	비전 연소 가루
When a unit dies to [Arcane] damage, it explodes for [{damage}:damage] [Arcane] damage in a [{radius}:radius] tile burst\nMelts affected walls	유닛이 [비전:arcane] 피해로 죽으면, [{radius}:radius]칸 범위에 [{damage}:damage]의 [비전:arcane] 피해로 폭발한다\n영향을 받은 벽을 녹인다
Searing Eye Stone	작열의 눈 돌
When you cast a [Fire] spell, deal 1 [Fire] damage to enemies in line of sight of the target	[화염:fire] 주문을 시전하면, 대상의 시야 내의 적에게 1의 [화염:fire] 피해를 입힌다
Minion Regeneration Amulet	소환수 재생의 부적
Each turn, heal each of your allies for [2 HP:heal]	턴마다 각 아군을 [2 HP:heal] 회복시킨다
Glittering Dancer's Robes	반짝이는 무희의 로브
When you cast three [Arcane] spells in a row, regain a charge of a random [Translocation] spell and summon [{num_summons}:num_summons] temporary Faeries	[비전:arcane] 주문을 3회 연속으로 시전하면, 무작위 [이동:translocation] 주문의 사용 횟수를 1 회복하고 [{num_summons}:num_summons]체의 일시적인 페어리를 소환한다
Wild Healing Staff	야생의 치유 지팡이
Armor Melted	녹은 방어구
Armor Melter	방어구 용해제
When enemies take [Fire] damage, they gain a stack of Melted Armor for [{duration}:duration] turns\nMelted Armor reduces [Physical] resistance by 10	적이 [화염:fire] 피해를 받으면, [{duration}:duration]턴 동안 융해된 방어구 중첩을 얻는다\n융해된 방어구는 [물리:physical] 저항을 10 낮춘다
Hunger	굶주림
Grave Hunger Amulet	무덤 굶주림 부적
[Undead] allies learn Hunger\nHunger deals [{minion_damage}:minion_damage] [Dark] damage to a target and heals the caster for damage dealt\nHunger has [{minion_range}:range] range and a [3 turn:cooldown] cooldown	[언데드:undead] 아군이 굶주림을 배운다\n굶주림은 대상에게 [{minion_damage}:minion_damage]의 [암흑:dark] 피해를 입히고 입힌 피해만큼 시전자를 회복시킨다\n굶주림은 [{minion_range}:range]의 사거리와 [3턴:cooldown]의 재사용 대기시간을 가진다
Venom Spitter Casque	독 뱉는 자의 투구
[Living] and [Nature] allies learn Venom Spit\nVenom Spit deals [{minion_damage}:minion_damage] [Poison] damage and inflicts [Poison] for [{duration}:duration] turns\nVenom Spit has [{minion_range}:range] range and a [3 turn:cooldown] cooldown	[생물:living]과 [자연:nature] 아군이 독액 뱉기를 배운다\n독액 뱉기는 [{minion_damage}:minion_damage]의 [독:poison] 피해를 입히고 [{duration}:duration]턴 동안 [중독:poison]을 부여한다\n독액 뱉기는 [{minion_range}:range]의 사거리와 [3턴:cooldown]의 재사용 대기시간을 가진다
Lightning Tether	번개 연결
Pulls the target 1 tile toward the caster\nApplies stun for [{duration}:duration] turns	대상을 시전자에게 1칸 끌어당긴다\n[{duration}:duration]턴 동안 기절을 부여한다
[Construct] and [Metallic] allies learn Lightning Tether\nLightning Tether deals [{minion_damage}:minion_damage] [Lightning] damage, pulls the target 1 tile closer, and stuns for [{duration}:duration] turns\nLightning Tether has [{minion_range}:range] range and a [6 turn:cooldown] cooldown	[구조물:construct]과 [금속:metallic] 아군이 번개 속박을 배운다\n번개 속박은 [{minion_damage}:minion_damage]의 [번개:lightning] 피해를 입히고, 대상을 1칸 끌어당기며, [{duration}:duration]턴 동안 기절시킨다\n번개 속박은 [{minion_range}:range]의 사거리와 [6턴:cooldown]의 재사용 대기시간을 가진다
Stolen Flame Choker	훔친 화염 초커
[Demon] allies learn Fire Breath\nFire Breath deals [{minion_damage}:minion_damage] [Fire] damage to units in a cone\nFire Breath has [{minion_range}:range] range and a [3 turn:cooldown] cooldown	[악마:demon] 아군이 화염 숨결을 배운다\n화염 숨결은 부채꼴 범위의 유닛에게 [{minion_damage}:minion_damage]의 [화염:fire] 피해를 입힌다\n화염 숨결은 [{minion_range}:range]의 사거리와 [3턴:cooldown]의 재사용 대기시간을 가진다
Expurgate	숙청
Unholy Expurgator	불경한 숙청자
[Dark] and [Holy] allies learn Expurgate\nExpurgate is a melee spell\nExpurgate deals [{minion_damage}:minion_damage] [Dark], [Holy], and [Physical] damage\nExpurgate has a [3 turn:cooldown] cooldown	[암흑:dark]과 [신성:holy] 아군이 숙청을 배운다\n숙청은 근접 주문이다\n숙청은 [{minion_damage}:minion_damage]의 [암흑:dark], [신성:holy], [물리:physical] 피해를 입힌다\n숙청은 [3턴:cooldown]의 재사용 대기시간을 가진다
Arcane Shield	비전 보호막
When you cast an [Arcane] spell, if you have no shields, gain [1 SH:shields]	[비전:arcane] 주문을 시전했을 때, 보호막이 없으면 [보호막 1개:shields]를 얻는다
Magic Minion Shield	마법 소환수 보호막
[Arcane] allies gain [3 SH:shields] when summoned\nOther allies gain [1 SH:shields] instead	[비전:arcane] 아군은 소환 시 [보호막 3개:shields]를 얻는다\n다른 아군은 대신 [보호막 1개:shields]를 얻는다
Chaos Links	혼돈의 사슬
When an enemy dies to [Fire], [Physical], or [Lightning] damage, a random enemy in line of sight within [{radius}:radius] tiles takes [{damage}:damage] damage of that type	적이 [화염:fire], [물리:physical] 또는 [번개:lightning] 피해로 죽으면, [{radius}:radius]칸 이내 시야 내의 무작위 적이 그 종류의 [{damage}:damage] 피해를 받는다
Fae Thorn Staff	요정의 가시 지팡이
When you cast an [Arcane] or [Nature] spell, summon [{num_summons}:num_summons] temporary Fae Thorns near the target	[비전:arcane] 또는 [자연:nature] 주문을 시전하면, 대상 근처에 [{num_summons}:num_summons]개의 일시적인 요정의 가시를 소환한다
Cracklevoid	공허 번개
When an enemy takes [Arcane] damage, up to [{num_targets}:num_targets] enemies in line of sight within [{radius}:radius] tiles take that much [Lightning] damage	적이 [비전:arcane] 피해를 받으면, [{radius}:radius]칸 이내 시야 내의 적 최대 [{num_targets}:num_targets]명이 그만큼의 [번개:lightning] 피해를 받는다
When an enemy takes {dtype} damage, it has a {chance}% chance to be afflicted with [{duration}:duration] {turns} of [{status}]	적이 {dtype} 피해를 받으면, {chance}% 확률로 [{duration}:duration] {turns}의 [{status}]에 걸린다
Icy Vengeance Icon	얼음 복수의 이콘
When your allies die, up to [{num_targets}:num_targets] random enemies within [{radius}:radius] tiles take [Ice] damage equal to half the dead ally's max HP	아군이 죽으면, [{radius}:radius]칸 이내의 최대 [{num_targets}:num_targets]명의 무작위 적이 죽은 아군의 최대 HP의 절반에 해당하는 [얼음:ice] 피해를 받는다
Ice Sickle	얼음 낫
When you manually cast an [Arcane] spell targeting a [frozen] unit, make a copy of that spell targeting each other frozen enemy in line of sight\nRemove [frozen] from affected units	[빙결:frozen] 유닛을 대상으로 [비전:arcane] 주문을 수동으로 시전하면, 시야 내의 다른 각 빙결된 적을 대상으로 그 주문의 복사본을 만든다\n영향을 받은 유닛에서 [빙결:frozen]을 제거한다
Chill Staff	냉기의 지팡이
When you cast an [Ice] spell, the nearest unfrozen enemy to that spell's target is [frozen] for [{duration}:duration] turns	[얼음:ice] 주문을 시전하면, 그 주문의 대상에 가장 가까운 빙결되지 않은 적이 [{duration}:duration]턴 동안 [빙결:frozen]된다
Shatter Shards Necklace	분쇄 파편 목걸이
When a unit is unfrozen or a [frozen] unit dies, up to [{num_targets}:num_targets] enemies within [{radius}:radius] tiles take [{damage}:damage] [Ice] and [Physical] damage	유닛의 빙결이 풀리거나 [빙결:frozen] 유닛이 죽으면, [{radius}:radius]칸 이내의 적 최대 [{num_targets}:num_targets]명이 [{damage}:damage]의 [얼음:ice] 및 [물리:physical] 피해를 받는다
Amulet Of Collected Agony	축적된 고통의 부적
Each turn, the nearest [{num_targets}:num_targets] enemies take [Dark] damage\nThe damage equals 2x the sum of all [Poison] damage dealt since the last activation	턴마다 가장 가까운 적 [{num_targets}:num_targets]체가 [암흑:dark] 피해를 받는다\n피해는 마지막 발동 이후 입힌 모든 [독:poison] 피해 합계의 2배와 같다
Void Spike Stone	공허의 가시돌
When you or one of your [Arcane] or [Undead] allies take damage from an enemy, deal [{damage}:damage] [Arcane] damage to the enemy	당신 또는 당신의 [비전:arcane]이나 [언데드:undead] 아군이 적에게서 피해를 받으면, 그 적에게 [{damage}:damage]의 [비전:arcane] 피해를 입힌다
Spider Carapace Robe	거미 갑각 로브
Necromancer's Locket	사령술사의 로켓
When a [Living] unit dies, raises that unit as a skeleton	[생물:living] 유닛이 죽으면, 그 유닛을 해골로 되살린다
Cursed Blade	저주받은 칼날
Silvered	은도금
[Silvered Weapons:holy]:\nCasting a spell targeting a [Blood], [Dark], or [Undead] enemy deals 50 [Holy] damage to the target	[은도금 무기:holy]:\n[피:blood], [암흑:dark] 또는 [언데드:undead] 적을 대상으로 주문을 시전하면, 대상에게 50의 [신성:holy] 피해를 입힌다
Vampire Hunter	흡혈귀 사냥꾼
Silver Blade	은빛 칼날
Paladin	팔라딘
Shield Bash	방패 강타
Blessed Maul	축복받은 망치
Dragon Knight	용 기사
Ranger	레인저
On taking damage, gain that much resistance to that damage type and +1 damage to all spells	피해를 받으면, 그 피해 종류에 대한 저항을 같은 양만큼 얻고 모든 주문에 피해+1을 얻는다
Enrage	격앙
When this unit falls below half health for the first time, it becomes [berserked] for 10 turns	이 유닛이 처음으로 체력의 절반 아래로 떨어지면, 10턴 동안 [광폭화:berserk]된다
Frenzied Swings	광란의 연타
Deals [Physical] damage to enemies in an arc\nAttacks 2 times	호 모양으로 적에게 [물리:physical] 피해를 입힌다\n2회 공격한다
Berserker	광전사
Evasion	회피
Teleports to a random nearby location and gains 1 [SH:shields] after taking damage	무작위 근처 위치로 순간이동하고 피해를 받은 후 [보호막:shields] 1을 얻는다
Aether Exposure	에테르 노출
Removes damage resistances	피해 저항을 제거한다
Aether Dagger	에테르 단검
Ranged attack\nInflicts {duration} turns of Aether Exposure before dealing damage	원거리 공격\n피해를 입히기 전에 {duration}턴의 에테르 노출을 부여한다
Assassin	암살자
Ambush	매복
Withering Aura	시들음의 오라
Each turn, apply a stack of Corrosion to enemies in a 6 tile radius	턴마다 6칸 반경의 적에게 부식 중첩을 부여한다
Voodoo Binding	부두 속박
Curse {num_targets} random enemies with [Shared Pain:blood]	{num_targets}명의 무작위 적을 [공유된 고통:blood]으로 저주한다
Voodoo Blessing	부두 축복
Caster and allies gain a stack of Regeneration, healing 1 HP per turn	시전자와 아군은 재생 중첩을 하나 얻어, 턴마다 HP 1을 회복한다
Witch Doctor	부두술사
Holy Aura	신성한 오라
Each turn, deal 3 [Holy] damage to enemies in a 6 tile radius\nAllies are healed instead	턴마다 6칸 반경의 적에게 [신성:holy] 피해를 3 입힌다\n아군은 대신 회복된다
Cleric	클레릭
Auto Cannon	자동 대포
Command Overclock	오버클럭 명령
Allied Constructs take 3 turns in a row	아군 구조물은 3턴 연속으로 행동한다
Engineer	기술자
Flamethrower	화염방사기
Deal fire damage in a cone	부채꼴로 화염 피해를 입힌다
Deploy Auto Cannons	자동 대포 배치
Acidifier	산성화기
Each turn, a random enemy is acidified\nAcidified units lose 100 [Poison] resist	턴마다 무작위 적이 산성화된다\n산성화된 유닛은 [독:poison] 저항을 100 잃는다
Starcharged	별의 힘을 띤
Each turn, deal [{damage}:damage] [Arcane] damage to one random enemy in line of sight, and then [{damage}:damage] [Fire] damage to another	턴마다 시야 내의 무작위 적 1명에게 [{damage}:damage]의 [비전:arcane] 피해를, 그 다음 다른 1명에게 [{damage}:damage]의 [화염:fire] 피해를 입힌다
Voidflame Lantern	공허염 등불
When you cast a [Fire] or [Arcane] spell, gain Starcharged with duration equal to the spell's level\nStarcharged deals [{damage}:damage] [Arcane] damage to one random enemy in line of sight each turn, and then [{damage}:damage] [Fire] damage to another	[화염:fire] 또는 [비전:arcane] 주문을 시전하면, 주문 레벨에 해당하는 지속 시간의 별의 충전을 얻는다\n별의 충전은 매 턴 시야 내의 무작위 적 1명에게 [{damage}:damage]의 [비전:arcane] 피해를, 그 다음 다른 1명에게 [{damage}:damage]의 [화염:fire] 피해를 입힌다
Twilight Sentinel	황혼의 파수꾼
Each turn, deal [{damage}:damage] [Dark] damage to one random enemy in line of sight, and then [{damage}:damage] [Holy] damage to another	턴마다 시야 내의 무작위 적 1명에게 [{damage}:damage]의 [암흑:dark] 피해를, 그 다음 다른 1명에게 [{damage}:damage]의 [신성:holy] 피해를 입힌다
Twilight Lantern	황혼의 등불
When you cast a [Dark] or [Holy] spell, gain Twilight Sentinel with duration equal to the spell's level\nTwilight Sentinel deals [{damage}:damage] [Dark] damage to one random enemy in line of sight each turn, and then [{damage}:damage] [Holy] damage to another	[암흑:dark] 또는 [신성:holy] 주문을 시전하면, 주문 레벨에 해당하는 지속 시간의 황혼의 파수꾼을 얻는다\n황혼의 파수꾼은 매 턴 시야 내의 무작위 적 1명에게 [{damage}:damage]의 [암흑:dark] 피해를, 그 다음 다른 1명에게 [{damage}:damage]의 [신성:holy] 피해를 입힌다
Echomancy	반향술
Refunds next charge used to cast {spell}	"{spell}" 시전에 사용되는 다음 사용 횟수를 되돌려준다
Echo Staff	반향의 지팡이
When you manually cast the same [Sorcery] spell twice in a row, gain a charge of that spell	같은 [마법:sorcery] 주문을 2회 연속으로 수동 시전하면, 그 주문의 사용 횟수를 1 얻는다
Disintegrator	분해자
For every 40 damage dealt by [Sorcery] spells, deal 1 [Physical] damage to all enemies\nDamage Dealt: {val}	[마법:sorcery] 주문으로 입힌 피해 40마다 모든 적에게 [물리:physical] 피해를 1 입힌다\n입힌 피해: {val}
Blood Staff	피의 지팡이
Haunted Blood Vial	빙의된 피 병
Enchanters Boon	부여술사의 은총
When you manually cast a self-targeted [Enchantment] spell, one of your allies also casts it	자신을 대상으로 하는 [부여:enchantment] 주문을 수동으로 시전하면, 당신의 아군 중 하나도 그것을 시전한다
Menacing Eye Mask	위협하는 눈의 가면
When one of your [Eye] spells damages an enemy, inflict [{duration}:duration] turns of [fear] on them	당신의 [눈:eye] 주문이 적에게 피해를 입히면, [{duration}:duration]턴의 [공포:fear]를 부여한다
Hemocorruptor	피의 오염자
When your allies heal, up to [{num_targets}:num_targets] enemies in line of sight within [{radius}:radius] tiles take that much [Poison] damage	아군이 회복하면, [{radius}:radius]칸 이내 시야 내의 최대 [{num_targets}:num_targets]명의 적이 그만큼의 [독:poison] 피해를 받는다
Earthwrath	대지의 분노
When you cast a [Nature] or [Chaos] spell, send out tremors along the ground from the target to nearby enemies\nEach tremor deals [{damage}:damage] [Physical] damage to the target and all units in its path\nThe number of targets is equal to the level of the spell\nThe tremors can target enemies up to [{radius}:radius] tiles away	[자연:nature] 또는 [혼돈:chaos] 주문을 시전하면, 대상에서 근처의 적으로 땅을 따라 진동을 보낸다\n각 진동은 대상과 경로상의 모든 유닛에게 [{damage}:damage]의 [물리:physical] 피해를 입힌다\n대상 수는 주문의 레벨과 같다\n진동은 최대 [{radius}:radius]칸 거리의 적을 대상으로 할 수 있다
Razoreye	칼날 눈
When you cast a [Metallic] spell, deal [{damage}:damage] [Physical] damage to 1 enemy in line of sight per spell level	[금속:metallic] 주문을 시전하면, 주문 레벨마다 시야 내의 적 1명에게 [{damage}:damage]의 [물리:physical] 피해를 입힌다
Sonic Shields	음파 보호막
When one of your allies loses a shield, up to [{num_targets}:num_targets] enemies in their line of sight within [{radius}:radius] tiles take [{damage}:damage] [Physical] and [Arcane] damage\nEnemies hit are [silenced] for [{duration}:duration] turns	당신의 아군 중 하나가 보호막을 잃으면, 그 시야 내 [{radius}:radius]칸 이내의 적 최대 [{num_targets}:num_targets]명이 [{damage}:damage]의 [물리:physical] 및 [비전:arcane] 피해를 받는다\n맞은 적은 [{duration}:duration]턴 동안 [침묵:silence]된다
Blazeblood Staff	화염혈 지팡이
Channeler's Focus	시전자의 초점
Gain [{duration}:duration] turns of Clarity when you cast a channeled spell	지속 시전 주문을 시전하면 [{duration}:duration]턴의 명료를 얻는다
Hex Specialist's Ring	저주 전문가의 반지
Each turn, enemies take [{damage}:damage] [Arcane] damage for each debuff they have	턴마다 적이 가진 약화 효과 하나마다 [{damage}:damage]의 [비전:arcane] 피해를 받는다
The Bladestaff	칼날 지팡이
Timelord's Staff	시간 지배자의 지팡이
Geometer's Staff	기하학자의 지팡이
Memory Staff	기억의 지팡이
Multimancer's Staff	다원술사의 지팡이
Brain Hat	뇌 모자
Marksman Cap	사수의 모자
Warlord Helm	장군 투구
Warlord Vestments	장군 법복
Finger 6	손가락 6
Armor of the Master	주인의 방어구
Your summoned allies' resistances are set equal to yours if they are higher	당신이 소환한 아군의 저항은 당신의 저항이 더 높으면 당신과 동일하게 설정된다
Basilisk Scale Armor	바실리스크 비늘 갑옷
Cast Petrify on the first [{num_targets}:num_targets] enemies that target you with a spell each turn	매 턴, 당신을 주문으로 처음 대상으로 삼은 [{num_targets}:num_targets]명의 적에게 "석화"를 시전한다
Charm Of Vigor	활력의 부적
Your summoned allies gain [25 Physical:physical] resist, [25 Lightning:lightning] resist, [25 Ice:ice] resist, and [25 Fire:fire] resist	당신이 소환한 아군이 [25 물리:physical] 저항, [25 번개:lightning] 저항, [25 얼음:ice] 저항, [25 화염:fire] 저항을 얻는다
Charm Of Darkness	어둠의 부적
Your summoned allies gain [25 Arcane:arcane] resist, [25 Dark:dark] resist, and [25 Holy:holy] resist	당신이 소환한 아군이 [25 비전:arcane] 저항, [25 암흑:dark] 저항, [25 신성:holy] 저항을 얻는다
The first time an enemy takes {tag1} or {tag2} damage, it gets -25 {tag1} and {tag2} resist	적이 처음으로 {tag1} 또는 {tag2} 피해를 받으면, {tag1}과 {tag2} 저항 -25를 얻는다
Robe of Storms	폭풍의 로브
When an enemy takes [Ice] or [Lightning] damage, gain 1 [SH:shields] up to a max of 2	적이 [얼음:ice] 또는 [번개:lightning] 피해를 받으면, [보호막 1개:shields]를 얻는다, 최대 2까지
Fae Plate	요정의 판금 갑옷
Gain 1 [SH:shields] each turn, up to a max of 3	턴마다 [보호막 1개:shields]를 얻는다, 최대 3까지
Vampiric Vestments	흡혈의 법복
Dwarven Chainmail	드워프 사슬 갑옷
Elven Chainmail	엘프 사슬 갑옷
Earthtroll Armor	대지트롤 방어구
Stormtroll Armor	폭풍트롤 방어구
Stormbrood Trickshoes	폭풍 혈통의 트릭슈즈
When you cast a [Translocation] spell, summon a Storm Troll at your original location\nIt can cast your Blink on an 8 turn cooldown	[이동:translocation] 주문 시전 시 원래 위치에 폭풍 트롤 소환\n폭풍 트롤은 8턴의 재사용 대기시간으로 당신의 "점멸"을 시전할 수 있다
Spirit Visor	정령 면갑
When you take damage, gain 1 [SH:shields]	피해를 받을 때마다 [보호막:shields] 1 획득.
Soulmail	영혼 사슬갑옷
When a [Living] unit dies, gain 1 [SH:shields], up to a max of 4	[생물:living] 유닛이 죽으면, [보호막:shields] 1 획득, 최대 4까지
Earthmeld Boots	대지융합 부츠
Winged Shoes	날개 신발
Grants Flying	비행 부여
Drill Shoes	드릴 신발
Grants Burrowing	땅굴 파기 부여
Silken Sandals	비단 샌들
When you take a step, gain 1 [SH:shields]	이동하면, [보호막:shields] 1 획득
Snow Shoes	설피
Travellers Shoes	여행자의 신발
Every {steps} steps, summon a {unit}\n{counter} steps until summon	{steps}걸음마다 {unit}을(를) 소환한다\n소환까지 {counter}걸음 남음
Cantrip Clogs	캔트립의 나막신
When you take a step, regain a charge of each level 1 spell you know	이동하면, 습득한 각 레벨 1 주문의 사용 횟수를 1 회복한다
Timestriders	시간을 걷는 자
At the beginning of each level, enemies are [stunned] for [{duration}:duration] {turns}	각 레벨 시작 시, 적은 [{duration}:duration] {turns} 동안 [기절:stun]된다
Codex of Sacrifice	희생의 마법서
When you complete a level, permanently sacrifice 25 HP to activate the Codex\nWhen you activate the Codex, learn a [Word] spell\nIf you know every available [Word] spell, this item ceases to function\n	레벨을 완료하면, HP 25를 영구히 희생하여 마법서를 발동한다\n마법서를 발동하면, [주문:word] 주문을 습득한다\n사용 가능한 모든 [주문:word] 주문을 알고 있으면, 이 아이템은 기능을 멈춘다\n
Ecophagy	환경 포식
Ecophagy\nEach turn, eat all adjacent walls\nGain 1 max HP per wall consumed	환경 포식\n턴마다 인접한 모든 벽을 먹는다\n소비한 벽 1개마다 최대 HP 1을 얻는다
Grey Goo	회색 점액
If you would summon a Green Slime, you instead summon Grey Goo\nGrey Goo have the Ecophagy buff which causes its owner to eat any adjacent walls at the end of their turn, gaining 1 max HP for each wall consumed this way	녹색 슬라임을 소환할 상황일 때, 대신 회색 점액을 소환한다\n회색 점액은 환경 포식 강화 효과를 가지며, 이로 인해 소유자가 턴 종료 시 인접한 벽을 먹어, 이런 방식으로 소모한 벽 하나당 최대 HP를 1 얻는다
Macrophagic Mask	대식의 가면
When [Living] or [Slime] allies damage an enemy, they gain 2 max HP	[생물:living] 또는 [슬라임:slime] 아군이 적에게 피해를 입히면, 최대 HP 2를 얻는다
Oozing Scale Armor	스며나오는 비늘 방어구
Slimy Voodoo Mantle	끈적이는 부두 망토
If you would take damage, deal that much damage to one of your adjacent [Slime] allies instead	피해를 입을 상황일 때, 대신 그만큼의 피해를 인접한 [슬라임:slime] 아군 하나에게 입힌다
Crisis Charm	위기의 부적
[{unit}:{color}] used a Crisis Charm	[{unit}:{color}]이(가) 위기의 부적을 사용했다
Ankh	앙크
Each turn, deal [{damage}:damage] [Holy] damage to enemies adjacent to your allies	턴마다 당신의 아군에게 인접한 적에게 [{damage}:damage]의 [신성:holy] 피해를 입힌다
Drakenstaff	드레이크의 지팡이
Blood Ruby	피의 루비
Eye Rock Pendant	눈 바위 펜던트
Amber Cube	호박 정육면체
Skull Necklace	해골 목걸이
When you cast a [Dark] spell, your [Undead] allies gain [{minion_damage}:minion_damage] damage to their spells for [{duration}:duration] turns	[암흑:dark] 주문을 시전하면, 당신의 [언데드:undead] 아군이 [{duration}:duration]턴 동안 그 주문에 [{minion_damage}:minion_damage] 피해를 얻는다
Red Obsidian Shard	붉은 흑요석 조각
Each turn, enemies adjacent to your [Demon] and [Undead] allies take [{damage}:damage] [Fire] damage	턴마다 당신의 [악마:demon]와 [언데드:undead] 아군에게 인접한 적이 [{damage}:damage]의 [화염:fire] 피해를 받는다
Jade Shard	비취 파편
Dragonclaw Sabatons	용발톱 사바톤
When you take a step, cast Dragon Claw on a random adjacent enemy	이동하면, 인접한 무작위 적에게 "용의 발톱"을 시전한다
Fanged Amulet	송곳니 부적
Each turn, deal [Physical] damage equal to your [Blood] mastery to an adjacent unit\nHeal for the damage dealt	턴마다 인접한 유닛에게 [피:blood] 숙련도에 해당하는 [물리:physical] 피해를 입힌다\n입힌 피해만큼 회복한다
\n[Blood Mastery:blood]: [{mastery}:physical]	\n[피의 숙련:blood]: [{mastery}:physical]
Stoneeater Amulet	돌먹이 부적
Blizzard Beacon	눈보라 표식
Each turn, summon a random number of [Blizzards:ice] across the level\nThe [Blizzards:ice] deal [{damage}:damage] damage and last for [{duration}:duration] turns\nThe maximum number summoned each turn is equal to your [Ice] mastery	턴마다 차원 전역에 무작위 수의 [눈보라:ice]를 소환한다\n[눈보라:ice]는 [{damage}:damage] 피해를 입히고 [{duration}:duration]턴 동안 지속된다\n턴마다 소환되는 최대 수는 당신의 [얼음:ice] 숙련도와 같다
\n[Ice Mastery:ice]: [{mastery}:ice]	\n[얼음의 숙련:ice]: [{mastery}:ice]
Storm Beacon	폭풍 표식
Each turn, summon a random number of [Storm Clouds:lightning] across the level\nThe [Storm Clouds:lightning] deal [{damage}:damage] damage and last for [{duration}:duration] turns\nThe maximum number summoned each turn is your [Lightning] mastery	턴마다 차원 전역에 무작위 수의 [폭풍 구름:lightning]을 소환한다\n[폭풍 구름:lightning]은 [{damage}:damage] 피해를 입히고 [{duration}:duration]턴 동안 지속된다\n턴마다 소환되는 최대 수는 당신의 [번개:lightning] 숙련도이다
\n[Lightning Mastery:lightning]: [{mastery}:lightning]	\n[번개의 숙련:lightning]: [{mastery}:lightning]
Rain Beacon	비의 표식
Each turn, summon a random number of [Rain Clouds:nature] across the level\nThe [Rain Clouds:nature] last for [{duration}:duration] turns\nThe maximum number summoned each turn is your [Nature] mastery	턴마다 차원 전역에 무작위 수의 [비구름:nature]을 소환한다\n[비구름:nature]은 [{duration}:duration]턴 동안 지속된다\n턴마다 소환되는 최대 수는 당신의 [자연:nature] 숙련도이다
\n[Nature Mastery:nature]: [{mastery}:nature]	\n[자연의 숙련:nature]: [{mastery}:nature]
Amulet of Undeath	불사의 부적
Vial of Ambrosia	암브로시아의 작은 병
Draco Antiphony Scepter	드라코 교창의 셉터
When you cast a level 4 or lower [Sorcery] spell, your [Dragon] allies with matching tags will attempt to cast it	레벨 4 이하의 [마법:sorcery] 주문을 시전하면, 태그가 일치하는 당신의 [용:dragon] 아군이 그것을 시전하려 시도한다
Annihilator Staff	섬멸자의 지팡이
Deals [{damage}:damage] [Physical], [Fire], and [Lightning] damage to units before they would be damaged by your [Sorcery] spells	당신의 [마법:sorcery] 주문으로 피해를 받기 전에 유닛에게 [{damage}:damage]의 [물리:physical], [화염:fire], [번개:lightning] 피해를 입힌다
Arcane Amplifier	비전 증폭기
Redeal half the damage you deal with other [Sorcery] spells and equipment as [Arcane] damage	다른 [마법:sorcery] 주문과 장비로 입힌 피해의 절반을 [비전:arcane] 피해로 다시 입힌다
The Flamenweaver	화염을 짜는 자
Redeal half the damage you deal with other [Enchantment] spells and equipment as [Fire] damage	다른 [부여:enchantment] 주문과 장비로 입힌 피해의 절반을 [화염:fire] 피해로 다시 입힌다
Treelord Staff	나무 군주의 지팡이
When you cast a level 3 or higher [Nature] spell, summon a Treant nearby	레벨 3 이상의 [자연:nature] 주문을 시전하면, 근처에 트렌트를 소환한다
Aetherlord Staff	에테르군주의 지팡이
When you cast a level 5 or higher [Arcane] spell, summon a Void Elder nearby	레벨 5 이상의 [비전:arcane] 주문을 시전하면, 근처에 공허의 장로를 소환한다
Flaming Claw Staff	불타는 발톱 지팡이
When your allies damage enemies, redeal half the damage dealt as [Fire] damage	아군이 적에게 피해를 입히면, 입힌 피해의 절반을 [화염:fire] 피해로 다시 입힌다
Icy Claw Staff	얼음 발톱 지팡이
When your allies damage enemies, redeal half the damage dealt as [Ice] damage	아군이 적에게 피해를 입히면, 입힌 피해의 절반을 [얼음:ice] 피해로 다시 입힌다
Boots of Imminent Doom	임박한 파멸의 장화
At the beginning of each level, cast Seal Fate on enemies within [{radius}:radius] tiles	각 레벨 시작 시, [{radius}:radius]칸 이내의 적에게 "운명을 봉인하기"를 시전한다
Rod of Heaven's Assault	천계 강습의 막대
At the beginning of each level, cast Heavenly Blast on [Demon] and [Undead] enemies in your line of sight	각 레벨 시작 시, 시야 내의 [악마:demon]와 [언데드:undead] 적에게 "천계의 작렬"을 시전한다
Staff of Heaven's Vengeance	천상의 복수의 지팡이
When you or one of your [Living] or [Holy] allies takes damage from an enemy, deal [{damage}:damage] [Holy] damage to that enemy	당신 또는 당신의 [생물:living]나 [신성:holy] 아군이 적에게서 피해를 받으면, 그 적에게 [{damage}:damage]의 [신성:holy] 피해를 입힌다
Ring of Magnetic Charisma	자기적 매력의 반지
At the beginning of each level, turn the nearest enemy Spawner or [Construct] into an ally	각 레벨 시작 시, 가장 가까운 적 생성기 또는 [구조물:construct]을 아군으로 바꾼다
Hallucinogenic Spore Staff	환각 포자 지팡이
When [poison] is inflicted on an unpoisoned enemy, they are [berserked] for [{duration}:duration] turns	중독되지 않은 적에게 [중독:poison]이 부여되면, 그 적은 [{duration}:duration]턴 동안 [광폭화:berserk]된다
Amulet of Emerald Flame	에메랄드 화염의 부적
For every 50 damage dealt by [Enchantment] spells, the nearest enemy takes [{damage}:damage] [Fire] damage\nDamage Dealt: {charge}	[부여:enchantment] 주문으로 입힌 피해 50마다 가장 가까운 적이 [{damage}:damage]의 [화염:fire] 피해를 받는다\n입힌 피해: {charge}
Monkey Skull Amulet	원숭이 두개골 부적
Cannibal Mask	식인의 가면
When your allies die, another ally gains half the dead unit's max HP	아군이 죽으면, 다른 아군이 죽은 유닛의 최대 HP의 절반을 얻는다
For every {val} damage dealt to enemies by [{tag}:{tag_key}] spells or equipment, cast {spell} on a random enemy\nDamage Dealt: {dealt}	[{tag}:{tag_key}] 주문 또는 장비로 적에게 피해를 {val} 입힐 때마다 무작위 적에게 "{spell}" 주문을 시전한다\n입힌 피해: {dealt}
Blazing Wand	타오르는 마법봉
Ashen Rod	재의 막대
Snow Staff	눈 지팡이
Sanguine Frost Wand	피의 서리 마법봉
Cold Iron Heart	차가운 강철의 심장
You are immune to [fear]	당신은 [공포:fear]에 면역이다
Sunforged Iris	태양으로 단련한 홍채
You are immune to [blind]	당신은 [실명:blind]에 면역이다
Runespeaker's Gorget	룬 화자의 목가리개
You are immune to [silence]	당신은 [침묵:silence]에 면역이다
Molten Carapace	녹은 등껍질
You are immune to [freeze]	당신은 [빙결:freeze]에 면역이다
Ice Caller Staff	얼음을 부르는 지팡이
Crystal Dagger	수정 단검
Lightning Staff	번개 지팡이
Storm Wand	폭풍 마법봉
Nature Staff	자연의 지팡이
Blooming Wand	개화의 마법봉
Vile Dagger	사악한 단검
Dark Staff	암흑의 지팡이
Umbral Totem	그림자 토템
Necromancer's Staff	사령술사의 지팡이
Arch Sorcerer's Staff	대마술사의 지팡이
Holy Staff	신성한 지팡이
Sacrificial Dagger	희생의 단검
Arcane Staff	비전 지팡이
Runic Hourglass	룬 모래시계
Sorcery Staff	마법 지팡이
Battlemage Staff	전투 마도사의 지팡이
Conjuration Staff	소환의 지팡이
Shepherd's Staff	양치기의 지팡이
Enchantment Staff	부여의 지팡이
Slippery Hex Dagger	미끄러운 저주 단검
Rainbow Blade	무지개 검
Entropic Wand	엔트로피의 마법봉
Chaos Staff	혼돈의 지팡이
Slime Staff	슬라임 지팡이
Ooze Wand	점액 마법봉
Teaches you the forbidden spell {name}\nRemoving this equipment or its spell also removes the other	금단의 주문 {name}을(를) 가르친다\n이 장비 또는 그 주문을 제거하면 다른 한쪽도 제거된다
Book of Revelation	계시의 서
Book of Four Seals	네 봉인의 서
Book of Ice	얼음의 서
Book of Madness	광기의 서
Book of Chaos	혼돈의 서
Book of Death	죽음의 서
Book of Curses	저주의 서
Book of Life	생명의 서
Book of Malevolence	악의의 서
Book of Helheim	헬헤임의 서
Rift Key Staff	균열 열쇠의 지팡이
Create an additional Rift upon level victory	레벨 승리 시 추가 균열을 생성한다
Crackledarkener	암흑 번개
Helm of the Host	군세의 투구
Each turn, your allies heal for 1% of the total damage dealt by your allies this level\nDamage Dealt: {val}\nHP / turn: {heal}	턴마다 아군은 이번 차원에서 아군이 입힌 총 피해의 1%만큼 회복한다\n입힌 피해: {val}\nHP / 턴: {heal}
Scepter of Sorrows	비탄의 홀
When an enemy takes [Dark] and [Ice] damage in the same turn, summon a temporary Sorrow Spirit near that enemy	적이 같은 턴에 [암흑:dark]과 [얼음:ice] 피해를 받으면, 그 적의 근처에 일시적인 슬픔의 정령을 소환한다
Sorrow Spirit	슬픔의 정령
Ghostfire Scepter	영혼불 홀
Burning Ghost	타오르는 망령
When an enemy takes [Dark] and [Fire] damage in the same turn, summon a temporary Burning Ghost near that enemy	적이 같은 턴에 [암흑:dark]과 [화염:fire] 피해를 받으면, 그 적의 근처에 일시적인 불타는 유령을 소환한다
Icy Chill Mask	얼어붙는 얼음의 가면
When you cast an [Ice] spell, deal [{damage}:damage] [Ice] damage to enemies in line of sight of the target	[얼음:ice] 주문을 시전하면, 대상의 시야 내의 적에게 [{damage}:damage]의 [얼음:ice] 피해를 입힌다
Stone Mask	돌 가면
Each turn, [petrify] an enemy in your line of sight for [{duration}:duration] turns	턴마다 시야 내의 적 1명을 [{duration}:duration]턴 [석화:petrify]시킨다
Eye Helm	눈의 투구
When you cast an [Eye] spell, gain 3 [SH:shields], up to a max of 20	[눈:eye] 주문을 시전하면, [보호막 3개:shields]를 얻는다, 최대 20까지
Talking Hat	말하는 모자
Your [Enchantment] spells gain quickcast	당신의 [부여:enchantment] 주문이 빠른 시전을 얻는다
When you cast {aan} [{tag_label}:{tag_key}] spell, your [{tag_label}:{tag_key}] spells and equipment gain [{bonus} damage:damage] for [{duration}:duration] turns	[{tag_label}:{tag_key}] 주문을 시전할 때마다, [{duration}:duration]턴 동안 [{tag_label}:{tag_key}] 주문과 장비의 피해가 [{bonus}:damage]만큼 증가한다
Quill Staff	깃펜 지팡이
When one of your [Living] allies damages an enemy in your line of sight, deal [{damage}:damage] [Physical] damage to that enemy	당신의 [생물:living] 아군 중 하나가 당신의 시야 내의 적에게 피해를 입히면, 그 적에게 [{damage}:damage]의 [물리:physical] 피해를 입힌다
Volcanic Lance	화산의 창
When you cast a [Fire] spell targeting an enemy, send out a destructive beam toward the target\nThe beam destroys walls and deals [Fire] damage equal to your [Fire] mastery	적을 대상으로 [화염:fire] 주문을 시전하면, 대상을 향해 파괴적인 광선을 발사한다\n광선은 벽을 파괴하고 당신의 [화염:fire] 숙련도에 해당하는 [화염:fire] 피해를 입힌다
\n[Fire Mastery:fire]: [{mastery}:fire]	\n[화염의 숙련:fire]: [{mastery}:fire]
Erebus Lance	에레보스의 창
When you cast a [Dark] spell targeting an enemy, send out a destructive beam toward the target\nThe beam destroys walls and deals [Dark] damage equal to your [Dark] mastery	적을 대상으로 [암흑:dark] 주문을 시전하면, 대상을 향해 파괴적인 광선을 발사한다\n광선은 벽을 파괴하고 당신의 [암흑:dark] 숙련도에 해당하는 [암흑:dark] 피해를 입힌다
\n[Dark Mastery:dark]: [{mastery}:dark]	\n[암흑의 숙련:dark]: [{mastery}:dark]
Heavenrender	하늘가르기
When you cast a [Holy] spell, deal [Fire] and [Lightning] damage to enemies within [{radius}:radius] tiles of the target\nDamage dealt is equal to your mastery in the respective school	[신성:holy] 주문을 시전하면, 대상의 [{radius}:radius]칸 이내의 적에게 [화염:fire] 및 [번개:lightning] 피해를 입힌다\n입히는 피해는 각 학파의 숙련도와 같다
\n[Fire Mastery:fire]: [{fmastery}:fire]	\n[화염의 숙련:fire]: [{fmastery}:fire]
\n[Lightning Mastery:lightning]: [{lmastery}:lightning]	\n[번개의 숙련:lightning]: [{lmastery}:lightning]
When you pick up a Memory Orb, your {tag} spells regain all charges	기억의 구슬을 주우면, 당신의 {tag} 주문이 모든 사용 횟수를 회복한다
Light	빛
Iron	철
Dragons	용
Chaos Robes	혼돈의 로브
When you cast a [Chaos] spell, deal [{damage}:damage] damage to up to [{num_targets}:num_targets] targets in line of sight\nDeals [Fire], [Lightning], or [Physical] damage	[혼돈:chaos] 주문을 시전하면, 시야 내의 대상 최대 [{num_targets}:num_targets]명에게 [{damage}:damage] 피해를 입힌다\n[화염:fire], [번개:lightning] 또는 [물리:physical] 피해를 입힌다
When you cast a {tag1} or {tag2} spell, deal [{damage}:damage] {tag1} damage to a random enemy in line of sight, and [{damage}:damage] {tag2} damage to another	{tag1} 또는 {tag2} 주문을 시전하면, 시야 내의 무작위 적에게 [{damage}:damage]의 {tag1} 피해를, 다른 1명에게 [{damage}:damage]의 {tag2} 피해를 입힌다
Frostfire	서리불꽃
Raiment of Eyes	눈의 의복
When allies are summoned, grant them your [Eye] [Enchantment] spells that they share a tag with\nEach level, you may grant a number of these spells equal to your [Eye] mastery	아군이 소환되면, 태그를 공유하는 당신의 [눈:eye] [부여:enchantment] 주문을 그들에게 부여한다\n각 레벨마다, [눈:eye] 숙련도에 해당하는 수만큼 이 주문들을 부여할 수 있다
\nSpells Granted: [{remaining}:eye]	\n부여된 주문: [{remaining}:eye]
\n[Eye Mastery:eye]: [{mastery}:eye]	\n[눈의 숙련:eye]: [{mastery}:eye]
When an enemy dies to {dtype_1} or {dtype_2} damage, a random enemy in their line of sight within [{radius}:radius] tiles takes [{damage}:damage] damage of that type	적이 {dtype_1} 또는 {dtype_2} 피해로 죽으면, 그 시야 내 [{radius}:radius]칸 이내의 무작위 적이 그 종류의 [{damage}:damage] 피해를 받는다
Bloodspike Helm	피가시 투구
When one of your {tag1} or {tag2} allies dies to an enemy, cast {spell} on the killer	당신의 {tag1} 또는 {tag2} 아군 중 하나가 적에게 쓰러지면, 처치한 자에게 "{spell}"을 시전한다
Every {steps} steps, cast {spellname}\n{counter} steps until cast	{steps}걸음마다 {spellname}을(를) 시전한다\n시전까지 {counter}걸음 남음
Crown of Ragnarok	라그나로크의 왕관
On the 9th turn of each level, cast Earthquake, Flame Burst, and Storm Burst	각 레벨의 9번째 턴에, "지진", "화염 작렬", "스톰 버스트"를 시전한다
Devastation	파괴
Each turn, cast Void Beam on up to [{num}:num_targets] random enemies	턴마다 최대 [{num}:num_targets]명의 무작위 적에게 "공허의 광선"을 시전한다
Crown of Devastation	파괴의 왕관
At the beginning of each level, gain the [Devastation:arcane] buff for [{duration}:duration] turns\n[Devastation:arcane] casts Void Beam on up to [{num_targets}:num_targets] random enemies each turn	각 레벨 시작 시, [{duration}:duration]턴 동안 [파괴:arcane] 강화 효과를 얻는다\n[파괴:arcane]는 매 턴 최대 [{num_targets}:num_targets]명의 무작위 적에게 "공허의 광선"을 시전한다
Blood Shield	피의 보호막
When you cast a spell, pay 3 HP to gain 1 [SH:shields]	주문을 시전하면, HP 3을 지불하여 [보호막:shields] 1 획득
Each turn, one of your {tag} allies casts your {spell} spell on a random enemy	턴마다 당신의 {tag} 아군 1체가 무작위 적에게 당신의 "{spell}" 주문을 시전한다
Caustic Sprig	부식의 잔가지
Each turn, [poisoned] enemies lose one of their temporary buffs\nIf a buff is lost this way, their [poison] duration is doubled	턴마다 [중독:poisoned] 적은 일시적 강화 효과 하나를 잃는다\n이 방법으로 강화 효과를 잃으면 그 [중독:poison] 지속 시간이 2배가 된다
Each turn, deal [{damage}:damage] {tag} damage to [{num_targets}:num_targets] random enemies currently afflicted with [{status}]	턴마다 현재 [{status}]에 걸린 [{num_targets}:num_targets]명의 무작위 적에게 [{damage}:damage]의 {tag} 피해를 입힌다
Multicolored Rage Rod	다색 격노의 지팡이
All spells and equipment gain +1 damage for each unique tag amongst all the spells you have cast this level	이번 레벨에서 시전한 모든 주문 중 고유한 태그 1개마다, 모든 주문과 장비가 피해 +1을 얻는다
\nTags Cast:\n	\n시전한 태그:\n
Multicolored Rage	다색 격노
The Boiler	보일러
Each turn, all soaked enemies take [{damage}:damage] [Fire] damage	턴마다 모든 젖음 상태의 적이 [{damage}:damage]의 [화염:fire] 피해를 받는다
Evermelting Cube	끝없이 녹는 정육면체
When an enemy is unfrozen, it is soaked for [{duration} turns:duration]	적의 빙결이 풀리면, [{duration} 턴:duration] 동안 젖음 상태가 된다
Dwarf Hat	드워프 모자
At the beginning of each level, if you know at least seven spells, summon 7 Duergar	각 레벨 시작 시, 주문을 7개 이상 익히고 있으면 두에르가르를 7명 소환한다
Helm of Hexes	저주의 투구
When an enemy gains a debuff, there is a 50% chance to apply another random debuff for the same duration, up to a maximum of [{duration}:duration] turns\nThis item can apply:\n[Blind], [poison], [fear], [silence], [frozen], [sleep], and [petrified]	적이 약화 효과를 얻으면, 50% 확률로 같은 지속 시간의 또 다른 무작위 약화 효과를 부여한다, 최대 [{duration}:duration]턴까지\n이 아이템이 부여할 수 있는 것:\n[실명:blind], [중독:poison], [공포:fear], [침묵:silence], [빙결:frozen], [수면:sleep], 그리고 [석화:petrified]
Mask of Woe	비탄의 가면
At the end of your turn, increase the duration of debuffs on enemies within [{radius}:radius] tiles by [{duration}:duration]	턴 종료 시, [{radius}:radius]칸 이내의 적에게 걸린 약화 효과의 지속 시간을 [{duration}:duration]만큼 연장한다
Wound Rot Amulet	상처 부패의 아뮬렛
Enemies receive [{duration}:duration] turns of [poison] when they take [Physical] damage	적은 [물리:physical] 피해를 받으면 [{duration}:duration]턴의 [중독:poison]을 받는다
Veilpiercer's Monocle	장막 관통자의 외알 안경
Gain clarity when you cast a [Translocation] spell\nThe buff's duration is equal to the spell's level	[이동:translocation] 주문을 시전하면 명료를 얻는다\n강화 효과의 지속 시간은 주문의 레벨과 같다
Explosive Spore Manual	폭발 포자 안내서
While enemies live, cast Combust Poison at the end of each turn	적이 살아 있는 동안, 매 턴 종료 시 "독 폭발"을 시전한다
Tundra Mantle	툰드라 망토
Each turn, soaked enemies within [{radius}:radius] tiles are [frozen] for [{duration}:duration] turns	턴마다 [{radius}:radius]칸 이내의 젖음 상태의 적을 [{duration}:duration]턴 동안 [빙결:frozen]시킨다
Hellfire Mantle	지옥불 망토
Each turn, deal [{damage}:damage] [Fire] damage to other units within [{radius}:radius] tiles	턴마다 [{radius}:radius]칸 이내의 다른 유닛에게 [{damage}:damage]의 [화염:fire] 피해를 입힌다
Balor's Eye Staff	발러의 눈 지팡이
When you deal damage with an [Eye] spell, deal that much damage again but in a beam to the target, destroying walls and clouds in the way	[눈:eye] 주문으로 피해를 입히면, 그만큼의 피해를 대상에게 광선으로 다시 입히며, 경로상의 벽과 구름을 파괴한다
Wyrm Spirit Armor	웜 정령의 방어구
When one of your [Dragon] allies dies, gain 10% resistance to damage types matching their tags\nResets each level	당신의 [용:dragon] 아군 중 하나가 죽으면, 그 태그에 일치하는 피해 종류에 대한 저항을 10% 얻는다\n레벨마다 초기화된다
Neanderthal's Tooth	네안데르탈인의 이빨
Eye of Tamtu	탐투의 눈
Eye of Mot	모트의 눈
Redeal half the damage dealt by [Eye] spells as [Dark] damage	[눈:eye] 주문이 입힌 피해의 절반을 [암흑:dark] 피해로 다시 입힌다
Eye of Judgement	심판의 눈
Deal [{damage}:damage] [Holy] damage to the lowest HP enemy in your line of sight each turn	턴마다 시야 내에서 HP가 가장 낮은 적에게 [{damage}:damage]의 [신성:holy] 피해를 입힌다
Eye of Ammut	아무트의 눈
When you cast an [Eye] spell, gain [Eye of Judgement:holy] for [{duration}:duration] turns\n[Eye of Judgement:holy] deals [{damage}:damage] [Holy] damage to the lowest HP enemy in your line of sight each turn	[눈:eye] 주문을 시전하면, [{duration}:duration]턴 동안 [심판의 눈:holy]을 얻는다\n[심판의 눈:holy]은 매 턴 당신의 시야 내에서 HP가 가장 낮은 적에게 [{damage}:damage]의 [신성:holy] 피해를 입힌다
Arcane Accelerator	비전 가속 장치
Each turn, allies in your line of sight have their current spell cooldowns reduced by 1	턴마다 시야 내의 아군의 현재 주문 재사용 대기시간이 1 감소한다
Pulse Accelerator	맥동 가속기
Casting a [Blood] spell grants you [{duration}:duration] turns of [quickstep:translocation] and quickcast on all spells	[피:blood] 주문을 시전하면, [{duration}:duration]턴 동안 [빠른 이동:translocation]과 모든 주문의 빠른 시전을 얻는다
Quickstep Boots	빠른 이동의 장화
Walking only takes half of your turn	이동은 턴의 절반만 소비한다
Cultist's Staff	광신도의 지팡이
Each turn, [pay 1 HP:blood] to deal [Dark] [damage] equal to your missing HP to the nearest enemy	턴마다 [HP 1을 지불:blood]하여 잃은 HP에 해당하는 [암흑:dark] [피해:damage]를 가장 가까운 적에게 입힌다
[{unit}:{color}] paid {amount} HP to activate their {item}	[{unit}:{color}]이(가) HP {amount}을 지불하여 {item}을 발동했다
Codex of Chaotic Evolution	혼돈 진화의 마법서
At the beginning of each level, one of your spells receives a random upgrade\nThis effect can grant upgrades to any [Sorcery] or [Chaos] spell that doesn't have all of its upgrades	각 레벨 시작 시, 당신의 주문 하나가 무작위 강화를 받는다\n이 효과는 모든 강화를 갖추지 않은 임의의 [마법:sorcery] 또는 [혼돈:chaos] 주문에 강화를 부여할 수 있다
Codex of Chaotic Evolution upgraded {spell} with {upgrade}	혼돈 진화의 마법서가 "{spell}"을(를) "{upgrade}"(으)로 강화했다
Orb of Infinite Slaughter	무한 살육의 구슬
\n[Blood Mastery:blood]: [{mastery}:blood]	\n[피의 숙련:blood]: [{mastery}:blood]
Cyst of Eternal Bloom	영원한 개화의 낭종
Each turn, unpoisoned units within [{radius}:radius] tiles are [poisoned] for [{duration}:duration] turns\nSummoned allies have a 50% chance to gain the ability to reincarnate on death	턴마다 [{radius}:radius]칸 이내의 중독되지 않은 유닛을 [{duration}:duration]턴 동안 [중독:poison]시킨다\n소환된 아군은 50% 확률로 사망 시 환생하는 능력을 얻는다
Prism of Shattered Sensations	산산이 부서진 감각의 프리즘
The North Pole	북극
When a [Metallic] unit is summoned, cast Magnetize on it	[금속:metallic] 유닛이 소환되면, 그것에게 "자화"를 시전한다
Contagion Corpse	전염의 시체
When a [poisoned] unit dies, enemies within [{radius}:radius] tiles are [poisoned] for [{duration}:duration] turns and take [{damage}:damage] [Poison] damage	[중독:poisoned] 유닛이 죽으면, [{radius}:radius]칸 이내의 적이 [{duration}:duration]턴 동안 [중독:poisoned]되고 [{damage}:damage]의 [독:poison] 피해를 받는다
Spawning Venom	생성하는 독
Chaos Serpent Staff	혼돈의 뱀 지팡이
When you deal [{minion_health}:minion_health] or more [Fire], [Lightning], or [Physical] damage, summon a corresponding snake for [{minion_duration}:minion_duration] turns	[{minion_health}:minion_health] 이상의 [화염:fire], [번개:lightning] 또는 [물리:physical] 피해를 입히면, [{minion_duration}:minion_duration]턴 동안 대응하는 뱀을 소환한다
Storm Caller Staff	폭풍 소환 지팡이
When enemies take [Ice] or [Lightning] damage, create a corresponding [Blizzard:ice] or [Storm Cloud:lightning] nearby\n[Blizzards:ice] deal [{damage}:damage] [Ice] damage and may [freeze] enemies\n[Storm Cloud:lightning] strike inconsistently and deal twice as much [Lightning] damage\nClouds last [{duration}:duration] turns	적이 [얼음:ice] 또는 [번개:lightning] 피해를 받으면, 근처에 대응하는 [눈보라:ice] 또는 [폭풍 구름:lightning]을 생성한다\n[눈보라:ice]는 [{damage}:damage]의 [얼음:ice] 피해를 입히고 적을 [빙결:freeze]시킬 수 있다\n[폭풍 구름:lightning]은 불규칙하게 번개를 내리치며 2배의 [번개:lightning] 피해를 입힌다\n구름은 [{duration}:duration]턴 동안 지속된다
Voodoo Bound	부두에 속박된
Damage dealt to the holder of the Voodoo Doll is also dealt to you	부두 인형의 소유자에게 입힌 피해는 당신에게도 입혀진다
Voodoo Doll	부두 인형
{equipment} triggered {component}	{equipment}이(가) {component}을(를) 발동했다
Artificer's Chalice	장인의 성배
Artificer's Rod	장인의 마법봉
\nRequirements:	\n필요 조건:
\n[{label}:{key}] {filled}/{need}	\n[{label}:{key}] {filled}/{need}
Philosopher's Stone	현자의 돌
This item gains the tags of the components used to craft it\nWhen you cast a spell that shares a tag with this item, there is a 10% chance for all of your spells to regain a charge	이 아이템은 제작에 사용된 재료의 태그를 얻는다\n이 아이템과 태그를 공유하는 주문을 시전하면, 모든 주문이 사용 횟수를 1 회복할 10% 확률이 있다
Magic Wand	마법 지팡이
This item gains the tags of the components used to craft it\nWhen you cast a spell, for each tag it shares with this item, shoot a [{damage}:damage] damage bolt at a random enemy in your line of sight\nIf the shared tag is also a damage type, the bolt deals that type of damage, otherwise a random damage type is chosen	이 아이템은 제작에 사용된 재료의 태그를 얻는다\n주문을 시전하면, 이 아이템과 공유하는 태그마다, 시야 내의 무작위 적에게 [{damage}:damage] 피해의 화살을 발사한다\n공유 태그가 피해 종류이기도 하면, 화살은 그 종류의 피해를 입히고, 그렇지 않으면 무작위 피해 종류가 선택된다
Dragonspine Cloak	용등뼈 망토
Gain +5% to all resistances for each [Dragon] tag in the components used to craft this item	이 아이템을 제작하는 데 사용된 재료의 [용:dragon] 태그 1개마다 모든 저항 +5%를 얻는다
Cage of Chimerae	키마이라의 우리
At the beginning of each level, summon a Chaos Chimera, a Deathchill Chimera, and a Starfire Chimera	각 레벨 시작 시, 혼돈의 키마이라, 죽음냉기 키마이라, 별불꽃 키마이라를 한 명씩 소환한다
Quicksilver Armor	수은 방어구
Cast Mercurize on melee attackers	근접 공격자에게 "수은화"를 시전한다
Jaculus Idol	야쿨루스 우상
[Dragon] allies you summon gain [quickstep:translocation]	당신이 소환한 [용:dragon] 아군은 [빠른 이동:translocation]을 얻는다
Amphisbaena Ring	암피스바에나의 반지
[Dragon] allies you summon have their cooldowns halved	당신이 소환한 [용:dragon] 아군은 재사용 대기시간이 절반으로 줄어든다
Horn of Ur	우르의 뿔피리
Rapid Ritual Rod	급속 의식의 막대
Your channeled [Ritual] spells activate an additional time each turn	지속 시전 중인 [의식:ritual] 주문이 매 턴 추가로 1회 발동한다
Pedantic Pendant	현학적인 펜던트
Removed when you cast another [{tag_label}:{tag_key}] spell	다른 [{tag_label}:{tag_key}] 주문을 시전하면 제거된다
Crown of Virtuous Sin	고결한 죄의 왕관
Casting a [Dark] spell grants you a 25% damage bonus to [Holy] spells and equipment, removed when you cast a [Holy] spell\nCasting a [Holy] spell grants you a 25% damage bonus to [Dark] spells and equipment, removed when you cast a [Dark] spell	[암흑:dark] 주문을 시전하면 [신성:holy] 주문 및 장비에 25% 피해 보너스를 얻지만, [신성:holy] 주문을 시전하면 제거된다\n[신성:holy] 주문을 시전하면 [암흑:dark] 주문 및 장비에 25% 피해 보너스를 얻지만, [암흑:dark] 주문을 시전하면 제거된다
Robes of Virtuous Sin	고결한 죄악의 로브
Sandals of Virtuous Sin	고결한 죄악의 샌들
Scales of Virtuous Sin	고결한 죄악의 비늘
Redeal half the damage dealt by [Holy] spells as [Dark] damage\nRedeal half the damage dealt by [Dark] spells as [Holy] damage	[신성:holy] 주문이 입힌 피해의 절반을 [암흑:dark] 피해로 다시 입힌다\n[암흑:dark] 주문이 입힌 피해의 절반을 [신성:holy] 피해로 다시 입힌다
Crimson Coronet	진홍빛 작은 관
Grant allies a [Fire] damage aura when they are summoned\nYou can grant a number of these auras each level equal to the product of your [Blood] and [Fire] masteries	소환 시 아군에게 [화염:fire] 피해 오라를 부여한다\n각 차원에서 부여할 수 있는 이 오라의 수는 당신의 [피:blood]와 [화염:fire] 숙련도의 곱과 같다
\nAuras Granted: {granted} / {total}	\n부여된 오라: {granted} / {total}
\n[Blood Mastery:blood]: [{b}:blood]	\n[피의 숙련:blood]: [{b}:blood]
\n[Fire Mastery:fire]: [{f}:fire]	\n[화염의 숙련:fire]: [{f}:fire]
Crimson Torc	진홍빛 목걸이
At the beginning of each level, gain a percent [damage] bonus to [Fire] and [Blood] spells and equipment for [{duration}:duration] turns\nThe bonus is equal to the product of your [Fire] and [Blood] masteries	각 레벨 시작 시, [{duration}:duration]턴 동안 [화염:fire]과 [피:blood] 주문 및 장비에 비율 [피해:damage] 보너스를 얻는다\n이 보너스는 [화염:fire]과 [피:blood] 숙련도의 곱과 같다
\nPercent Bonus: {total}%	\n비율 보너스: {total}%
Crimson Brooch	진홍빛 브로치
Galvanic Focus	전류의 초점
Galvanic Blade	전류의 칼날
Each turn, deal [Physical] and [Lightning] damage to an adjacent enemy\nThe damage is the product of your [Lightning] and [Metallic] masteries	턴마다 인접한 적에게 [물리:physical]과 [번개:lightning] 피해를 입힌다\n피해는 [번개:lightning]과 [금속:metallic] 숙련도의 곱이다
\nGalvanic Damage: [{p}:damage]	\n전류 피해: [{p}:damage]
\n[Lightning Mastery:lightning]: [{l}:lightning]	\n[번개의 숙련:lightning]: [{l}:lightning]
\n[Metallic Mastery:metallic]: [{m}:metallic]	\n[금속의 숙련:metallic]: [{m}:metallic]
Galvanic Redirection	전류 방향 전환
Galvanic Armor	전류 방어구
Flagellant's Cup	고행자의 잔
Slimecrusted Scarificator	점액으로 뒤덮인 사혈기
Summon a Blood Slime nearby for every [{minion_health}:minion_health] HP you spend\nHP: [{counter}:blood] / [{minion_health}:minion_health]	당신이 소모한 HP [{minion_health}:minion_health]마다 근처에 "피의 슬라임"을 소환한다\nHP: [{counter}:blood] / [{minion_health}:minion_health]
Chelation Claw	킬레이트의 발톱
When you cast a [Blood] or [Metallic] spell targeting an enemy, inflict [{duration}:duration] turns of [hemorrhage] on them	적을 대상으로 [피:blood] 또는 [금속:metallic] 주문을 시전하면, [{duration}:duration]턴의 [과다 출혈:hemorrhage]을 부여한다
Druid's Dibble	드루이드의 심는 막대
Every other [Nature] spell you cast summons a Flytrap near the target	당신이 [자연:nature] 주문을 2회 시전할 때마다 대상 근처에 파리지옥을 소환한다
Rimeblight Pulverizer	서리역병 분쇄기
When an enemy is unfrozen, they take [{damage}:damage] [Poison] damage and are [poisoned] for [{duration}:duration] turns	적의 빙결이 풀리면, [{damage}:damage]의 [독:poison] 피해를 받고 [{duration}:duration]턴 동안 [중독:poisoned]된다
Cryotic Accumulator	냉기 축적기
When an enemy is unfrozen, they take [Ice] damage\nThe damage is equal to [{damage}:damage] multiplied by the number of turns they spent [frozen]	적의 빙결이 풀리면, [얼음:ice] 피해를 받는다\n피해는 [{damage}:damage]에 [빙결:frozen]되었던 턴 수를 곱한 값과 같다
Stagnation Basin	정체의 수반
Solid Steel Staff	순강철 지팡이
Glasya's Bite	글레이시아의 물어뜯기
\n[Chaos Mastery:chaos]: [{c}:chaos]	\n[혼돈의 숙련:chaos]: [{c}:chaos]
Mask of Nihilo	니힐로의 가면
Plasmic Distributor	플라스마 분배기
When allies are summoned adjacent to you, cast Vampiricism on them\nThis item can activate up to [{num_targets}:num_targets] times each level\nVampiricism Bestowed: [{g}:blood] / [{num_targets}:num_targets]	아군이 당신에게 인접하여 소환되면, 그들에게 "흡혈"을 시전한다\n이 아이템은 각 레벨마다 최대 [{num_targets}:num_targets]회 발동할 수 있다\n부여한 "흡혈": [{g}:blood] / [{num_targets}:num_targets]
Spark Conductor	스파크 전도체
Conciliator's Claw	조정자의 발톱
Artificial Heart	인공 심장
Summoned [Construct] allies gain the [Living] tag	소환된 [구조물:construct] 아군은 [생물:living] 태그를 얻는다
Orrery of the Unnamed One	이름 없는 자의 천체 모형
Summoning an [Orb] ally grants them a spell you know on a 3 turn cooldown\nSpells are chosen from: Darkness, Drain Pulse, Earthquake, Flame Burst, and Storm Burst	[구슬:orb] 아군을 소환하면, 3턴 재사용 대기시간으로 당신이 습득한 주문을 부여한다\n주문은 다음에서 선택된다: "어둠", "흡수의 파동", "지진", "화염 작렬", 그리고 "스톰 버스트"
Orb Controller's Mitts	구슬 조종자의 장갑
Casting an [Orb] spell to relocate it refunds the spell's charge	[구슬:orb] 주문을 시전하여 재배치하면, 그 주문의 사용 횟수가 반환된다
Boreal Armor	북풍의 갑옷
Gain [{shields} SH:shields] at the beginning of each level\nWhen an enemy removes one of your shields, deal [{damage}:damage] [Ice] damage to them	각 차원 시작 시 [보호막 {shields}개:shields]를 얻는다\n적이 당신의 보호막을 1개 제거하면 그 적에게 [{damage}:damage]의 [얼음:ice] 피해를 입힌다
Eldritch Mantle	이계의 망토
Tentacles drag the nearest [{num_targets}:num_targets] enemies along paths toward the wearer each turn\nTentacles deal [{damage}:damage] [Arcane] damage to their targets	매 턴, 촉수가 가장 가까운 [{num_targets}:num_targets]명의 적을 경로를 따라 착용자 쪽으로 끌어당긴다\n촉수는 대상에게 [{damage}:damage]의 [비전:arcane] 피해를 입힌다
Numen Censer	신위의 향로
Pyrrhic Censer	피로스의 향로
When allies are summoned, a burst of flames is released at their location\nAdjacent enemies take [Fire] damage equal to half the summoned ally's max HP	아군이 소환되면, 그 위치에서 불꽃의 폭발이 방출된다\n인접한 적은 소환된 아군의 최대 HP의 절반에 해당하는 [화염:fire] 피해를 받는다
Archangel's Spear	대천사의 창
Casting a [Holy] spell targeting an enemy removes their shields	적을 대상으로 [신성:holy] 주문을 시전하면, 그 적의 보호막이 제거된다
The Bloodwell	피의 우물
Metallurgy Mitts	야금 장갑
Takes [{damage}:damage] [Lightning] damage each turn\nSummons an Electric Slime if killed by [Lightning] damage	매 턴 [{damage}:damage]의 [번개:lightning] 피해를 받는다\n[번개:lightning] 피해로 죽으면 "전기 슬라임"을 소환한다
Electroplasm	전기 형질
Electroplasm Ampule	전기 형질 앰플
When allies are summoned, they are afflicted with [Electroplasm:lightning]\n[Electroplasm:lightning] deals [{damage}:damage] [Lightning] damage to afflicted units each turn\nIf a unit with [Electroplasm:lightning] dies to [Lightning] damage, an Electric Slime is summoned nearby	아군이 소환되면, [전기 형질:lightning]에 걸린다\n[전기 형질:lightning]은 매 턴 걸린 유닛에게 [{damage}:damage]의 [번개:lightning] 피해를 입힌다\n[전기 형질:lightning]이 걸린 유닛이 [번개:lightning] 피해로 죽으면, 근처에 "전기 슬라임"이 소환된다
Iron Legion's Banner	강철 군단의 깃발
[Metallic] and [Construct] allies gain 2 [SH:shields] and [{duration}:duration] turns of [quickstep:translocation] when summoned	[금속:metallic]과 [구조물:construct] 아군은 소환 시 [보호막 2개:shields]와 [{duration}:duration]턴의 [빠른 이동:translocation]을 얻는다
Skybreaker Array	하늘파괴자 진형
When an enemy teleports to a tile you can see, they take [{damage}:damage] [Lightning] damage and are immobilized for [{duration}:duration] turns	적이 당신이 볼 수 있는 칸으로 순간이동하면, [{damage}:damage]의 [번개:lightning] 피해를 받고 [{duration}:duration]턴 동안 속박된다
Mourning Bell	애도의 종
Void Traveler's Cloak	공허 여행자의 망토
When you teleport, gain 2 [SH:shields]	순간이동하면, [보호막 2개:shields]를 얻는다
Channeler's Treads	시전자의 신발
While channeling, walking will not end the channel	지속 시전 중에는, 이동해도 지속 시전이 끝나지 않는다
Amulet of the Master	주인의 부적
If you would take damage from your allies, that damage is negated\n(Does not negate self-inflicted damage)	아군으로부터 피해를 입을 상황일 때, 그 피해는 무효화된다\n(자해 피해는 무효화하지 않는다)
Psychopomp Staff	영혼 인도자의 지팡이
Redeals damage dealt by you and your allies to [sleeping] enemies\nIf this item kills a unit, regain a charge of a random [Arcane] spell	당신과 아군이 [수면:sleep] 적에게 입힌 피해를 다시 입힌다\n이 아이템이 유닛을 처치하면, 무작위 [비전:arcane] 주문의 사용 횟수를 1 회복한다
Witching Hourglass	마녀의 모래시계
When an enemy awakens from [sleep], summon a temporary Ghost near them	적이 [수면:sleep]에서 깨어나면, 그 근처에 일시적인 유령을 소환한다
Dream Thief Diadem	꿈 도둑의 보관
When an enemy awakens from [sleep], your [Arcane] and [Dark] allies adjacent to it take an extra turn	적이 [수면:sleep]에서 깨어나면, 그것에 인접한 당신의 [비전:arcane] 및 [암흑:dark] 아군이 추가 턴을 얻는다
Bedlam Bell	혼란의 종
When an enemy awakens from [sleep], they and any other enemies within [{radius}:radius] tiles of them are [berserked] for [{duration}:duration] turns	적이 [수면:sleep]에서 깨어나면, 그 적과 그 적의 [{radius}:radius]칸 이내의 다른 적들이 [{duration}:duration]턴 동안 [광폭화:berserk]된다
Keraunos	케라우노스
When you manually cast a [Lightning] spell targeting a unit, cast it again [{num_targets}:num_targets] more times	유닛을 대상으로 [번개:lightning] 주문을 수동으로 시전하면, 추가로 [{num_targets}:num_targets]회 더 시전한다
Ritual Preparedness	의식의 준비
The next time you begin channeling a [Ritual] spell, it will be activated repeatedly until it is completed	다음에 [의식:ritual] 주문의 지속 시전을 시작할 때, 완료될 때까지 반복적으로 발동된다
Mandala Mukluks	만다라 무클룩
Picking up a Memory Orb grants the [Ritual Preparedness:ritual] buff\n[Ritual Preparedness:ritual] causes your next channeled [Ritual] spell to be activated repeatedly until it is completed	기억의 구슬을 획득하면 [의식의 준비:ritual] 강화 효과를 얻는다\n[의식의 준비:ritual]는 다음에 지속 시전하는 [의식:ritual] 주문을 완료될 때까지 반복적으로 발동시킨다
Plague Doctor's Mask	역병 의사의 가면
You are immune to [necrosis]	당신은 [괴사:necrosis]에 면역이다
Plague Doctor's Robe	역병 의사의 로브
Each turn, inflict a stack of permanent [necrosis] on other units within [{radius}:radius] tiles	턴마다 [{radius}:radius]칸 이내의 다른 유닛에게 영구 [괴사:necrosis] 중첩을 부여한다
Plague Doctor's Cane	역병 의사의 지팡이
Each turn, deal [{damage}:damage] [Physical] damage to an adjacent enemy, pushing them up to one tile away and [stunning:stun] them for [{duration}:duration] turns	턴마다 인접한 적에게 [{damage}:damage]의 [물리:physical] 피해를 입히고 최대 1칸 밀어내며 [{duration}:duration]턴 [기절:stun]시킨다
Necrostatics	사령 정전기
Necrostatic Staff	사령 정전기 지팡이
Each of your [Undead] allies grants you a +1 [damage] bonus to [Lightning] spells and equipment until they die	[언데드:undead] 아군 한 명마다 그가 죽을 때까지 [번개:lightning] 주문과 장비에 +1 [피해:damage] 보너스를 부여한다
Venomancer's Vial	독술사의 작은 병
[Poisoned] enemies take [{damage}:poison] additional [Poison] damage each turn	[중독:poisoned]된 적은 매 턴 추가로 [{damage}:poison]의 [독:poison] 피해를 입는다
Plaguebringer	역병 운반자
Redeal damage dealt to enemies by [Demon] allies as [Poison] damage	[악마:demon] 아군이 적에게 입힌 피해를 [독:poison] 피해로 다시 입힌다
Gold Ring	금반지
Grants [1 SH:shields] when applied	적용 시 [보호막 1개:shields]를 부여한다
Draupnir	드라우프니르
Every 9th turn, gain 8 Gold Rings\nEach ring grants [1 SH:shields] and 1 [damage] to [Holy] spells and equipment	9번째 턴마다 황금 반지 8개를 얻는다\n각 반지는 [보호막 1개:shields]와 [신성:holy] 주문 및 장비에 [피해:damage] 1을 부여한다
Brisingamen	브리징가멘
At the beginning of each level, enemies in your line of sight are [berserked] for [{duration}:duration] turns	각 레벨 시작 시, 시야 내의 적은 [{duration}:duration]턴 동안 [광폭화:berserk]된다
Codex Necronomicus	네크로노미콘 마법서
When you manually cast a [Dark] spell, there is a chance for it to receive a random upgrade\nWhen a spell is upgraded this way, the HP cost of all spells and equipment increases by 1\nThe chance for a spell to be upgraded is equal to your [Dark] mastery	[암흑:dark] 주문을 수동으로 시전하면, 무작위 강화를 받을 확률이 있다\n이 방식으로 주문이 강화되면, 모든 주문과 장비의 HP 비용이 1 증가한다\n주문이 강화될 확률은 당신의 [암흑:dark] 숙련도와 같다
Codex Necronomicus upgraded {spell} with {upgrade}	네크로노미콘 마법서가 "{spell}"을(를) "{upgrade}"(으)로 강화했다
Prismatic Plate	무지갯빛 판금 방어구
When you cast a [Holy] spell, if you have any [SH:shields], lose [1 SH:shields] and unleash beams of light in all 8 directions\nThe beams deal [{damage}:damage] [Holy] damage to units in their path but stop when they encounter a wall	[신성:holy] 주문을 시전했을 때, [보호막:shields]을 가지고 있으면 [보호막 1개:shields]를 잃고 8방향 모두로 빛의 광선을 방출한다\n광선은 경로상의 유닛에게 [{damage}:damage]의 [신성:holy] 피해를 입히지만 벽에 부딪히면 멈춘다
Horn of the Wild Hunt	와일드 헌트의 뿔피리
When you manually cast a [Nature] spell, your [Nature] and [Living] allies take an extra turn	[자연:nature] 주문을 수동으로 시전하면, 당신의 [자연:nature] 및 [생물:living] 아군이 추가 턴을 얻는다
Archangel's Armor	대천사의 방어구
When a [Demon] damages you, cast Blinding Light	[악마:demon]가 당신에게 피해를 입히면, "눈부신 빛"을 시전한다
Bloodletter Bracers	사혈 완갑
Rift Breaker	균열을 부수는 자
If you cast a spell while standing on a Rift, the Rift is consumed\nWhen you consume a rift, your spells regain all charges, you heal for any missing HP, and you gain [20 SH:shields]	균열 위에 서서 주문을 시전하면, 균열이 소모된다\n균열을 소모하면, 주문의 사용 횟수가 모두 회복되고, 잃은 HP가 회복되며, [보호막 20개:shields]를 얻는다
Armor of Nanuk	나누크의 방어구
At the beginning of each level, summon [{num_summons}:num_summons] Armored Polar Bears	각 레벨 시작 시, 장갑 북극곰을 [{num_summons}:num_summons]마리 소환한다
Titan's Bane	타이탄의 재앙
When you manually cast a [Sorcery] spell targeting a giant, cast it again\nAny unit that occupies more than one tile is considered a giant	거인을 대상으로 [마법:sorcery] 주문을 수동으로 시전하면, 다시 시전한다\n한 칸 이상을 차지하는 유닛은 거인으로 간주된다
Storm	폭풍
Pyrostatic	화염 정전기
Crystal	수정
The Purifier	정화자
Silvermelt	은녹임
Sorcwinter	마도의 겨울
The Dynamo	다이나모
The Blazeloom	블레이즈룸
Starblesser	별의 축복자
The Sparkloom	스파크룸
Wintersting	겨울의 독침
Red Majesty	붉은 위엄
The Gloomthorn	암영의 가시
Woadwyrd	쪽빛 숙명
Chaos Scale Crown	혼돈의 비늘 왕관
Crown of Bony Fingers	백골 손가락 왕관
Gnome Shoes	노움의 신발
Slime Striders	슬라임 장화
Cultist Soles	광신도의 밑창
Kobold Clogs	코볼트의 나막신
Ogre Boots	오우거 부츠
Ghost Slippers	유령의 슬리퍼
Storm Boots	폭풍 장화
Exploding Boots	폭발 장화
Earthquake Boots	지진 장화
Drain Boots	흡수 장화
Silken Links	비단의 결속
Winter Links	겨울의 결속
Wrath Links	격노의 결속
Prismatic Links	프리즘의 결속
Paralyzing Venom	마비 맹독
Chastising Lash	응징의 채찍
Coldsnap Amulet	혹한의 애뮬릿
Necrosis Blade	괴사의 칼날
Hypno Bauble	최면의 장신구
Coruscating Wand	섬광의 마법봉
Stone	돌
Nightmare Hexbag	악몽의 주술 주머니
Dowsing Spark	다우징 스파크
Hemlock Needle	독초 바늘
Fae Toxin Pouch	요정 독 주머니
Icy Cruciform	얼음 십자가
Fire Frenzy Mask	화염의 광란 가면
Ice Frenzy Mask	얼음의 광란 가면
Arcane Frenzy Mask	비전의 광란 가면
Grave Curse Doll	무덤 저주 인형
Moon Crown	달의 왕관
Pyrostatic Curse Doll	화염 정전기 저주 인형
Robe of Agony	고통의 로브
Robe of Crystals	수정의 로브
Robe of Frostfire	서리불꽃의 로브
Robe of Twilight	황혼의 로브
Ruinous Curse Doll	파멸의 저주 인형
Stone Curse Doll	돌 저주 인형
Crystal Oculus	수정 안구
Purity Oculus	순수 안구
Pyrostatic Oculus	화염 정전기 안구
Storm Oculus	폭풍 안구
Twilight Oculus	황혼 안구
Void Oculus	공허 안구
Chalice of Dragons	용의 성배
Chalice of Iron	강철의 성배
Chalice of Light	빛의 성배
Chalice of Warp	왜곡의 성배
Robe of Fire	화염의 로브
Robe of Ice	얼음의 로브
Robe of Rifts	균열의 로브
Robe of Void	공허의 로브
Robe of the Druids	드루이드의 로브
Dragon Hunter's Sigil	용 사냥꾼의 인장
Halo Hunter's Sigil	후광 사냥꾼의 인장
Mortal Hunter's Sigil	인간 사냥꾼의 인장
Thorn Hunter's Sigil	가시 사냥꾼의 인장
Void Hunter's Sigil	공허 사냥꾼의 인장
Dragon Mage	용 마도사
Wolf	늑대
Storm Breath	폭풍 숨결
Cone attack\nCreates Storm Clouds	부채꼴 공격\n폭풍 구름을 생성한다
Fire Breath	화염의 숨결
Cone attack\nMelts walls	부채꼴 공격\n벽을 녹인다
Cone attack	부채꼴 공격
Poison Breath	독 숨결
Ice Breath	얼음 숨결
Void Breath	공허의 숨결
Holy Breath	신성한 숨결
Cone attack\nHeals allies	부채꼴 공격\n아군을 회복한다
Dark Breath	암흑 숨결
Cone attack\nSlain units become Skeletons	부채꼴 공격\n처치된 유닛은 해골이 된다
Necrotic Breath	괴사의 숨결
Cone attack\nApplies [necrosis] for [{duration}:duration] turns	부채꼴 공격\n[{duration}:duration]턴 동안 [괴사:necrosis]를 부여한다
Gain {growth} max HP whenever a {tag} spell is cast in line of sight	시야 내에서 {tag} 주문이 시전될 때마다 최대 HP {growth}를 얻는다
Spores	포자
When damaged, 30% chance to heal all units within {radius} tiles for {heal} HP	피해를 받으면, 30% 확률로 {radius}칸 이내의 모든 유닛을 HP {heal} 회복시킨다
Spikebeast Spikes	가시 야수의 가시
When damaged, 30% chance to deal {damage} [Physical] damage to all units within {radius} tiles	피해를 받으면, 30% 확률로 {radius}칸 이내의 모든 유닛에게 {damage}의 [물리:physical] 피해를 입힌다
Ice Spores	얼음 포자
When damaged, create 2 Blizzards up to 2 tiles away	피해를 받으면, 최대 2칸 거리에 눈보라를 2개 생성한다
Summon 3 Void Bombers on death	사망 시 공허의 폭격수 3체를 소환한다
Suicide attack\n2 tile radius\nMelts Walls\nAutocast on death	자폭 공격\n2칸 반경\n벽을 녹인다\n사망 시 자동 시전
Summon 3 Fire Bombers on death	사망 시, 화염 폭격수 3체를 소환한다
Suicide attack\n2 tile radius\nAutocast on death	자폭 공격\n2칸 반경\n사망 시 자동 시전
Summon 3 Ice Bombers on death	사망 시, 얼음 폭격수 3체를 소환한다
Suicide attack\n2 tile radius\nAutocast on death\nInflicts [frozen] for 3 turns	자폭 공격\n2칸 반경\n사망 시 자동 시전\n3턴의 [빙결:frozen]을 부여한다
Furnace Hound	용광로 사냥개
Furnace Aura	용광로 오라
Kobold	코볼트
Bow	활
Quicken	가속
Target ally gains [Quickstep:translocation]	대상 아군은 [빠른 이동:translocation]을 얻는다
Useless Coward	쓸모없는 겁쟁이
Will run away in fear if all spells are on cooldown	모든 주문이 재사용 대기시간 중이면, 공포로 도망친다
Kobold Hedge Mage	코볼트 떠돌이 마도사
Stolen Wand	훔친 마법봉
Golem	골렘
Crystal Golem	수정 골렘
Crystal Shot	수정 사격
Prismatic	무지갯빛
Each turn, becomes vulnerable to a different damage type	턴마다 다른 피해 종류에 취약해진다
Necromechanomancery	사령 기계술
When a friendly [Construct] dies, deal 6 [Fire] or [Physical] damage to up to 3 enemies in a 4 tile burst	[구조물:construct] 아군이 죽으면, 4칸 범위의 적 최대 3명에게 6의 [화염:fire] 또는 [물리:physical] 피해를 입힌다
Iron Plating	강철 장갑
Mechanomancer	기계술사
Iron Blessing	강철의 축복
Apply Iron Plating to an ally, granting 50% [Physical] resist	아군에게 강철 장갑을 부여하여 50% [물리:physical] 저항을 부여한다
Reconstitution	재구성
Spikebolt	가시 화살
Thunderbird	썬더버드
Lightning Talons	번개 발톱
Lightning Dive	번개 급강하
Spike Ball	가시 공
Copper Spike Ball	구리 가시공
Cyclops	사이클롭스
Throw boulder	바위 던지기
Stuns for 1 turn	1턴 기절시킨다
Scale Weave	비늘 직조
Allies near target [Dragon] gain immunity to its damage types for {duration} turns	대상 [용:dragon] 근처의 아군은 {duration}턴 동안 그 피해 종류에 대한 면역을 얻는다
Storm Ball	폭풍 구체
Creates Thunderstorms and Blizzards	뇌우와 눈보라를 생성한다
Summon Drakes	드레이크를 소환
Summon 3 random Drakes at random locations	무작위 위치에 무작위 드레이크 3마리를 소환한다
Dracolich	드라코리치
Necrodrake	사령 드레이크
Torrent of Bats	박쥐의 급류
Cone attack\nSummons Bats in empty tiles	부채꼴 공격\n빈 칸에 박쥐를 소환한다
Bat Dragon	박쥐 용
Fire Wyrm	화염 웜
Ice Wyrm	얼음 웜
Fire Wyrm Egg	화염 웜의 알
Ice Wyrm Egg	얼음 웜의 알
Starclaw	별의 발톱
Dawnheart	여명의 심장
Gelgut	겔굿
Gloomwing	음울한 날개
Blightmonger	고사의 상인
Rattlemaw	방울턱
Fire Imp	화염의 임프
Spark Imp	스파크 임프
Iron Imp	강철 임프
Chaos Imp	혼돈의 임프
Chaos Shards	혼돈의 파편
Furnace Imp	용광로 임프
Furnace Shards	용광로 파편
Ash Imp	재의 임프
Ash Bolt	재의 화살
Tungsten Imp	텅스텐 임프
Rot Imp	부패의 임프
Copper Imp	구리 임프
Insanity Imp	광기 임프
Teleports the target up to 3 tiles	대상을 최대 3칸 순간이동시킨다
Void Imp	공허의 임프
Fire Spirit	화염의 정령
Spark Spirit	스파크 정령
Storm Spirit	폭풍 정령
Chaos Spirit	혼돈의 정령
Chaos Blast	혼돈의 작렬
Fly Swarm	파리 떼
Bag of Bugs	벌레 자루
Fly Trap	파리지옥
Spawn Flies	파리 생성
Spore Beast	포자 야수
Mycobeast	균사 야수
Greater Spore Beast	상위 포자 야수
Spike Beast	가시 야수
Blizzard Beast	눈보라 야수
Void Bomber	공허의 폭격수
Fire Bomber	화염 폭격수
Ice Bomber	얼음 폭격수
Poison Bomber	독 폭격수
Void Rocket Bomber	공허의 로켓 폭격수
Fire Rocket Bomber	화염 로켓 폭격수
Ice Rocket Bomber	얼음 로켓 폭격수
Displacer Beast	전위 야수
Razor Beast	면도날 야수
Orc	오크
Orc Warchief	오크 전쟁 족장
Summon Warband	전투단을 소환
Flame Maw	화염의 아가리
Ice Maw	얼음 아가리
Holy Ghost	신성한 망령
Heal self or an ally for [5 HP:heal]	자신 또는 아군을 [5 HP:heal]만큼 회복한다
Satyr	사티로스
Pan	판
Piper at the Gates	문 앞의 피리 부는 자
Berserks enemies for 3 turns	적을 3턴 동안 광폭화시킨다
Boggart	보가트
Blinding Powder	실명 가루
Blind nearby units, teleport up to 10 tiles away\nFlees while on cooldown	근처의 유닛을 실명시키고 최대 10칸 떨어진 곳으로 순간이동한다\n재사용 대기시간 중에는 도주한다
Boggart Assassin	보가트 암살자
Lunge	찌르기
Poison Stab	독 찌르기
Allies within 4 tiles gain +1 spell damage	4칸 이내의 아군은 주문 피해 +1을 얻는다
Boggart Hornblower	보가트 뿔피리 부는 자
Each turn, 5% chance to gain Flying	턴마다 5% 확률로 비행을 얻는다
Dive Attack	급강하 공격
Mind Maggot	정신 구더기
On hit, drains a spell charge	명중 시 주문 하나의 남은 사용 횟수를 1 줄인다
Brain Bite	뇌 물어뜯기
Mind Maggot Queen	정신 구더기 여왕
Maggoty	구더기투성이
Each turn, summon a hostile Mind Maggot nearby	턴마다 근처에 적대적인 정신 구더기를 소환한다
Mind Maggot Wretch	정신 구더기 괴인
Brain Bites	뇌 물어뜯기
Wretched Curse	비참한 저주
Maggot Empress	구더기 여제
On hit, drain all charges from a spell	명중 시 주문 하나의 남은 사용 횟수를 모두 소모시킨다
Centaur	켄타우로스
Throw Spear	창 던지기
Trample	짓밟기
Centaur Druid	켄타우로스 드루이드
Old Thunderbones	늙은 천둥뼈
Ogre	오우거
Wounded allies heal for [10 HP:heal] and gain [1:damage] spell damage	부상당한 아군은 [10 HP:heal] 회복하고 [1:damage] 주문 피해를 얻는다
Troll Geomancer	트롤 대지술사
Clay Hound	흙 사냥개
Summon Clay Hounds	흙 사냥개 소환
Troll	트롤
Earth Troll	대지 트롤
Storm Troll	폭풍 트롤
Trollataur	트롤타우르
Siren Song	세이렌의 노래
Pull [Living] enemies up to 3 tiles toward the caster, inflict [berserk] for 3 turns	[생물:living] 적을 시전자에게 최대 3칸 끌어당기고, 3턴 동안 [광폭화:berserk]를 부여한다
Siren	세이렌
Love Bite	사랑의 깨물기
Gremlin	그렘린
Fear Bolt	공포의 화살
Each turn, enemies within 5 tiles are [feared] for 1 turn	턴마다 5칸 이내의 적이 1턴 [공포:fear]에 빠진다
Wailing Banshee	울부짖는 밴시
Ghost	유령
Pain	고통
Death	죽음
Sorrow	슬픔
Fire Ghost	화염의 망령
Fire Bolt	화염의 화살
Ghostly Mass	유령체 덩어리
Haunt	빙의
Summons a Ghost near the Wizard	마법사 근처에 유령을 소환한다
Tombstone	묘비
Goblin	고블린
Armored Goblin	장갑 고블린
Healing Totem	치유의 토템
Lightning Totem	번개 토템
Goblin Shaman	고블린 주술사
Summon Healing Totem	치유의 토템 소환
Summon Lightning Totem	번개 토템을 소환
Bat	박쥐
Slime Growth	슬라임 성장
Each turn, {chance}% chance to heal for {heal} HP\nExcess raises max HP\nAt {threshold} HP, split into 2 {spawn}	턴마다 {chance}% 확률로 HP {heal}만큼 회복한다\n초과분은 최대 HP를 올린다\n{threshold} HP가 되면 2체의 {spawn}(으)로 분열한다
Grow Slimes	슬라임 재배
Allied [Slimes:slime] gain 5 max HP	아군 [슬라임:slime]은 최대 HP 5를 얻는다
Slime Brewer	슬라임 양조자
Slime Spew	슬라임 분출
Summons a random Slime near the target	대상 근처에 무작위 슬라임을 소환한다
Red Slime	붉은 슬라임
Has a {chance}% chance each turn to spawn {num} {spawn}	매 턴 {chance}% 확률로 {spawn} {num}체를 생성한다
Each turn spawns {num} {spawn}	매 턴 {spawn} {num}체를 생성한다
Displacer Broodmother	전위 야수 어미
Efreet	이프리트
Bone Shambler Megalith	뼈 셈블러 거석
Towering Bone Shambler	우뚝 솟은 뼈 셈블러
Bone Shambler	뼈 셈블러
Bone Shambler Fragment	뼈 셈블러 파편
Worm Shambler	벌레 셤블러
Worm Bolt	벌레 화살
Summons a Tiny Worm Ball next to the target	대상 옆에 작은 벌레 뭉치를 소환한다
Large Worm Ball	거대한 벌레 뭉치
Small Worm Ball	작은 벌레 뭉치
Toxic Worm Shambler	독성 벌레 셈블러
Large Toxic Worm Ball	거대한 독성 벌레 뭉치
Small Toxic Worm Ball	작은 독 벌레 뭉치
Iron Worm Shambler	강철 벌레 셈블러
Large Iron Worm Ball	거대한 철 벌레 뭉치
Small Iron Worm Ball	작은 철 벌레 뭉치
Ghostly Worm Shambler	유령체 벌레 셈블러
Large Ghostly Worm Ball	거대한 유령 벌레 뭉치
Small Ghostly Worm Ball	작은 유령 벌레 뭉치
Glass Faery	유리 페어리
Glassification Bolt	유리화 화살
Ice Faery	얼음 페어리
Freezing Bolt	빙결의 화살
Hell Hound	지옥의 사냥개
Ice Hound	얼음 사냥개
Minotaur	미노타우로스
Thrashing Horns	날뛰는 뿔
Hits enemies in an arc	호를 그리며 적을 공격한다
Minos, The Golden Bull	미노스, 황금 황소
Petrifies for 3 turns	3턴간 석화시킨다
Cockatrice	코카트리스
Peck	쪼기
Void Rift	공허의 균열
Flame Rift	화염의 균열
Ice Rift	얼음 균열
Butterfly Demon	나비 악마
Frog Hop	개구리 도약
Leaps to a random tile in line of sight within 4 tiles	시야에 보이는 4칸 이내의 무작위 칸으로 도약한다
Horned Toad	뿔두꺼비
Towering Toadbeast	우뚝 솟은 두꺼비 야수
Flame Toad	화염의 두꺼비
Void Toad	공허의 두꺼비
Void Lick	공허의 핥기
Beam attack\nPulls target towards the caster\nMelts walls	광선 공격\n대상을 시전자 쪽으로 끌어당긴다\n벽을 녹인다
Water Blast	물의 폭발
Damages and pushes away units in a wide beam\nApplies 3 turns of soaked\nMelts walls\n	넓은 광선으로 유닛에게 피해를 입히고 밀어낸다\n젖음 3턴을 부여한다\n벽을 녹인다\n
Toad Priest	두꺼비 사제
Weaves webs each turn	턴마다 거미줄을 친다
Giant Spider	거대 거미
Steel Spider	강철 거미
Aether Spider	에테르 거미
Arachnid Wizard	거미 마법사
Surround targets with Fae Thorns	요정의 가시로 대상을 둘러싼다
Spider Bite	거미 물어뜯기
Neurotoxin	신경독
Blood Knight	피의 기사
Blood Amalgam	피의 융합체
Void Knight	공허의 기사
Aether Charge	에테르 돌진
Ignores obstacles	장애물을 무시한다
Chaos Knight	혼돈의 기사
Storm Knight	폭풍 기사
Frost	서리
Inflicts [frozen] for 2 turns	2턴의 [빙결:frozen]을 부여한다
Twilight Knight	황혼의 기사
Wight Blade	와이트의 칼날
Energy Knight	에너지 기사
Teleports the target up to 5 tiles	대상을 최대 5칸 순간이동시킨다
Lamasu	라마수
Corrupted Lamasu	오염된 라마수
Corrupted Bite	오염된 물어뜯기
Inside Shell	껍질 안
When damaged, withdraw into its shell and gain 50% [Physical], [Fire], and [Lightning] resist	피해를 받으면, 껍질 속으로 움츠러들어 [물리:physical], [화염:fire], [번개:lightning] 저항 50%를 얻는다
Nightmare Turtle	악몽의 거북
Vampire Bat	흡혈박쥐
Vampire	흡혈귀
Drain Life	생명 흡수
When an enemy takes [Dark] damage, heal [4 HP:heal]	적이 [암흑:dark] 피해를 받으면, 이 유닛이 [4 HP:heal]를 회복한다
Vampire Count	흡혈귀 백작
Bone Knight	뼈 기사
Bone Blade	뼈 칼날
Bone Knight Archer	뼈 기사 궁수
Bone Arrow	뼈 화살
Death Eater	죽음을 먹는 자
When an [Undead] ally dies, gain a stack of Bloodrage	[언데드:undead] 아군이 죽으면, 피의 격노 중첩을 얻는다
Bone King	뼈 왕
Bone Blades	뼈 칼날들
Call Reinforcements	증원 호출
Hits a random enemy anywhere on the map	맵 어디에 있든 무작위 적 하나를 공격한다
Dragon Swap	용과 자리 바꾸기
Swap places with a random {tag} unit	무작위 {tag} 유닛과 위치를 맞바꾼다
Bone Wizard	뼈 마법사
Bone Swap	뼈 교환
Raise Bones	뼈 일으키기
Assemble Bone Knight	뼈 기사 조립
Slain targets become Skeletons	처치된 대상은 해골이 된다
On death, apply {buff} to adjacent units for {duration} turns	사망 시 인접한 유닛에게 {duration}턴 동안 {buff} 효과를 부여한다
Mushboom Burst	머시붐 작렬
Beam attack\nHeals allies	광선 공격\n아군을 회복한다
False Prophet	거짓 예언자
Beam attack\nHeals and shields allies	광선 공격\n아군을 회복하고 보호막을 부여한다
Archon Purifier	아콘의 정화자
Purifier Aura	정화자의 오라
Aura of Haste	가속의 오라
Each turn, allies within 3 tiles take an extra turn\nDoes not affect Angelic Visitors	매 턴 3칸 이내의 아군이 추가로 1턴 행동한다\n천사의 방문자에게는 영향을 주지 않는다
Angelic Visitor	천사의 방문자
Sing	노래하기
Heals [Living] and [Holy] units, damages [Undead], [Demon], and [Dark] units	[생물:living]와 [신성:holy] 유닛을 회복하고, [언데드:undead], [악마:demon], [암흑:dark] 유닛에 피해를 입힌다
Angelic Singer	천사의 가수
Cacophony	불협화음
Damages enemies in a burst around the caster	시전자 주위 범위의 적에게 피해를 입힌다
Fallen Angel	타락 천사
Hellfire	지옥불
Green Mushboom	녹색 머시붐
Poison Puff	독 분출
Grey Mushboom	회색 머시붐
Spore Puff	포자 분출
Stuns for 2 turns	2턴 기절시킨다
Glass Mushboom	유리 머시붐
Glass Spores	유리 포자
Fire Spores	화염의 포자
On death, deal [9 Fire:fire] damage to adjacent units	사망 시, 인접한 유닛에게 [9 화염:fire] 피해를 입힌다
Red Mushboom	붉은 머시붐
Spriggan Bush	스프리건 덤불
Spriggan	스프리건
Icy Spriggan Bush	얼음 스프리건 덤불
Icy Spriggan	얼음 스프리건
Treant	트렌트
Regrow	재성장
Forest's Rage	숲의 분노
When damaged, gain +1 spell damage	피해를 받으면, 이 유닛의 주문 피해가 1 증가한다
Oakheart	참나무 심장
Vampiric Mist	흡혈의 안개
Greater Vampire	상위 흡혈귀
Greater Life Drain	상위 생명력 흡수
Steals 7 max HP	최대 HP 7 흡수
Vampire Eye	흡혈귀의 눈
Life Drain	생명력 흡수
Mind Vampire	정신 흡혈귀
Mind Drain	정신 흡수
On hit, drain a charge from a random spell and gain [1 SH:shields], up to [3 SH:shields]	명중 시 무작위 주문의 사용 횟수를 1 빼앗고 [보호막 1개:shields]를 얻는다. 최대 [보호막 3개:shields]까지 얻을 수 있다
Fae Thorn	요정의 가시
Each turn, summon a Fae Thorn within 6 tiles	턴마다, 6칸 이내에 요정의 가시를 소환한다
Fae Queen	요정 여왕
Fae Queen's Guard	요정 여왕의 호위병
Fae Curse	요정의 저주
Royal Rebuke	왕의 질책
On death, afflict the killer with Fae Curse, which deals 10 [Arcane] damage each turn	사망 시 자신을 처치한 대상에게 요정의 저주를 부여하여 매 턴 [비전:arcane] 피해를 10 입힌다
Faery Empress	페어리 여제
Fae Royalties	요정의 공물
Floating Eyeball	부유하는 안구
Louis the Seer	예언자 루이
On hit, summon a Floating Eyeball near the target	명중 시, 대상 근처에 부유하는 안구를 소환한다
Flaming Eyeball	불타는 안구
Frost Eyeball	서리의 안구
Aelf	엘프
Duergar	두에르가르
Short Sword	숏소드
Poisons enemies in line of sight for 8 turns	시야 내의 적을 8턴 동안 중독시킨다
Dryder	드라이더
Redcap	레드캡
Summons a Red Mushboom near the target	대상 근처에 붉은 머시붐을 소환한다
Fire Seed	화염의 씨앗
Mischief Maker	장난꾸러기
Thorncurse	가시 저주
Teleports the target up to 3 tiles and summons 3 Fae Thorns nearby	대상을 최대 3칸 순간이동시키고 근처에 요정의 가시 3마리를 소환한다
Gnome Donsy	노움 돈시
Gnome	노움
Summons a Fae Thorn next to the target	대상 옆에 요정의 가시를 소환한다
Chains to targets up to {radius} tiles away	최대 {radius}칸 떨어진 대상으로 연쇄한다
Aelf Lightning Artist	엘프 번개술사
Orc Pyromancer	오크 화염술사
Faery Arcanist	페어리 비술사
Arcane Blast	비전 폭발
Removes 1 temporary buff	일시적 강화 효과 1개 제거
Fire Fiend	화염의 마족
Chaos Fiend	혼돈의 마족
Conductivity	전도성
Copper Fiend	구리 마족
Furnace Fiend	용광로 마족
Fire Blast	화염 폭발
Insanity Fiend	광기 마족
Rot Fiend	부패의 마족
Rot Blast	부패 폭발
Ash Fiend	재의 마족
Ash Blast	재의 폭발
Storm Bolt	폭풍 화살
Beam attack, creates Storm Clouds along the beam	광선 공격, 광선을 따라 폭풍 구름을 생성한다
Storm Fiend	폭풍 마족
Iron Fiend	강철 마족
Iron Gaze	강철의 시선
Petrifies for 1 turn	1턴간 석화시킨다
Death Beam	죽음의 광선
Blood Curse	피의 저주
Damage taken heals a random enemy for the same amount	피해를 받으면 무작위 적 하나가 받은 피해량만큼 회복한다
Arch Fiend	대마족
Hellfire Blast	지옥불 폭발
Cursed Blood	저주받은 피
Goo Spitter	점액을 뱉는 자
Spit	뱉기
Summons a Green Slime next to the target	대상 옆에 녹색 슬라임을 소환한다
Lava Spitter	용암을 뱉는 자
Summons a Red Slime next to the target	대상 옆에 붉은 슬라임을 소환한다
Annihilation Goo	섬멸의 점액
Teleports to a random tile in line of sight	시야 내의 무작위 칸으로 순간이동한다
Teleports units up to 5 tiles	유닛을 최대 5칸 순간이동시킨다
Troubler	교란자
Fearface	공포 얼굴
Teleports the target up to 3 tiles and inflicts [fear] for 2 turns	대상을 최대 3칸 순간이동시키고 2턴 동안 [공포:fear]를 부여한다
Witch	마녀
Wild Man	야인
Ravenous Hunger	탐욕스러운 굶주림
gain [{health}:minion_health] max HP and [{damage}:minion_damage] damage to spells	최대 HP가 [{health}:minion_health] 증가하고 주문 피해가 [{damage}:minion_damage] 증가한다
Fenris	펜리르
Hemorrhage	과다 출혈
Each turn, gain 1 stack of [bleed] for Hemorrhage's remaining duration\nCannot be applied to units immune to [Physical] damage	턴마다 과다 출혈의 남은 지속 시간 동안 [출혈:bleed] 중첩 1을 얻는다\n[물리:physical] 피해에 면역인 유닛에게는 부여할 수 없다
Angrboda	앙그로보다
Hemorrhaging Bolt	과다 출혈의 화살
Cultist	광신자
Green Gorgon Breath	녹색 고르곤의 숨결
Cone attack\nApplies [poison] for 15 turns	부채꼴 공격\n15턴 동안 [중독:poison]을 부여한다
Green Gorgon	녹색 고르곤
Grey Gorgon Breath	회색 고르곤의 숨결
Cone attack\nApplies [petrify] for 2 turns	부채꼴 공격\n2턴 동안 [석화:petrify]를 부여한다
Grey Gorgon	회색 고르곤
Lich	리치
Steals life from all [Living] units in line of sight	시야 내의 모든 [생물:living] 유닛으로부터 생명력을 빼앗는다
Sleep Touch	수면 접촉
Swap places with the Wizard	마법사와 위치를 맞바꾼다
Dream Hag	꿈의 마귀할멈
Ice Belcher	얼음을 토하는 자
Fire Belcher	화염을 뿜는 자
Snake	뱀
Mantis Egg Sac	사마귀 알주머니
On death, summon 4 Mantises	사망 시, 사마귀 4마리를 소환한다
Lay Eggs	산란
Summons a Mantis Egg Sac	사마귀 알주머니를 소환한다
Mantis Queen	사마귀 여왕
Mantis	사마귀
Metal Mantis	금속 사마귀
Mass Blindness	집단 실명
Blinds all enemies for 3 turns	모든 적을 3턴 동안 실명시킨다
Raven Mage	큰까마귀 마도사
Raven	큰까마귀
Mind Devourer	정신 포식자
On hit, drain a charge from a random spell and gain [1 SH:shields]	명중 시, 무작위 주문에서 사용 횟수를 1 흡수하고 [보호막 1개:shields]를 얻는다
Tentacle	촉수
Toxic Aura	독성 오라
Each turn, enemies within 3 tiles take [10 Poison:poison] damage and are poisoned for 3 turns	턴마다, 3칸 이내의 적은 [10 독:poison] 피해를 받고 3턴 동안 중독된다
Toxic Mind Devourer	독성 정신 포식자
Sentry Beam	파수병 광선
Giant Floating Skull	거대한 부유 해골
Death Gaze	죽음의 시선
Wrath Gaze	분노의 시선
Purple Hand	보라색 손
Void Flick	공허의 튕김
Teleports the target up to 4 tiles	대상을 최대 4칸 순간이동시킨다
Bloodghast	피의 가스트
Frenzy Haunt	광란의 빙의
On hit, gain +1 damage for 10 turns	명중 시, 10턴 동안 피해+1을 얻는다
Blood Hound	피의 사냥개
Frenzy Bite	광란의 물어뜯기
On hit, gain +2 damage for 10 turns	명중 시, 10턴 동안 피해+2를 얻는다
Blood Magus	피의 마도사
Mass Bloodrage	집단 피의 격노
Allies gain +7 spell damage for 5 turns	아군은 5턴 동안 주문 피해 +7을 얻는다
Orc Wolf	오크 늑대
Orc Houndlord	오크 사냥개 군주
Living Scroll of Lightning	살아있는 번개 두루마리
Living Scroll of Fireball	살아있는 파이어볼 두루마리
Fiery Torment	화염의 고통
Soul Suck	영혼 흡수
Fiery Tormenting Mass	화염 고통의 덩어리
Frostfire Torment	서리불꽃의 고통
Frostfire Tormenting Mass	서리불꽃 고통의 덩어리
Dark Tormentor	암흑 고문자
Dark Torment	암흑 고문
Frosty Tormentor	서리 고문자
Inflicts [frozen] for 1 turn	1턴의 [빙결:frozen]을 부여한다
Frosty Torment	서리 고통
Yeti	예티
Shaman's Sorrow	주술사의 슬픔
When a [Living] ally dies within [5 tiles:radius], summon a Sorrow on its tile	[5 칸:radius] 이내에서 [생물:living] 아군이 죽으면, 그 칸에 슬픔을 소환한다
Yeti Shaman	예티 주술사
Stalker	추적자
Slash	베기
Goatia	고티아
Fire Lion	화염의 사자
Lightning Snake	번개 뱀
Chaos Chimera	혼돈의 키마이라
Ice Lion	얼음 사자
Claw	발톱
Death Snake	죽음의 뱀
Deathchill Chimera	죽음냉기 키마이라
Deathchiller	죽음냉기를 부르는 자
Raises slain targets as skeletons	처치한 대상을 해골로 일으킨다
Star Lion	별의 사자
Fire Snake	화염의 뱀
Starfire Chimera	별불 키마이라
Glassy Gaze	유리 응시
Turns the target to glass for {dur} turns	대상을 {dur}턴 동안 유리로 변화시킨다
Glass Butterfly	유리 나비
Glass Golem	유리 골렘
Glass Cockatrice	유리 코카트리스
Giant Flaming Skull	거대한 불타는 해골
Giant Fireball	거대 파이어볼
Phoenix Fire	불사조의 화염
On death, deal 25 [Fire] damage in a 4 tile burst, healing allies instead	사망 시, 4칸 범위에 25의 [화염:fire] 피해를 입히고, 아군은 대신 회복시킨다
Phoenix	불사조
Phoenix Starfire	불사조의 별화염
On death, deal 25 [Arcane] damage and melt walls in a 5 tile burst\nAllies gain [2 SH:shields] instead	사망 시, 5칸 범위에 25의 [비전:arcane] 피해를 입히고 벽을 녹인다\n아군은 대신 [보호막 2개:shields]를 얻는다
Void Phoenix	공허의 불사조
Phoenix Rotfire	불사조의 부패화염
On death, deal 25 [Dark] and [Fire] damage and melt walls in a 5 tile burst\nUndead allies heal and gain max HP instead	사망 시, 5칸 범위에 25의 [암흑:dark]과 [화염:fire] 피해를 입히고 벽을 녹인다\n언데드 아군은 대신 회복하고 최대 HP를 얻는다
Rotting Phoenix	부패 불사조
Rotfire	부패의 불꽃
Rotfire Aura	부패의 불꽃 오라
Each turn, spew 3 meteors within 4 tiles\nEach meteor deals [8 Fire:fire] damage in a 2 tile burst\nDirect hits deal [11 Physical:physical] damage, stun for 1 turn, and make floors	턴마다 4칸 이내에 운석 3개를 뿜어낸다\n각 운석은 2칸 범위에 [8 화염:fire] 피해를 입힌다\n직격은 [11 물리:physical] 피해를 입히고, 1턴 동안 기절시키며, 바닥을 만든다
Volcano Shell	화산 껍질
Volcano Turtle	화산 거북
Ice Age Shell	빙하기 껍질
Each turn, enemies within [{radius} tiles:radius] take [{damage} Ice:ice] damage and [frozen] for [{duration}:duration] turns\nWhen a [frozen] unit within the radius dies to [Ice] damage, create a wall on its tile	턴마다 [{radius}칸:radius] 이내의 적이 [{damage} 얼음:ice] 피해를 받고 [{duration}:duration]턴 [빙결:frozen]된다\n반경 내의 [빙결:frozen] 유닛이 [얼음:ice] 피해로 죽으면 그 칸에 벽을 생성한다
Glacial Turtle	빙하 거북
Titan	타이탄
Aesir	애시르
Flaming Flesh Fiend	불타는 살점 마족
Burning Aura	연소의 오라
Reaper	사신
Reaping Scythe	수확의 큰낫
Hits all adjacent enemies\nGains 1 Reincarnation on kill	인접한 모든 적을 공격한다\n적을 처치하면 "환생" 횟수를 1 얻는다
Whirlwind Reaper	회오리바람 사신
Mass of Eyes	눈의 덩어리
Arbiter	심판자
Arbiter Gaze	심판자의 시선
Gilded Pyre	금박 화장단
When a unit dies, gain +1 spell damage	유닛이 죽으면, 주문 피해 +1을 얻는다
Gilded Tyrant	금박 폭군
Solar Flare	태양 플레어
Gilded Grasp	금박 움켜쥠
Gargoyle Statue	가고일 석상
Gargoyle	가고일
Scribe Chaos Scrolls	혼돈의 두루마리 기록
Summons 2-4 Living Fireball or Living Lightning Scrolls	2~4개의 살아있는 파이어볼 또는 살아있는 번개 두루마리를 소환한다
Chaos Quill	혼돈의 깃펜
Swat Ally	아군 후려치기
Bats an adjacent unit towards an enemy	인접한 유닛을 적을 향해 쳐서 날린다
Swat Enemy	적 후려치기
Bat an enemy to a random tile in line of sight	적을 시야 내의 무작위 칸으로 쳐서 날린다
Red Cyclops	붉은 사이클롭스
Emerald Breath	에메랄드 숨결
Cone attack\nEnemies are [poisoned] for {duration} turns\nAllies gain [1 SH:shields] instead	부채꼴 공격\n적은 {duration}턴 동안 [중독:poison]된다\n아군은 대신 [보호막 1개:shields]를 얻는다
Feathered Serpent	깃털 달린 뱀
Lightning Bug Swarm	번개 벌레 무리
Vengeance	복수
On death, deal {damage} {tag} damage to a random enemy within {radius} tiles	사망 시, {radius}칸 이내의 무작위 적에게 {damage}의 {tag} 피해를 입힌다
Cursed Cat	저주받은 고양이
Rotting Zombie	부패 좀비
Rot Sprouts	부패의 싹
Rot Tree	부패의 나무
Rotting Mass	부패 덩어리
Bark Lord	나무껍질 군주
Life Swap	생명력 교환
Pachyderm	후피동물
Rock Worm	바위 벌레
Worm Wizard	벌레 마법사
Worm Infection	벌레 감염
Target [Living] ally spawns 2 Worm Balls on death	대상 [생물:living] 아군이 사망하면 벌레 뭉치 2체를 생성한다
Blue Lion Sheen	푸른 사자의 광채
Eagle	독수리
Dive	급강하
Stonefish	돌물고기
Star Swimmer	별의 유영자
Phase Blast	위상 작렬
Teleports targets up to 4 tiles	대상을 최대 4칸 순간이동시킨다
Animated Armor	살아 움직이는 갑옷
Sentient Shield	자아를 지닌 방패
On hit, push the target 1 tile	명중 시 대상을 1칸 밀어낸다.
Dancing Blade	춤추는 칼날
Sword of Light	빛의 검
Arcane Blacksmith	비전 대장장이
Forge Blade	칼날 단조
Forge Shield	방패 단조
Forge Armor	방어구 단조
Animated Knight	살아 움직이는 기사
On hit, push the target 2 tiles	명중 시 대상을 2칸 밀어낸다.
Curse Reflection	저주 반사
Self Reflection	자기 반사
Gelid Mirror	얼어붙은 거울
Scary	무서운
Damaging [Nature] or [Living] units afflicts them with [fear] for 3 turns	[자연:nature] 또는 [생물:living] 유닛에게 피해를 입히면 [공포:fear] 3턴을 부여한다
Scarecrow	허수아비
Scare	겁먹음
Pumpkinhead	호박머리
Vine	덩굴
Enlighten Serpent	뱀 계몽
Sacrifice a Snake to summon a random Drake	뱀 1마리를 제물로 바쳐 무작위 드레이크를 소환한다
Slazephan the Philosopher	철학자 슬라제판
Two Headed Snake	쌍두뱀
Brain Sapling	뇌 묘목
Brain Tree	뇌 나무
Prison of Imps	임프의 감옥
Surround enemies with Imps	임프로 적을 둘러싼다
Demonic Promotion	악마적 승진
Transforms an Imp into a Fiend	임프를 마족으로 변화시킨다
Grand Warlock	대마도사
Chaos Strike	혼돈의 일격
Shoot a bolt of each damage type at random enemies	무작위 적에게 각 피해 종류의 화살을 발사한다
Imp Gate	임프의 문
Summons 3 temporary Imps	임시 임프 3체를 소환한다
Imp Collector	임프 수집가
Fiend Swap	마족 교체
Breathstealer	숨 도둑
Fae Huntsman	요정 사냥꾼
Each turn, afflict enemies within 5 tiles with Silence for 2 turns	턴마다 5칸 이내의 적에게 침묵을 2턴 부여한다
Silent Specter	고요한 망령
Fire Elemental	화염의 정령
Starfire Elemental	별불 정령
Earth Elemental	대지 정령
Venom Drinker	독을 마시는 자
When a unit takes [Poison] damage, heal for that much	어떤 유닛이든 [독:poison] 피해를 받으면, 이 효과를 가진 유닛이 그 피해량만큼 HP를 회복한다
Poison Bite	독 물기
Hibernate	동면
[Freeze] caster for 4 turns	시전자를 4턴 동안 [빙결:freeze]시킨다
Icy Metabolism	얼음 대사
Heal {heal} HP each turn while Frozen	빙결 중에는 매 턴 HP를 {heal} 회복한다
Polar Bear	북극곰
Frenzy Claw	광란의 발톱
Heal 15 HP each turn while Soaked, otherwise die	젖음 상태인 동안 턴마다 HP 15를 회복하고, 그렇지 않으면 죽는다
Water Elemental	물의 정령
Big Bite	큰 물어뜯기
Void Child	공허의 아이
Void Stare	공허의 응시
Void Elder	공허의 장로
Void Ancestor	공허의 조상
Executioner	처형자
Execute	처형
Grab	붙잡기
Limb Collection	사지 수집
Collects a limb whenever it takes a step or an adjacent unit dies\n\nAfter collecting 4 limbs, a Bone Shambler is spawned nearby	걷거나 인접한 유닛이 죽을 때마다 사지를 모은다\n\n사지를 4개 모으면, 근처에 뼈 셈블러가 생성된다
\n\nCollected: {c} / {cmax}	\n\n수집: {c} / {cmax}
Limb Collector	사지 수집가
Giant Hornet	거대 말벌
Skull Hornet	해골 말벌
Stringed Puppet	실에 매달린 꼭두각시
Head Cannon	머리 대포
Cannonball	포탄
Death Combustion	죽음의 연소
Attached	부착
{unit} moves with the owner of this buff if there is space to keep its relative position	{unit}은(는) 상대 위치를 유지할 공간이 있으면, 이 강화 효과의 소유자와 함께 이동한다
Pinch	집게질
Immobilizes for 1 turn	1턴 동안 속박한다
Scuttler	바위게
Snow Scuttler	눈 바위게
Freezing Coral	빙결의 산호
Guardsman	경비병
Each turn, grant 1 SH to adjacent unshielded allies	턴마다 인접한 보호막이 없는 아군에게 보호막 1을 부여한다
Card Guard	카드 수문장
Armored Ogre	장갑 오우거
Quickstep	빠른 이동
Quickcasting	빠른 시전 중
Blood Tax	피의 세금
Werewolf	늑대인간
Armored Polar Bear	장갑 북극곰
Blood Bear	피의 곰
Venom Bear	독곰
Aura of Undeath	불사의 오라
Each turn, [Undead] allies heal 1 HP and [Living] enemies take 1 [Dark] damage\n\nSlain [Living] units are raised as Skeletons	턴마다 [언데드:undead] 아군은 HP 1을 회복하고 [생물:living] 적은 [암흑:dark] 피해를 1 받는다\n\n죽은 [생물:living] 유닛은 해골로 되살아난다
Idol of Undeath	언데드의 우상
Aura of Life	생명의 오라
Each turn, heal [Living] allies for 5 HP	턴마다 [생물:living] 아군을 HP 5 회복시킨다
Fountain of Blood	피의 샘
Aura of Venom	독의 오라
Each turn, extend the [poison] duration on [poisoned] enemies by 1 turn\n\nEach turn, apply 2 turns of [poison] to unpoisoned enemies	턴마다 [중독:poisoned] 적의 [중독:poison] 지속 시간을 1턴 연장한다\n\n턴마다 중독되지 않은 적에게 [중독:poison] 2턴을 부여한다
Fountain of Venom	독의 샘
Idol of Clarity	명료의 우상
Grant Sorcery	마법 부여
Grants a ranged [Fire] or [Lightning] attack to a random ally, along with immunity to that damage type	무작위 아군에게 원거리 [화염:fire] 또는 [번개:lightning] 공격과 그 피해 종류에 대한 면역을 부여한다
Idol of Sorcery	마법의 우상
Gates spawn units 1 turn faster	관문은 유닛을 1턴 빨리 생성한다
War Banner	전쟁 깃발
Watcher	감시자
Lightning Eye	번개의 눈
Void Watcher	공허의 감시자
Void Eye	공허의 눈
Observer	관찰자
Each turn, 50% chance to teleport each other unit up to 4 tiles away	매 턴 자신을 제외한 각 유닛을 개별적으로 50% 확률로 현재 위치에서 4칸 미만 떨어진 무작위 칸으로 순간이동시킨다.
Idol of Insanity	광기의 우상
Spore Man Ancient	고대 포자 인간
Grow Thorns	가시 재배
Summon 3 Fae Thorns near the wizard	마법사 근처에 요정의 가시 3마리를 소환한다
Yggdrasil's Dream	위그드라실의 꿈
Each turn, enemies take 2 [Dark] and [Arcane] damage\nAllies are healed instead	턴마다 적이 [암흑:dark]과 [비전:arcane] 피해를 2 받는다\n아군은 대신 회복된다
Yggdrasil	위그드라실
Timestop	시간 정지
Stun all enemies for 1 turn	모든 적을 1턴 동안 기절시킨다
Time Keeper	시간 관리자
Rainbow Drake	무지개 드레이크
Pickle Soul	영혼 담기
Target ally becomes Soulbound to the Idol of Souls	대상 아군은 영혼의 우상과 영혼으로 결속된다
Idol of Souls	영혼의 우상
Cone attack\nSummon Blood Slimes on empty tiles	부채꼴 공격\n빈 칸에 피의 슬라임을 소환한다
Corrupted Blood	오염된 피
Heal 10 HP each turn\nExcess raises max HP\nWhen damaged, summon a Blood Slime	매 턴 HP를 10 회복한다\n초과 회복량만큼 최대 HP가 증가한다\n피해를 받으면 피의 슬라임을 소환한다
Taurokelevee	타우로켈레비
Blood Burst	피의 작렬
Gore Vent	유혈 분출
When damaged, summon a Snake nearby	피해를 받으면, 근처에 뱀을 소환한다
Medusa's Gaze	메두사의 시선
Petrifies all units in line of sight for 3 turns	시야 내의 모든 유닛을 3턴 동안 석화시킨다
Medusa	메두사
Snake Bites	뱀 물어뜯기
Swamp Queen	늪의 여왕
Mushbloom	머시블룸
Summons 5 grey or green mushbooms	회색 또는 초록 머시붐 5마리를 소환한다
Grow Fly Traps	파리지옥 재배
Releases 3 evil spirits when destroyed	파괴되면 3마리의 사악한 영혼을 방출한다
Box of Woe	재앙의 상자
Aura of Woe	재앙의 오라
Avian Wizard	조류 마법사
Teleports to a random location	무작위 위치로 순간이동한다
Creates Storm Clouds near the target	대상 근처에 폭풍 구름을 생성한다
Stuns all enemies in an area around the target for [{duration}:duration] turns	대상 주변 범위의 모든 적을 [{duration}:duration]턴 동안 기절시킨다
Caster and allies gain 50% [Lightning] resist for [{duration}:duration] turns	시전자와 아군은 [{duration}:duration]턴 동안 [번개:lightning] 저항 50%를 얻는다
Teleport the caster\nOn arrival, deal [{damage}:damage] [Lightning] and blind enemies in line of sight for 2 turns	시전자를 순간이동시킨다\n도착 시 시야 내의 적에게 [번개:lightning] 피해를 [{damage}:damage] 입히고 2턴 동안 실명시킨다
Lightning Master	번개의 달인
Fire Wizard	화염 마법사
Caster and allies gain 50% [Physical] resist for [{duration}:duration] turns	시전자와 아군은 [{duration}:duration]턴 동안 [물리:physical] 저항 50%를 얻는다
Damages enemies in a burst around the caster\n50% chance to destroy affected walls	시전자 주위 범위의 적에게 피해를 입힌다\n50% 확률로 영향받은 벽을 파괴한다
Mountain Mage	산의 마도사
Mogwai Mage	모과이 마도사
Fear Ball	공포의 구체
Teleports units up to 5 tiles away	유닛을 최대 5칸 떨어진 곳으로 순간이동시킨다
Invoke Chaos	혼돈 소환
Teleport all other units to random tiles\nStun enemies for 1 turn	다른 모든 유닛을 무작위 칸으로 순간이동시킨다\n적을 1턴 동안 기절시킨다
Deal [{damage}:damage] [Ice] to an enemy in line of sight each turn\nLasts [{duration}:duration] turns	턴마다 시야 내의 적 1명에게 [{damage}:damage]의 [얼음:ice] 피해를 입힌다\n[{duration}:duration]턴 지속한다
Ice Lich	얼음 리치
Ice Ball	얼음의 구체
Deal [{damage}:damage] [Fire] to an enemy in line of sight each turn\nLasts [{duration}:duration] turns	턴마다 시야 내의 적 1명에게 [{damage}:damage]의 [화염:fire] 피해를 입힌다\n[{duration}:duration]턴 지속한다
Fire Lich	화염의 리치
Ice Age	빙하기
Deals damage and applies [{duration}:duration] turns of [frozen] to enemies in a burst around the caster	시전자 주위 범위의 적에게 피해를 입히고 [빙결:frozen] [{duration}:duration]턴을 부여한다
Ice Wizard	얼음 마법사
Ignite Poison	독 점화
Target poisoned unit loses all poison stacks and takes that much fire damage	대상 중독된 유닛은 모든 독 스택을 잃고 그만큼의 화염 피해를 받는다
Goblin Wizard	고블린 마법사
Sanguine Healing	피의 치유
Heal for 1 HP whenever a unit takes damage from Bleed	유닛이 출혈로 피해를 입을 때마다 HP를 1 회복한다
Hemogoblin	헤모고블린
Twilight Protection	황혼의 수호
Caster and allies gain 50% [Dark] and [Holy] resist for [{duration}:duration] turns	시전자와 아군은 [{duration}:duration]턴 동안 [암흑:dark] 및 [신성:holy] 저항 50%를 얻는다
Caster and allies gain 50% [Fire] resist for [{duration}:duration] turns	시전자와 아군은 [{duration}:duration]턴 동안 [화염:fire] 저항 50%를 얻는다
Frostfire Protection	서리불꽃의 수호
Caster and allies gain 50% [Fire] and [Ice] resist for [{duration}:duration] turns	시전자와 아군은 [{duration}:duration]턴 동안 [화염:fire] 및 [얼음:ice] 저항 50%를 얻는다
Gaze of Winter	겨울의 응시
Other units in line of sight are [frozen] for 3 turns	시야 내의 다른 유닛은 3턴 동안 [빙결:frozen]된다
Frostfire Mage	서리불꽃의 마도사
Hurl Frostfire	서리불꽃 투척
Crystal Chain	수정 사슬
When a [frozen] unit takes [Arcane] damage, redeal that damage to all [frozen] enemies	[빙결:frozen]된 유닛이 [비전:arcane] 피해를 받으면, 그 피해를 모든 [빙결:frozen]된 적에게 다시 입힌다
Crystal Mage	수정 마도사
Ice Tomb	얼음 무덤
Poison Protection	독 보호
Allies have their [poison] removed and gain [100% Poison:poison] resist for {duration} turns	아군은 [중독:poison]이 제거되고 {duration}턴 동안 [100% 독:poison] 저항을 얻는다
Mycelial Mage	균사 마법사
Spore Shot	포자 사격
Grasping Earth	움켜쥐는 대지
Each turn, summon a hostile Vine nearby	턴마다 근처에 적대적인 덩굴을 소환한다
Jack o' Flames	불꽃의 잭
Entangle	얽어매기
Vine Pull	덩굴 끌어당기기
Flaming Aura	화염의 오라
Tide of Sin	죄악의 조류
Damages enemies in line of sight\nDrains a spell charge	시야 내의 적에게 피해를 입힌다\n주문 사용 횟수 1을 빼앗는다
Tide of Rot	부패의 조류
Inflict 4 turns of [poison] and [necrosis] on enemies in line of sight	시야 내의 적에게 4턴의 [중독:poison]과 [괴사:necrosis]를 부여한다
Black Rider	검은 기수
White Rider	백색 기수
Arrow of Halting	정지의 화살
Arrow of Poison	독의 화살
Arrow of Flame	화염의 화살
When a unit takes [Physical] or [Fire] damage, heal [5 HP:heal]	유닛이 [물리:physical] 또는 [화염:fire] 피해를 받으면, [5 HP:heal]를 회복한다
Strife Healing	투쟁의 치유
Berserk enemy units in line of sight for [{duration}:duration] turns	시야 내의 적 유닛을 [{duration}:duration]턴 동안 광폭화시킨다
Red Rider	적색 기수
Pale Rider	창백한 기수
Army of Hades	하데스의 군대
Beasts of Earth	대지의 야수
Famine Gaze	기근의 시선
Drains 7 maximum hp	대상의 최대 HP를 7 감소시킨다.
The Furnace	용광로
Shrapnel Beast	파편탄 야수
Heated Metal	달궈진 금속
Redeal 50% of [Physical] damage dealt to enemies as [Fire] damage	적에게 입힌 [물리:physical] 피해의 50%를 [화염:fire] 피해로 다시 입힌다
Shrapnel Spears	파편탄 창
Each portion of the beast fires a spear of molten metal at an enemy in sight	야수의 각 부위가 시야 내의 적에게 녹은 금속 창을 발사한다
Animikii	아니미키
Lightning God Talons	번개 신의 발톱
Lightning Blast	번개 폭발
Gather Flock	무리 소집
Lightning Caller	번개를 부르는 자
When a unit takes [Lightning] damage, create a Storm Cloud near them	유닛이 [번개:lightning] 피해를 받으면, 그 근처에 폭풍 구름을 생성한다
Lightning Vengeance	번개 복수
If any Storm Clouds are in line of sight of an ally's death, one of them shoots a {damage} damage Lightning strike at the closest enemy in sight	아군이 죽은 위치를 볼 수 있는 폭풍 구름이 있으면, 그중 하나가 자신의 시야 내에서 가장 가까운 적에게 번개를 발사하여 {damage} 피해를 입힌다
Mothgod	나방 신
Arcane Beam	비전 광선
Superstition	미신
Enemies are [feared] for one turn when they take [Arcane] damage	적은 [비전:arcane] 피해를 받으면 1턴 동안 [공포:fear]에 빠진다
Ultimate Troubler	궁극의 교란자
Troubler Barrage	교란자의 탄막
Shoots 9 missiles which teleport the victims randomly up to 9 tiles away.	피해자를 최대 9칸 떨어진 곳으로 무작위로 순간이동시키는 9발의 미사일을 발사한다.
Pillar of Bones	뼈의 기둥
Awaken Bone Shamblers	뼈 셈블러 각성
Pillar of Worms	벌레의 기둥
Twilight Seer	황혼의 예언자
Enchanter	부여술사
Translocator	이동 장치
Teleports victims randomly up to 3 tiles away	피해자를 최대 3칸 떨어진 곳으로 무작위로 순간이동시킨다
Chronos, Titan Immortal	크로노스, 불멸의 티탄
Illusory Hamsa	환영 함사
Illusory Doubles	환영 분신
When this unit loses a shield, summon a temporary Illusory Hamsa\nIllusory Hamsa are Soulbound to this unit	이 유닛이 보호막을 잃으면 일시적인 환영 함사를 소환한다\n환영 함사는 이 유닛과 영혼으로 결속된다
Hamsa	함사
Odin, Aesir Immortal	오딘, 불사의 애시르
Cloud Eater	구름 포식자
Each turn, consumes any adjacent {clouds}\nHeal {amt} HP for each cloud eaten.	턴마다 인접한 {clouds}를 먹어 치운다\n먹은 구름 하나마다 HP를 {amt} 회복한다.
Fujin	풍신
Wind Blast	바람 폭발
Nine the Cat	고양이 나인
Bad Apple	나쁜 사과
Poisonous Aura	유독성 오라
Duplicate	복제
Create another Gemini Twin with the same current HP\nOnly 2 twins can exist at once	같은 현재 HP의 다른 제미니 쌍둥이를 생성한다\n쌍둥이는 한 번에 2명만 존재할 수 있다
Gemini Twin	제미니 쌍둥이
When a non-[Slime] ally dies, summon a matching [Slime] where it died	[슬라임:slime]이 아닌 아군이 죽으면, 죽은 자리에 대응하는 [슬라임:slime]을 소환한다
Slimesoul Idol	슬라임 영혼 우상
For every 300 damage dealt to any unit, summon a Furnace Hound	어떤 유닛에게든 입힌 피해 300마다 용광로 사냥개를 소환한다
Idol of Pain	아픔의 우상
When an ally dies, deal [9 Fire:fire] damage to a random enemy within 4 tiles	아군이 죽으면, 4칸 이내의 무작위 적에게 [9 화염:fire] 피해를 입힌다
Idol of Fiery Vengeance	화염 복수의 우상
Whenever an enemy takes damage, it is stunned for 1 turn	적이 피해를 받을 때마다, 그 적은 1턴 동안 기절한다
Concussive Idol	충격의 우상
Idol of Vampirism	흡혈의 우상
When an ally deals damage, it heals for half that much HP	아군이 피해를 입히면, 피해를 입힌 아군이 그 절반만큼 HP를 회복한다
Aura of Agony	고통의 오라
Redeal all non-[Poison] damage dealt to enemies as [Poison] damage	적에게 입힌 [독:poison] 외 모든 피해를 [독:poison] 피해로 다시 입힌다
Idol of Agony	고통의 우상
Weaken	약화
Enemies lose 25 resistance to a random damage type for 8 turns	적은 8턴 동안 무작위 피해 종류에 대한 저항을 25 잃는다
Idol of Frailty	허약함의 우상
Nightmare Touched	악몽에 닿은 자
Bestow Nightmare	악몽 부여
Apply Nightmare Touched to an ally for [{duration}:duration] turns	아군에게 악몽에 닿은 자를 [{duration}:duration]턴 동안 부여한다
Idol of Nightmares	악몽의 우상
Mass Protection	집단 수호
Allies gain 1 SH up to a max of 3	아군은 최대 3까지 보호막 1을 얻는다
Grant Rebirth	부활 부여
A random ally gains the ability to reincarnate	무작위 아군이 환생 능력을 얻는다
Idol of Rebirth	환생의 우상
Frost Nova	프로스트 노바
Damages enemies and inflicts {duration} turns of [frozen] in a burst around the caster\nEach cast increases radius and cooldown by 1\nCasts as often as possible, even if no enemies are in range	시전자 주위 범위의 적에게 피해를 입히고 [빙결:frozen] {duration}턴을 부여한다\n시전할 때마다 반경과 재사용 대기시간이 1 증가한다\n사거리 내에 적이 없어도 가능한 한 자주 시전한다
Idol of Frost	서리의 우상
For every 100 damage dealt, summon a tormentor\n\nFor every 666 damage dealt, summon a fiend	입힌 피해 100마다 고문자를 소환한다\n\n입힌 피해 666마다 마족을 소환한다
Idol of Fiends	마족의 우상
Flesh Colossus	살덩이 거상
Bone Colossus	뼈 거상
Giant Mass of Eyes	거대한 눈 덩어리
Giant Nightmare Turtle	거대 악몽 거북
Giant Gorgon	거대 고르곤
Infernal Demon Prince	지옥의 악마 공작
Infernal Court	지옥의 궁정
Tentacles	촉수들
Pulls in up to 4 enemies	최대 4명의 적을 끌어당긴다
Insanity Aura	광기 오라
Enemies within 5 tiles take 3 arcane damage and lose 3 random spell charges each turn.	턴마다 5칸 이내의 적은 3의 비전 피해를 받고 무작위 주문 사용 횟수를 3 잃는다.
Ultimate Mind Devourer	궁극의 정신 포식자
Giant Sack of Filth	거대한 오물 자루
Lamasu Methuselah	라마수 메투셀라
Pumpking's Harvest	펌프킹의 수확
When a unit dies, heal [5 HP:heal]	유닛이 죽으면, [5 HP:heal]를 회복한다
creature	생물
The Great Pumpking	위대한 펌프킹
Pumpking's Smile	펌프킹의 미소
Damages enemies in the smile\nCasts as often as possible	미소 모양으로 적에게 피해를 입힌다\n가능한 한 자주 시전한다
Chained	속박
When this unit first falls below half HP, it breaks its shackles and goes [berserk]	이 유닛이 처음으로 HP의 절반 아래로 떨어지면, 족쇄를 부수고 [광폭화:berserk]된다
Chained Cyclops	사슬에 묶인 사이클롭스
Boulder Toss	거석 투척
Protection of Purity	순수의 보호
Caster and allies gain 50% [Fire] and [Holy] resist for {duration} turns	시전자와 아군은 {duration}턴 동안 [화염:fire] 및 [신성:holy] 저항 50%를 얻는다
Guardian of Righteousness	정의의 수호자
When an ally dies, attempt to teleport closer to the killer	아군이 죽으면, 처치한 자에게 더 가까이 순간이동을 시도한다
Haetae Golem	해태 골렘
Moon Burst	달 작렬
Deals damage to enemies in a burst around the caster\nUnits within 4 tiles are randomly teleported	시전자 주위 범위의 적에게 피해를 입힌다\n4칸 이내의 유닛은 무작위로 순간이동한다
Moon Mage	달의 마도사
Moon Beam	달빛 광선
Lunar Coronation	달의 대관식
Apply Moon Crown to an ally for 30 turns	아군에게 달의 왕관을 30턴 동안 부여한다
Lunar Steed	달의 탈것
Solar Crown	태양의 왕관
Sun Mage	태양 마도사
Sun Beam	태양 광선
Solar Coronation	태양의 대관식
Apply Solar Crown to an ally for 30 turns	아군에게 태양의 왕관을 30턴 동안 부여한다
When damaged, [stun] the source for 2 turns	피해를 받으면 공격자를 2턴 동안 [기절:stun]시킨다
Shru the Toad Sorcerer	두꺼비 마법사 슈루
Mother of Spiders	거미의 어머니
Ossuary Spider	납골당 거미
Rotting Aura	부패의 오라
Suicide attack\n2 tile radius\nAutocast on death\nInflicts [fear] on damaged units for 3 turns	자폭 공격\n2칸 반경\n사망 시 자동 시전\n피해를 받은 유닛에게 3턴의 [공포:fear]를 부여한다
Bad Balloon	나쁜 풍선
Doldrum	정체
Boiling	끓어오름
While Steam Breath is on cooldown, this unit is immobilized\n\nTaking [Lightning] damage reduces Steam Breath cooldown by 1	"증기 숨결"이 재사용 대기시간 중인 동안, 이 유닛은 속박된다\n\n[번개:lightning] 피해를 받으면 "증기 숨결" 재사용 대기시간이 1 감소한다
Steam Breath	증기 숨결
Cone attack\nInflicts soaked and [blind] for [{duration}:duration] turns	부채꼴 공격\n[{duration}:duration]턴 동안 젖음과 [실명:blind]을 부여한다
Kettle Man	주전자 사나이
Each fortress tile shoots a target in range of that tile	각 요새 칸은 그 칸의 사거리 내의 대상을 쏜다
Expand Fortress	요새 확장
Build {count} {spawn} spawners on connected tiles	연결된 칸에 {spawn} 생성기를 {count}개 짓는다
Build a {spawn} spawner on connected tile	연결된 칸에 {spawn} 생성기를 하나 짓는다
Duergar Fortress	두에르가르 요새
Gnome Castle	노움의 성
Summons a fae thorn adjacent to the target	대상 옆에 요정의 가시를 소환한다
Kobold Camp	코볼트 야영지
Goblin Cave	고블린 동굴
Rock	바위
Skull Hornet Queen	해골 말벌 여왕
Skull Hornet Hive	해골 말벌 둥지
Coral Spew	산호 분출
Cone attack\nSummon Freezing Coral around affected units	부채꼴 공격\n영향을 받은 유닛 주위에 빙결의 산호를 소환한다
Regenerative Molt	재생의 탈피
Each turn, if at or below 50% HP, cleanse all debuffs, then halve max HP and heal to full	턴마다 HP가 50% 이하이면 모든 약화 효과를 정화한 다음 최대 HP를 절반으로 줄이고 완전히 회복한다
Coral Colossus	산호 거상
Crushing Claws	으스러뜨리는 발톱
Lava Beam	용암 광선
Burst around the caster\nDestroy walls	시전자 주위에 폭발\n벽을 파괴한다
Molten Devourer	녹은 포식자
Faery	요정
Green Slime	녹색 슬라임
Masked Wizard	가면의 마법사
Archon Beam	아콘의 광선
Bite	물어뜯기
Charge	돌진
Crossbow	쇠뇌
Crossbow Barrage	쇠뇌 탄막
Dark Ball	암흑 구체
Dark Beam	암흑 광선
Dark Bolt	암흑 화살
Death Touch	죽음의 접촉
Fire Ball	화염 구체
Fire Beam	화염 광선
Fire Burst	화염 작렬
Fire Protection	화염의 수호
Flash of Lightning	번개의 섬광
Soulbound	영혼에 묶임
Heals for damage dealt	입힌 피해만큼 회복
Electrified	대전
Cannot act	행동 불가
Melee Attack	근접 공격
Apply {buff} for 1 turn	1턴 동안 {buff} 효과를 부여한다
Apply {buff} for {duration} turns	{duration}턴 동안 {buff} 효과를 부여한다
Attacks {attacks} times	{attacks}회 공격
Trample attack	짓밟기 공격
Ranged Attack	원거리 공격
Beam attack	광선 공격
Melts walls	벽을 녹인다
Cast time: {turns} turns	시전 시간: {turns}턴
Can be channeled for up to {turns} turns	최대 {turns}턴 동안 지속 시전할 수 있다
Kills the caster	시전자를 처치한다
Shoots {attacks} times	{attacks}회 사격
Deals damage in a wide beam	넓은 광선으로 피해를 입힌다
\nMelts walls	\n벽을 녹인다
Summon a {unit}	{unit} 소환
Summon {count} {plural}	{plural} {count}체 소환
Summon {count} {unit}s	{unit} {count}체 소환
 at random locations	 (무작위 위치에)
 at a random location	 (무작위 위치에)
Can be channeled for {turns} turns	{turns}턴 동안 지속 시전할 수 있다
Pull Attack	끌어당기기 공격
Pull the target {tiles} tile{s} toward the caster	대상을 시전자 쪽으로 {tiles}칸{s} 끌어당긴다
Heal Ally	아군 회복
Heals caster for {heal} HP	시전자의 HP를 {heal} 회복한다
Heals allied {tag} unit for {heal} HP	아군 {tag} 유닛의 HP를 {heal} 회복한다
Heals caster or ally for {heal} HP	시전자 또는 아군의 HP를 {heal} 회복한다
Heals an ally for {heal} HP	아군의 HP를 {heal} 회복한다
Storm Cloud	폭풍 구름
Each turn, {strikechance}% chance to deal [{damage}:damage] [Lightning] damage to any unit standing inside\nExpires in {duration} turns	턴마다 {strikechance}% 확률로 내부에 서 있는 유닛에게 [{damage}:damage]의 [번개:lightning] 피해를 입힌다\n{duration}턴 후 소멸한다
Each turn, deal [{damage}:damage] [Ice] damage to any unit standing inside\n50% chance units standing inside are [frozen] for 1 turn\nDisappears on taking [Fire] damage\nExpires in {duration} turns	턴마다 내부에 서 있는 모든 유닛에게 [{damage}:damage]의 [얼음:ice] 피해를 입힌다\n50% 확률로 내부의 유닛을 1턴 [빙결:frozen]시킨다\n[화염:fire] 피해를 받으면 사라진다\n{duration}턴 후 소멸한다
Soaked	젖음
soaked	젖음
Rain Cloud	비구름
Each turn, apply soaked for 2 turns to any unit standing inside\nDisappears on taking [Fire] damage\nExpires in {duration} turns	턴마다 내부에 서 있는 모든 유닛에게 젖음을 2턴 부여한다\n[화염:fire] 피해를 받으면 사라진다\n{duration}턴 후 소멸한다
Each turn, {chance}% chance to spawn a {cloud_type} on each empty or enemy-occupied tile within {radius} tiles	턴마다 {chance}% 확률로 {radius}칸 이내의 각 빈 칸 또는 적이 있는 칸에 {cloud_type}을(를) 생성한다
Spider Web	거미줄
Any non-[Spider] unit entering the web is immobilized for 1 turn\nThis destroys the web\n[Fire] damage destroys webs	거미줄에 들어간 [거미:spider]가 아닌 유닛은 1턴 동안 속박된다\n이로 인해 거미줄이 파괴된다\n[화염:fire] 피해는 거미줄을 파괴한다
Petrified	석화
Glassed	유리화
Ice Protection	얼음 수호
Holy Protection	신성한 수호
Dark Protection	암흑 수호
Frozen	빙결
Cannot act\nEnds on taking [Fire] or [Physical] damage	행동 불가\n[화염:fire] 또는 [물리:physical] 피해를 받으면 해제된다
Sleep	수면
Cannot act\nEnds on taking any damage that is not [Arcane] or [Dark]	행동 불가\n[비전:arcane] 또는 [암흑:dark]이 아닌 피해를 받으면 해제된다
Troll Regeneration	트롤 재생
Regenerate 5 HP each turn\nDisabled on taking [Fire] damage	턴마다 5 HP를 재생한다\n[화염:fire] 피해를 받으면 비활성화된다
Damage Aura	피해의 오라
Each turn, deal {damage} {damage_type} damage to {unit_type} within {radius} tiles	턴마다 {radius}칸 이내의 {unit_type}에게 {damage}의 {damage_type} 피해를 입힌다
Heal allies within {radius} tiles for {heal} each turn	매 턴 {radius}칸 이내의 아군을 {heal}만큼 회복한다
Heal allies for {heal} each turn	매 턴 아군을 {heal}만큼 회복한다
Leap attack	도약 공격
Teleport attack	순간이동 공격
Charge attack	돌진 공격
{charge_bonus} extra damage per tile traveled	이동한 칸 하나당 {charge_bonus}의 추가 피해
Inflict {buff} for {duration} turns	{duration}턴 동안 {buff} 효과를 부여한다
Inflict {buff}	{buff} 부여
Teleport to a random tile	무작위 칸으로 순간이동한다
Leap to target tile	대상 칸으로 도약
Heals {heal} HP each turn	매 턴 HP를 {heal} 회복한다
Shield Regeneration	보호막 재생
Gain 1 [SH:shields] every {freq} turns up to a max of {max}	{freq}턴마다 [보호막:shields]을 1 얻는다. 최대 {max}까지 얻을 수 있다
Gain [{sh} SH:shields] each turn	턴마다 [보호막 {sh}개:shields]를 얻는다
Reincarnates when killed ({lives} time{suffix})	처치되면 환생한다 ({lives}회{suffix})
Shield Allies	아군 보호막
Grant allies in line of sight [1 SH:shields], up to a max of [{shields}:shields]	시야 내의 아군에게 [보호막:shields]을 1 부여한다. 최대 [{shields}:shields]까지 부여할 수 있다
Immobilized	속박
Cannot walk	이동 불가
Bleed	출혈
Take [Physical] damage each turn	매 턴 [물리:physical] 피해를 받는다
Take {damage} [Physical] damage each turn	매 턴 {damage}의 [물리:physical] 피해를 받는다
Take 1 [Poison] damage each turn\nCannot heal	매 턴 [독:poison] 피해 1을 받는다\n회복할 수 없다
Soul Jar	영혼 단지
Summon a Soul Jar\nThe caster cannot die while the Soul Jar lives	영혼 단지를 소환한다\n영혼 단지가 살아있는 동안 시전자는 죽을 수 없다
Cannot die until its guardian is killed	수호자가 죽을 때까지 죽지 않는다
Bloodrage	피의 격노
Thorns	가시
Deal {damage} {dtype} damage to melee attackers	근접 공격자에게 {damage}의 {dtype} 피해를 입힌다
Inflict {buff} on {target} for 1 turn	{target}에게 1턴 동안 {buff} 효과를 부여한다
Inflict {buff} on {target} for {duration} turns	{target}에게 {duration}턴 동안 {buff} 효과를 부여한다
Inflict {buff} on {target}	{target}에게 {buff} 효과를 부여한다
On taking damage from an enemy, deal {damage} {dtype} damage to that enemy	적으로부터 피해를 받으면, 그 적에게 {damage}의 {dtype} 피해를 입힌다
Each turn, {val}% chance to become a {name}	턴마다 {val}% 확률로 {name}이(가) 된다
Will become a {spawn_name} in {val} turns	성장 대상: {spawn_name}\n남은 시간: {val}턴
Summon On Death	사망 시 소환
On death, summon 	사망 시, 소환: 
a {name}	{name}
{count} {name}s	{count}마리의 {name}
Summon a {unit} nearby when this creature is healed	이 생물이 회복되면, 근처에 {unit} 하나를 소환한다
On reaching 0 hp, transforms into a {name}	HP가 0이 되면, {name}(으)로 변신한다
Splitting	분열
On death, splits into {val} smaller versions of itself	사망하면 더 작은 개체 {val}마리로 분열한다
Deal damage in a burst around the caster	시전자 주위에 범위 피해를 입힌다
Skeleton	해골
Death Explosion	죽음의 폭발
Spawn a {monster} every {min_turns} to {max_turns} turns\nNext spawn: {turns} turns	{min_turns}~{max_turns}턴마다 {monster}을 생성한다\n다음 생성: {turns}턴
Each turn, deal 2 {dtype} damage to all enemies within {radius} tiles\nLasts {duration} turns	매 턴 {radius}칸 이내의 모든 적에게 {dtype} 피해 2를 입힌다\n{duration}턴 지속한다
Heal allies within [{radius}:radius] tiles for [{heal} HP:heal] each turn\nLasts [{duration} turns:duration]	매 턴 [{radius}:radius]칸 이내의 아군을 [{heal} HP:heal]만큼 회복한다\n[{duration} 턴:duration] 지속된다
Heal Aura	회복 오라
Bloodlust	피의 갈망
All allies within {radius} tiles gain +{bonus} damage for {duration} turns	{radius}칸 이내의 모든 아군이 {duration}턴 동안 입히는 피해가 {bonus} 증가한다.
Sorcery Mirror	마법의 거울
When a [Sorcery] spell targets this unit, cast a copy targeting the original caster	[마법:sorcery] 주문이 이 유닛을 대상으로 하면, 원래 시전자를 대상으로 하는 복제본을 시전한다
Shield Ally	아군 보호막
Grant an ally {shields} shields up to a max of {max}	아군에게 보호막을 {shields} 부여한다. 최대 {max}까지 부여할 수 있다
Create Blizzards around the target	대상 주위에 눈보라를 생성한다
Quakeport	지진 순간이동
Teleport to the target and create a local earthquake	대상에게 순간이동하여 국지적 지진을 일으킨다
Passive Teleportation	자동 순간이동
Each turn, {chance}% chance to {move} to a random tile up to {radius} tiles away	턴마다 {chance}% 확률로 최대 {radius}칸 떨어진 무작위 칸으로 {move}한다
Acidified	산성화
Adaptive Armor	적응형 방어구
When this unit takes damage, it gains {resist}% resistance to that damage type for 1 turn	이 유닛이 피해를 받으면, 1턴 동안 그 피해 종류에 대한 저항을 {resist}% 얻는다
Shared Pain	공유된 고통
Damage dealt to this unit is also dealt to other units with this debuff	이 유닛이 받는 피해는 같은 약화 효과를 가진 다른 유닛에게도 전달된다
Reinforcements	증원
Summon {num_sum} {summon_name} when HP falls below {health_pct}%	HP가 {health_pct}% 미만으로 떨어지면 {num_sum}마리의 {summon_name}을 소환한다
Ice Beam	얼음 광선
Ice Bolt	얼음의 화살
Life Siphon	생명력 빨아들이기
Lightning Beam	번개 광선
Lightning Protection	번개 수호
Look	주시
Phase Bolt	위상 화살
Physical Bolt	물리의 화살
Poison Ball	독의 구체
Poison Bolt	독의 화살
Poison Burst	독 작렬
Pounce	급습
Ride the Wind	바람 타기
Rock Barrage	바위 탄막
Stoneskin	돌 피부
Storm Strike	폭풍 일격
Strife	투쟁
Suicide Explosion	자폭
Summon Ash Imps	재의 임프 소환
Summon Bad Balloon	나쁜 풍선 소환
Summon Blood Hounds	피의 사냥개 소환
Summon Bone Shamblers	뼈 셈블러 소환
Summon Chaos Imps	혼돈의 임프 소환
Summon Copper Imps	구리 임프 소환
Summon Cultists	광신자 소환
Summon Deathchill Chimera	죽음냉기 키마이라 소환
Summon Eagles	독수리 소환
Summon Earth Elemental	대지 정령 소환
Summon Fenris	펜리르 소환
Summon Fire Drake	"화염 드레이크" 소환
Summon Fly Swarms	파리 떼 소환
Summon Frostfire Hydra	"서리불꽃 히드라" 소환
Summon Furnace Imps	용광로 임프 소환
Summon Ghost	유령 소환
Summon Giant Spiders	거대 거미 소환
Summon Golems	골렘 소환
Summon Ice Hounds	얼음 사냥개 소환
Summon Ice Rifts	얼음 균열 소환
Summon Insanity Imps	광기 임프 소환
Summon Mind Maggots	정신 구더기 소환
Summon Orc Wolfs	오크 늑대 소환
Summon Ravens	큰까마귀 소환
Summon Rot Imps	부패의 임프 소환
Summon Snakes	뱀 소환
Summon Spark Spirits	스파크 정령 소환
Summon Thunderbirds	썬더버드 소환
Summon Vines	덩굴 소환
Summon Wolves	늑대 소환
Summon Worm Shambler	벌레 셈블러 소환
Thorn Bolt	가시 화살
Thorn Bolt Barrage	가시 화살 탄막
Tongue Lash	혀 채찍질
Vine Swarm Summon	덩굴 무리 소환
Void	공허
Warp Ball	워프 구체
Warptouch	워프 접촉
Channel for 6 turns, then summon a Gelid Mirror in line of sight	6턴 동안 지속 시전한 후 시야 내에 얼어붙은 거울을 소환한다
Ignores walls	벽을 무시한다
Summons a Fae Thorn next to the target, attacks 5 times	대상의 옆에 요정의 가시를 소환하고, 5회 공격한다
Void Tango	공허의 탱고
Teleport to a random tile\nThe Wizard teleports to Mordred's old location	무작위 칸으로 순간이동한다\n마법사는 모드레드의 이전 위치로 순간이동한다
Planar Interposition	차원의 개입
Corrupt reality, mixing the current realm with another	현실을 일그러뜨려, 현재 차원을 다른 차원과 섞는다
Mordred's Evolution	모드레드의 진화
On reaching 0 HP, transform into {name}	HP가 0이 되면, {name}(으)로 변신한다
Mordred	모드레드
Mordred's Gaze	모드레드의 시선
Mordred's Touch	모드레드의 접촉
Devastating Gaze	파괴의 시선
Corrupts reality in a wide beam	넓은 광선으로 현실을 일그러뜨린다
Regenerate [7 SH:shields] each turn	턴마다 [보호막 7개:shields]를 재생한다
Mordred, Unbound	모드레드, 해방된 자
Mordred's Caress	모드레드의 애무
Life Vortex	생명력 소용돌이
Steal health from all creatures in line of sight	시야 내의 모든 생물로부터 HP를 빼앗는다
Reality Corrosion	현실 부식
Each turn, unoccupied tiles within {radius} tiles have a chance to be corrupted	턴마다 {radius}칸 이내의 빈 칸이 오염될 가능성이 있다
Mordred, Ascendant	모드레드, 초월자
Annihilation Beam	섬멸의 광선
Chaos Bite	혼돈의 물어뜯기
Chaos Breath	혼돈의 숨결
Cone attack\nCorrupts space	부채꼴 공격\n공간을 일그러뜨린다
Each turn, summon 3 Snakes	턴마다 뱀 3체를 소환한다
Jormungandr	요르문간드
Pope Armor	교황의 방어구
Cannot lose more than 700 HP in one turn	한 턴에 HP를 700보다 많이 잃을 수 없다
Steal 30% of the target's HP\nRedistribute it among Frog Pope's allies\nDoes not trigger on-damage effects	대상의 HP의 30%를 빼앗는다\n그것을 개구리 교황의 아군에게 재분배한다\n피해 시 효과를 발동하지 않는다
Hop	도약
Leap and damage adjacent enemies	도약하여 인접한 적에게 피해를 입힌다
Edict of Worms	벌레의 칙령
Deals damage to all enemies\nIf they die, raise a Worm Shambler from their body	모든 적에게 피해를 입힌다\n죽으면 그 시체에서 벌레 셈블러를 일으킨다
Pope the Frog	개구리 교황
Swamp Horde	늪의 무리
Summon a gang of hideous friends from the swamp	늪에서 흉측한 친구 무리를 소환한다
Insanity Beam	광기 광선
Void Eggs	공허의 알
Summon 6 void eggs\nIf allowed to hatch, they become horrible void creatures\nTeleport away after laying eggs	광기 여왕이 공허의 알 6개를 소환한다\n알은 살아남으면 14턴 후 공허의 생물로 부화한다\n알을 소환한 직후, 광기 여왕이 무작위 위치로 순간이동한다
Shield Tide	보호막 물결
All allies gain 3 SH\nAll enemies lose 3 SH	모든 아군은 보호막 3을 얻는다\n모든 적은 보호막 3을 잃는다
Repeating Insanity	반복되는 광기
Berserk all [Living] enemies in line of sight for 12 turns\nThen reincarnate after being killed ({val} times)	광기 여왕이 사망하면, 여왕의 시야 내에서 여왕에게 적대적인 모든 [생물:living] 유닛을 12턴 동안 광폭화시킨다. 플레이어는 제외된다\n이후 광기 여왕이 환생한다\n남은 환생 횟수: {val}회
Insanity Queen	광기 여왕
Redirect all damage to allies	아군이 있으면, 이 유닛이 받을 피해를 무작위 아군 하나가 대신 받는다
Summon Fallen Angels	타락천사를 소환
Summon 2 Fallen Angels	타락천사 2체를 소환
Ophan Blast	오판의 작렬
Corrupts reality around each enemy in line of sight	시야 내의 각 적 주위의 현실을 일그러뜨린다
Ophan	오판
Soulbinder	영혼을 묶는 자
Each turn, a random ally becomes soulbound to {name}	턴마다 무작위 아군이 {name}과 영혼으로 결속된다
Each turn, a random ally becomes soulbound to Yaldabaoth	턴마다 무작위 아군이 얄다바오트와 영혼으로 결속된다
Heaven's Breath	천상의 숨결
Cone attack\nInflicts 3 turns of [fear]\nHeals allies\nMelts walls	부채꼴 공격\n3턴의 [공포:fear]를 부여한다\n아군을 회복한다\n벽을 녹인다
Yaldabaoth	얄다바오트
Summon Purifiers	정화자를 소환
The Gardener	정원사
Prune	가지치기
Each turn, regenerate 10 HP or gain 1 SH	턴마다 HP 10을 재생하거나 보호막 1을 얻는다
Gaia's Vengeance	가이아의 복수
When an ally dies, grant Gaia's Blessing to allies for 30 turns\nGaia's Blessing restores 10 HP or grants 1 SH each turn	아군이 죽으면, 30턴 동안 아군에게 가이아의 축복을 부여한다\n가이아의 축복은 매 턴 HP를 10 회복하거나 보호막 1개를 부여한다
Nature's Fury	자연의 분노
Summon Blizzards, Storm Clouds, and Rain Clouds around enemies	적 주변에 눈보라, 폭풍 구름, 그리고 비구름을 소환한다
Gaia	가이아
Inversion	반전
Unoccupied floors become chasms\nUnoccupied chasms become walls\nWalls become floors	비어 있는 바닥은 심연이 된다\n비어 있는 심연은 벽이 된다\n벽은 바닥이 된다
Crown of Contradictions	모순의 왕관
Negative resistances are treated as positive when calculating incoming damage	받는 피해를 계산할 때, 음수 저항은 양수로 취급된다
Dark Offerings	암흑 공물
Heal for damage dealt by [Dark], [Demon], or [Undead] units	[암흑:dark], [악마:demon] 또는 [언데드:undead] 유닛이 피해를 입힐 때마다, 이 유닛이 그 피해량만큼 HP를 회복한다
Hellfire Eruption	지옥불 분출
Damages units in a burst around each chasm	각 심연 주위 범위의 유닛에게 피해를 입힌다
Bafflement, Demon King	바포메트, 악마왕
Empty the Depths	심연을 비우다
Summon ferocious fiends from every plane of hell	지옥의 모든 차원에서 흉포한 마족을 소환한다
Leap Attack	도약 공격
AdventuringParty	모험가 일행
EveryXTurnsBuff	X턴마다 변이 규칙 발동
Lose a charge from a random spell every {interval} turns	{interval}턴마다 무작위 주문의 사용 횟수를 1 잃는다
[Wizard:wizard] lost a charge from {spell} due to mutator.	[마법사:wizard]가 변이로 인해 "{spell}"의 사용 횟수를 1 잃었다.
Get Stunned for one turn every {interval} turns	{interval}턴마다 한 턴 동안 기절한다
A random ally joins the enemy team every {interval} turns	{interval}턴마다 무작위 아군이 적 팀에 합류한다
A random object is removed from the level every {interval} turns	{interval}턴마다 레벨에서 무작위 오브젝트가 제거된다
Unoccupied floor and wall tiles adjacent to chasms have a 10% chance to become chasms every {interval} turns	{interval}턴마다, 심연에 인접한 빈 바닥 칸과 벽 칸이 10% 확률로 심연이 된다
Levels contain {mult}x Monster Spawners	레벨의 몬스터 생성기가 {mult}배가 된다
All levels contain {num} rifts	모든 레벨에 {num}개의 균열이 있다
All enemy units have {pct}% HP	모든 적 유닛의 HP가 {pct}%이다
Enemy Spawner health multiplied by 2 and spell cool downs decreased by {cdr}	적 생성기의 HP가 2배가 되고 주문 재사용 대기시간이 {cdr} 감소한다
All enemy units have {shields} extra SH	모든 적 유닛의 보호막이 {shields} 증가한다
All enemy units have {buff}	모든 적 유닛이 {buff} 효과를 가진다
All enemy units respawn as {monster}	모든 적 유닛이 {monster}(으)로 부활한다
A random {pct}% of the crafting selection is removed	제작 선택지의 무작위 {pct}%가 제거된다
A random {pct}% of the spellbook is removed	주문서의 무작위 {pct}%가 제거된다
Only level {level} spells	레벨 {level} 주문만 출현한다
All [{tag_label}:{tag_key}] spells removed	[{tag_label}:{tag_key}] 주문이 모두 제거된다
All level {level} spells removed	레벨 {level} 주문이 모두 제거된다
{val} extra rift rerolls on level completion	레벨 완료 시 균열 재추첨 횟수 +{val}
Each level beyond the first contains an extra enemy wizard	첫 차원을 제외한 각 차원에 적 마법사가 1명 추가된다
Levels contain only {num} SP orbs	레벨에 기술 점수 구슬이 {num}개만 출현한다
Levels contain {num} SP orbs	레벨에 기술 점수 구슬이 {num}개 출현한다
Levels have {num} fewer Memory Orbs	레벨의 기억의 구슬이 {num}개 감소한다
Levels have {num} more SP orbs	레벨의 기술 점수 구슬이 {num}개 증가한다
Each level has {num} extra random high level monsters	각 레벨에 무작위 고레벨 몬스터가 {num}마리 추가된다
Spells have {pct}% {stat}	주문의 {stat}: 기본값의 {pct}%
At the end of each level, lose {val} max HP	각 레벨 종료 시, 최대 HP {val}을(를) 잃는다
More likely to encounter [{tag_label}:{tag_key}] enemies	[{tag_label}:{tag_key}] 적과 더 자주 마주친다
Realms contain an additional {amt} [{tag_label}:{tag_key}] lairs	차원에 [{tag_label}:{tag_key}] 소굴이 {amt}개 추가된다
Spells are free, but only one can be purchased	주문은 무료이지만, 하나만 구매할 수 있다
Each level beyond the 4th has an additional giant monster	4번째 이후의 각 레벨에 거대 몬스터가 1마리 추가된다
Every level reward is a {reward}	모든 레벨 보상이 {reward}이다
When one of your companions dies, they leave your party for good	동료가 죽으면, 영원히 당신의 일행에서 떠난다
Levels will not contain {reward} rewards	레벨에 {reward} 보상이 출현하지 않는다
After you complete a level or reroll rifts, your spells are randomly rerolled\nLevels contain no Memory Orbs	레벨을 완료하거나 균열을 다시 굴린 후, 주문이 무작위로 다시 굴려진다\n레벨에 기억의 구슬이 출현하지 않는다
You have 1 HP\nYour maximum HP cannot be increased	HP가 1이다\n최대 HP를 증가시킬 수 없다
Mordred himself will design your rifts\nThere is only one path forward\nYou will fall	모드레드가 직접 당신의 균열을 설계한다\n나아갈 길은 오직 하나뿐이다\n그대는 쓰러지리라
Monsters may appear up to {mod} levels earlier than they normally would	몬스터가 평소보다 최대 {mod}레벨 일찍 출현할 수 있다
Mega Chest	거대 상자
Levels contain no Components\nSpells cannot be purchased with SP and Equipment cannot be crafted\nEach level contains either a Ruby Heart, a Spell Scroll, or an Equipment Chest\nEach spell and equipment can only appear once	레벨에 재료가 출현하지 않는다\n주문은 기술 점수로 구매할 수 없고 장비는 제작할 수 없다\n각 레벨에 루비 심장, 주문 두루마리, 장비 상자 중 하나가 출현한다\n각 주문과 장비는 한 번만 출현할 수 있다
One spell may be learned for free from this text	이 서적에서 주문을 하나 무료로 습득할 수 있다
Equipment Chest	장비 상자
One piece of equipment may be taken from this chest	이 상자에서 장비를 하나 얻을 수 있다
Take {i}?	{i} 획득을 진행하시겠습니까?
Levels have {num} extra components	레벨에 재료가 {num}개 추가된다
The first level contains {num_chests} mega chests, containing every piece of craftable equipment	첫 번째 레벨에 {num_chests}개의 거대 상자가 출현하며, 제작 가능한 모든 장비를 담고 있다
There will be no level rewards	레벨 보상이 없다
Begin the game with the {spell} spell	"{spell}" 주문을 소지한 채 게임을 시작한다
You cannot walk	이동할 수 없다
The outer {layers} layers of each level are converted to walls	각 레벨의 외곽 {layers}층이 벽으로 변한다
Limited Spellbook	제한된 주문서
Improviser	즉흥가
Pyromancer	화염술사
Electromancer	번개술사
Cryomancer	빙결술사
Phytomancer	식물술사
Manamancer	마나술사
Sanctumancer	성역술사
Ferromancer	철술사
Hemomancer	혈술사
Oner	단일 주문
Amnesiac	기억상실
Wild Magic	야생 마법
Blood Rites	피의 의식
Flawless	완전무결
Artificer	장인
Scavenger	수집가
Adventuring Party	모험가 일행
Chronomancer	시간술사
Vanguard	선봉
Mordred's Vengeance	모드레드의 복수
BloodRites	피의 의식
GiantSlayer	거인 사냥꾼
Immobilizer	속박 장치
MemoryLeak	메모리 누수
MordredsVengeance	모드레드의 복수
NoRewards	보상 없음
OneSpell	하나의 주문
SpawnWizards	적 마법사 추가
WildMagic	야생 마법
Twilight	황혼
Deals damage in an arc	호 모양으로 피해를 입힌다
Arcane Aura	비전의 오라
Arcane Retaliation	비전의 반격
Corruption Aura	오염의 오라
Dark Aura	암흑 오라
Fire Aura	화염의 오라
Ice Aura	얼음의 오라
Regeneration	재생
Respawn As Gargoyle Statue	가고일 석상으로 재출현
Respawn As Vampire Bat	흡혈박쥐로 재출현
Respawn As Vampire Eye	흡혈귀의 눈으로 재출현
Respawn As Wild Man	야인으로 재출현
Unnamed buff	이름 없는 강화 효과
Respawn As Skull Hornet Queen	해골 말벌 여왕으로 재출현
On the 9th turn of the level, cast Armageddon Blade on allies in your line of sight	레벨의 9번째 턴에, 시야 내의 아군에게 "아마겟돈의 칼날"을 시전한다
Deal damage in a burst around the caster\nApplies 2 turns of [frozen]	시전자 주위에 범위 피해를 입힌다\n2턴의 [빙결:frozen]을 부여한다
Deal damage in a burst around the caster\nApplies 7 turns of [poison]	시전자 주위에 범위 피해를 입힌다\n7턴의 [중독:poison]을 부여한다
Deal damage in a burst around the caster\nEnemies receive [necrosis]\nAllies receive [Regeneration:heal]	시전자 주위에 범위 피해를 입힌다\n적은 [괴사:necrosis]를 받는다\n아군은 [재생:heal]을 받는다
Wizard picked up {component}.	마법사가 {component}을 주웠다.
Aura Damage	오라 피해
Berserk Duration	광폭화 지속
Bonus Cast	추가 시전
Bonus Damage	추가 피해
Fire Damage	화염 피해
Minion Hp	소환수 HP
Push Distance	밀치기 거리
Shot Cooldown	발사 재사용 대기시간
Strikechance	낙뢰 확률
Growth Rate	성장 속도
Radius Buff	반경 버프
Cast Annihilate	"섬멸" 시전
Cast Deathbolt	죽음의 화살 시전
Cast Eye	눈 시전
Cast Icicle	"고드름" 시전
Cast Mercurize	"수은화" 시전
Cast On Walls	벽에 시전
Cast Twos	2레벨 주문 시전
Check Cur Hp	현재 HP 참조
Do Summon	소환하기
Can Self Target	자신 대상 가능
Deal Fire	화염 피해
Deal Lightning	번개 피해
Deal Poison	독 피해
Heal Allies	아군 회복
Inflict Stun	기절 부여
Remove Debuffs	약화 효과 제거
Remove Resistance	저항 제거
Destroy Terrain	지형 파괴
Smart Targeting	영리한 대상 선택
Self Heal	자기 회복
Target Group	집단 대상
Connected Group	연결된 집단
Whole Map	전체 맵
Wall Cast	벽 시전
Resist Arcane	비전 저항
Free Shot	무료 사격
Freeze Group	집단 빙결
bleed	출혈
blind	실명
frozen	빙결
necrosis	괴사
poison	독
resist	저항
sleep	수면
stun	기절
turn	턴
turns	턴
Helmet	투구
Move	이동
Open	열기
Learn	습득
Resist	저항
Healing	회복
Absorb	흡수
Accelerant	촉진제
Aether	에테르
Aggregate	집합
All Weather	전천후
Allied	아군화
Amp	증폭
Angel	천사
Antigen	항원
Applies Buff	버프 부여
Armageddon	종말
Armor	방어구
Armored	장갑
Array	배열
Ash	재
Aura	오라
Awe	경외
Banish	추방
Barrage	탄막
Battery	전지
Beam	광선
Beast	야수
Bend	굴절
Blades	칼날
Blaze	맹화
Blessed	축복받은
Blood Slimes	피의 슬라임
Boil	비등
Boon	은혜
Boost	강화
Box	상자
Brand	낙인
Breach	틈새
Breath	숨결
Bull	황소
Cage	우리
Call	소환
Chain	연쇄
Chain Lightning Watcher	"연쇄 번개" 감시자
Cheater	사기꾼
Chemical Remedy	화학적 치료
Chucker	투척꾼
Circle	원
Comprehensive	완전
Conduction	전도
Conserve	보존
Control	제어
Copies	복제
Copper	구리
Corpse	시체
Corrupt	오염
Coven	마녀단
Cthulhu	크툴루
Curse	저주
Cursed	저주받은
Cycle	순환
Darkswarm	암흑의 무리
Dawnflame	여명의 불꽃
Debt	부채
Defense	방어
Deferred	보류
Degrade	열화
Delay	지연
Demonic	악마의
Detonate	기폭
Detonation	기폭
Devour	포식
Diffusion	확산
Dispersal	분산
Disruption	교란
Domination	지배
Drag	끌어당기기
Dragonflight	용의 비행
Drain	흡수
Drake Call	드레이크 소환
Dual	이중
Echo	잔향
Eclipse	일식
Electric Slimes	전기 슬라임
Embodied	구현
Embrace	포옹
Endless	무한
Energy	에너지
Engulf	삼킴
Essence	정수
Excavate	굴착
Excise	절제
Exile	추방
Expanding	확장
Experience	경험
Explode	폭발
Explosion	폭발
Fear	공포
Fearfaces	공포 얼굴
Feed	먹이
Fiery Aura	화염의 오라
Fish	물고기
Flames	화염
Flaming	타오르는
Flies	파리
Flood	홍수
Flummox	당혹
Forest	숲
Frenzy	광란
Frighten	겁주기
Gate	문
Gather	수집
Ghostly	유령의
Glutton	대식가
Gnomes	노움
Goat	염소
God	신
Grand	장대
Greater Cascade	거대한 "연쇄"
Greed	탐욕
Guard	수호
Hags Eye	마귀할멈의 눈
Hand Of Death	죽음의 손
Harvest	수확
Healing Light Spell	"치유의 빛" 주문
Heart Flame	심장의 불꽃
Heaven	천상
Holy Watcher	신성한 감시자
Homing	유도
Horses	말
Ice Slimes	얼음 슬라임
Icecrush	얼음 분쇄
Icedream	얼음의 꿈
Icy	얼음의
Idolatry	우상 숭배
Ignis	이그니스
Ignition	점화
Illusory	환영의
Immortality	불멸
Immutable	불변
Imps	임프
Intake	흡입
Ionized	이온화
Jolting	충격
Juggernaut	거력
Knockback	넉백
Knot	매듭
Lasers	레이저
Lava	용암
Lensing	렌즈
Lightning Hit	번개 명중
Lives	목숨
Los Hit	시야 내 추가 공격
Lungs	폐
Lycanthrophy	늑대인간화
Mad Hatter	미친 모자장수
Marked For Death	죽음의 표식
Mass	집단
Mass Deathchill	집단 죽음냉기
Mass Immolate	집단 "화형"
Master	달인
Meltflame	용해의 불꽃
Memorial	추모
Metalswarm	금속의 무리
Mirror	거울
Mobile	가동
Momentum	기세
Morph	변형
Mover	이동자
Multi	다중
Nightmare	악몽
Offering	공물
Orbs	구슬
Ouranic	천공의
Overclocked	오버클럭
Pack	무리
Panoply	무구
Parasite	기생
Particle	입자
Party	파티
Personal	개별
Petrified Animation	석화 애니메이션
Pillar	기둥
Pin	고정
Pistons	피스톤
Plague	역병
Plasmoid	플라즈모이드
Pouch	주머니
Promethean	프로메테우스의
Promise	약속
Proton	양성자
Psychic Forest	정신의 숲
Pulse	파동
Puncture	관통
Pupil	제자
Pyrostatic Watcher	화염 정전기 감시자
Quake	진동
Quick	신속
Rabid	광견의
Rage	격노
Rainbow	무지개
Rally	결집
Ravenous	탐욕스러운
Razor	면도날
Rebuke	질책
Refract	굴절
Regen	재생
Regen Shields	보호막 재생
Reinforce	증원
Remote	원격
Renewal	갱신
Repeater	연사
Restless	안식 없는
Returning	귀환
Rime	서리
Ring Of Fire	화염의 고리
Rot	부패
Royal	왕의
Rubble	잔해
Ruby Heart	루비 심장
Salvage	회수
Salvation	구원
Scaling	확장
Scrolls	두루마리
Secret	비밀
Seeker	탐구자
Sentry	파수병
Serrated	톱니
Shards	파편
Share	공유
Shared	공유
Sharp	예리한
Shower	소나기
Sickening	병약
Singularity	특이점
Siphon	흡수
Six	여섯
Smart	영리한
Smithy	대장간
Solidify	고체화
Speaker	대변자
Spirit	정령
Spiritbind	정령 속박
Spreadflame	번지는 불꽃
Spreads	확산
Squad	분대
Stabilize	안정화
Stacking	중첩
Starbeam	별 광선
Starfire Summon	별불꽃 소환
Steel	강철
Stillness	정지
Storm Legion	폭풍 군단
Strip	박탈
Stun	기절
Subzero	극저온
Summon Boggart	보가트 소환
Summon Eyeball	안구 소환
Summon Faery	요정 소환
Summon Rockworms	바위 벌레 소환
Summon Tormentor	고문자 소환
Superheated	과열
Supremacy	패권
Surge	쇄도
Swamp	늪
Tendrils	촉수
Thick	두꺼운
Threshold	임계
Thunder	천둥
Thunderbirds	썬더버드
Touch	접촉
Toxic	독성
Toxicity	독성
Transmute	변성
Tyrant	폭군
Ultimate	궁극
Unquenchable	꺼지지 않는
Vamp	흡혈
Vampire Tax	흡혈의 징수
Venom	독액
Violent	격렬한
Void Slimes	공허의 슬라임
Voidpulse	공허의 파동
Ward	수호
Weathercraft	기상술
Weathered	풍화된
Web	거미줄
Webs	거미줄
Weighted	가중된
Weld	용접
Wheel	바퀴
Wide	넓은
Winter	겨울
Winter Fae	겨울 요정
Wither	시들음
Wizard Army	마법사의 군대
Wormification	벌레화
Tavern	주점
Bookshelf	책장
Arcane Tome	비전의 서
Blood Tome	피의 서
Chaos Tome	혼돈의 서
Conjuration Tome	소환의 서
Dark Tome	암흑의 서
Dragon Tome	용의 서
Enchantment Tome	부여의 서
Eye Tome	눈의 서
Fire Tome	화염의 서
Holy Tome	신성의 서
Ice Tome	얼음의 서
Lightning Tome	번개의 서
Metallic Tome	금속의 서
Nature Tome	자연의 서
Orb Tome	구슬의 서
Ritual Tome	의식의 서
Slime Tome	슬라임의 서
Sorcery Tome	마법의 서
Translocation Tome	이동의 서
Word Tome	주문의 서
Duplication Shrine	복제의 사당
Obtain a duplicate of a piece of equipment you have crafted	제작한 장비의 복제품을 획득
Make a duplicate {i}?	{i} 복제를 진행하시겠습니까?
Shrine of Reformation	개혁의 사당
Permanently remove a spell or piece of equipment\nSpells refund SP\nEquipment refunds components\n\nReusable	주문 또는 장비를 영구히 제거\n주문은 SP를 환급\n장비는 재료를 환급\n\n재사용 가능
Permanently remove {i}?	{i}을(를) 완전히 제거하시겠습니까?
A random spell you know gains all upgrades	습득한 주문 중 무작위 하나가 모든 강화를 얻는다
Shrine of Perfection granted all upgrades to {spell}	완성의 사당이 "{spell}"에 모든 강화를 부여
Shrine of Knowledge	지식의 사당
Sacrifice a component to learn a random spell that shares a tag with it\n\nComponents with more tags grant stronger spells	재료를 희생하여 그것과 태그를 공유하는 무작위 주문을 습득한다\n\n태그가 많은 재료일수록 더 강력한 주문을 부여한다
Sacrifice {component} to learn a random spell that shares a tag with it?	{component}을 희생하여 그것과 태그를 공유하는 무작위 주문을 습득하시겠습니까?
Sacrifice a component to gain a random upgrade for a spell that shares a tag with it\n\nReusable ({remaining} times)	재료를 희생하여 그것과 태그를 공유하는 주문 하나에 무작위 강화 하나를 부여한다\n\n재사용 가능 (남은 {remaining}회)
Evolution Shrine upgraded {spell} with {upgrade}.	진화의 사당이 "{spell}"을 "{upgrade}"로 강화했다.
Sacrifice {component} to gain a random upgrade for {i}?	재료 {component} 희생: "{i}"에 무작위 강화 하나를 부여하시겠습니까?
Dissolution Shrine	용해의 사당
Permanently forget a spell and its upgrades\n\nSpawn random components nearby that share its tags\n\nMore powerful spells yield more components\n\nReusable	주문과 그 강화를 영구히 잊는다\n\n같은 태그를 공유하는 무작위 재료를 근처에 생성\n\n더 강력한 주문일수록 더 많은 재료를 생성\n\n재사용 가능
Completely forget {i} forever?	{i}를 영원히 완전히 잊으시겠습니까?
Sacrifice a component to grant a random one of its tags to a spell you know	재료를 희생해, 그 재료의 태그 중 선택한 주문에 없는 태그 하나를 무작위로 부여한다.
Sacrifice {component} to add one of its tags to {i}?	{component}을 희생하여 그 태그 중 하나를 {i}에 추가하시겠습니까?
One of your spells gains a cooldown equal to its level\nThis costs SP is equal to the spell's level\nIt no longer uses charges	주문 하나에 주문 레벨과 같은 턴 수의 재사용 대기시간이 생긴다\n주문 레벨만큼 SP를 소모한다\n해당 주문은 더 이상 사용 횟수를 소모하지 않는다
Shrine of Spiders	거미의 사당
Gain the [Spider] tag\nSpawn [3:num_targets] webs each turn on adjacent tiles\nWebs will no longer immobilize you\nWhen you cast a [Translocation] spell targeting a web, refund 1 charge of that spell and consume the web	[거미:spider] 태그를 획득한다\n매 턴 인접한 타일에 거미줄 [3:num_targets]개를 생성한다\n이제 거미줄에 걸리지 않는다\n거미줄을 대상으로 [이동:translocation] 주문을 시전하면, 해당 주문을 1회 충전하고 거미줄을 소모한다
Shrine of Necromancy	강령술의 사당
One spell may be learned for free	주문 하나를 무료로 습득할 수 있다
A place where adventurers gather	모험가들이 모이는 장소
Acquire {i} as a permanent companion?	{i}를 영구적인 동료로 얻으시겠습니까?
A shelf of tomes to further the wizard's learning	마법사의 지식을 넓혀 줄 서적이 꽂힌 책장
Acquire {i}?	{i} 획득을 진행하시겠습니까?
Rare Component	희귀 재료
Spell Scroll	주문 두루마리
Vault Portal	금고 포털
Spider Shrine	거미의 사당
Soul Shrine	영혼의 사당
Gain the [Undead] tag\nYou gain 100% [Dark] resistance and lose 100% [Holy] resistance\n[Dark] Spells and Equipment gain +100% [max charges:max_charges]\nLearning a [Dark] spell refunds half its SP cost	[언데드:undead] 태그를 획득한다\n[암흑:dark] 저항이 100% 증가하고, [신성:holy] 저항이 100% 감소한다\n[암흑:dark] 주문과 장비의 [최대 사용 횟수:max_charges]가 100% 증가한다\n[암흑:dark] 주문을 배우면 소비한 SP의 절반을 돌려받는다
Shrine of Perfection	완성의 사당
Evolution Shrine	진화의 사당
Spellgraft Shrine	주문 접목의 사당
Chronomancy Shrine	시간술의 사당
Learn {spell}?	"{spell}" 주문을 습득하시겠습니까?
Scroll of Spells	주문의 두루마리
Vault of Arachnea	아라크네아의 금고
Horrifying spider-kin lurk within.	끔찍한 거미족이 이곳에 숨어 있다.
Vault of Slime	슬라임의 금고
Twisted wizardry draws forth an ancient and alien mockery of life here	뒤틀린 마법이 이곳에서 생명을 조롱하는 고대의 이형 존재를 탄생시켰다.
Reselect Last Spell	마지막 주문 다시 선택
Decrease Anim Speed	애니메이션 속도 낮추기
Increase Anim Speed	애니메이션 속도 높이기
Show Threatening Enemies	위협하는 적 표시
<<<< Previous Turn	<<<< 이전 턴
Next Turn >>>>	다음 턴 >>>>
Wardrobe: {cur} of {total}	옷장: {cur}/{total}
Wardrobe: {outfit}	옷장: {outfit}
Level {level} - Turn {turn}	레벨 {level} - {turn}턴
No valid mod folders found in mods.	mods 폴더에서 유효한 모드 폴더를 찾지 못했습니다.
({key}) or click to type	({key}) 또는 클릭하여 입력
Stuns [Dark] units for 2 turns	[암흑:dark] 유닛을 2턴 동안 기절시킨다
When [Slime] allies are summoned, they cast a random level 1 spell you know that they share a tag with	[슬라임:slime] 아군이 소환되면, 당신이 배운 1레벨 주문 중 자신과 태그를 공유하는 무작위 주문을 시전한다
When you cast a [Nature] spell, you and your [Living] allies heal [5 HP:heal]	[자연:nature] 주문을 시전하면, 당신과 [생물:living] 아군이 [5 HP:heal]를 회복한다
When you manually cast an [Arcane] spell, gain [1 SH:shields]	[비전:arcane] 주문을 수동으로 시전하면, [보호막 1개:shields]를 얻는다
When an enemy takes [Dark] damage, up to [{num_targets}:num_targets] enemies in line of sight within [{radius}:radius] tiles take that much [Lightning] damage	적이 [암흑:dark] 피해를 받으면, 그 적으로부터 [{radius}:radius]칸 이내이면서 그 적의 시야 내에 있는 적 최대 [{num_targets}:num_targets]명이 같은 양의 [번개:lightning] 피해를 받는다
Mini Idol of Vampirism	흡혈의 작은 우상
Heal for half of the damage you deal	입힌 피해의 절반만큼 회복한다
Mini Idol of Agony	고통의 작은 우상
Redeal non-[Poison] damage you deal as [Poison] damage	[독:poison] 이외의 피해를 입히면, 같은 양의 [독:poison] 피해를 추가로 입힌다
Mini Idol of Invincibility	무적의 작은 우상
Each turn, gain [1 SH:shields]	매 턴 [보호막 1개:shields]를 얻는다
Mini Idol of Rebirth	환생의 작은 우상
Each turn, one of your allies gains the ability to reincarnate	매 턴 아군 하나가 환생 능력을 얻는다
Allies in line of sight lose all debuffs, gain 3 [SH:shields] and are healed for [100 HP:heal]	시야 내의 아군이 모든 약화 효과를 제거하고, [보호막:shields] 3을 얻으며, [100 HP:heal]를 회복한다
Unidentified Concoction	정체불명의 혼합물
Deals damage of a random type, inflicts a random debuff for {duration} turns	무작위 유형의 피해를 입히고, {duration}턴 동안 무작위 약화 효과를 부여한다
Restorative Concoction	회복 혼합물
Remove a debuff from the target and heal them for [{heal} HP:heal]	대상의 약화 효과 하나를 제거하고 [{heal} HP:heal]를 회복시킨다
Brewed Concoctions	조제한 혼합물
When the Alchemist casts Restorative Concoction or Unidentified Concoction, they cast it an additional time for free	연금술사가 회복 혼합물이나 정체불명의 혼합물을 시전하면, 비용 없이 한 번 더 시전한다
Channel for {max_channel} turns, then gain a stack of Brewed Concoctions	{max_channel}턴 동안 지속 시전한 뒤, 조제한 혼합물을 1중첩 얻는다
Remove all debuffs from an ally and restore them to full health	아군 하나의 모든 약화 효과를 제거하고 HP를 완전히 회복시킨다
When a [Living] ally dies, teleport to their location and take an extra turn	[생물:living] 아군이 죽으면, 그 위치로 순간이동하고 추가 턴을 얻는다
When a [Demon] or [Living] unit dies, heal [2 HP:heal]	[악마:demon] 또는 [생물:living] 유닛이 죽으면, [2 HP:heal]를 회복한다
When an enemy dies to [Ice] or [Lightning] damage, gain [1 SH:shields]	적이 [얼음:ice] 또는 [번개:lightning] 피해로 죽으면, [보호막 1개:shields]를 얻는다
Gain [1 SH:shields] each turn, up to a max of 3	매 턴 [보호막 1개:shields]를 얻는다. 최대 3까지 얻을 수 있다
When a [Living] unit dies, heal [5 HP:heal]	[생물:living] 유닛이 죽으면, [5 HP:heal]를 회복한다
Each turn, heal [5 HP:heal]	매 턴 [5 HP:heal]를 회복한다
When you take damage, gain [1 SH:shields]	피해를 받으면, [보호막 1개:shields]를 얻는다
When a [Living] unit dies, gain [1 SH:shields], up to a max of 4	[생물:living] 유닛이 죽으면, [보호막 1개:shields]를 얻는다. 최대 4까지 얻을 수 있다
Each turn, heal [3 HP:heal] unless you moved	매 턴 이동하지 않았다면 [3 HP:heal]를 회복한다
When you take a step, gain [1 SH:shields]	한 칸 이동할 때마다 [보호막 1개:shields]를 얻는다
When a unit is [frozen], heal [2 HP:heal]	유닛이 [빙결:frozen] 상태가 되면, [2 HP:heal]를 회복한다
Each turn, enemies adjacent to your [Living] and [Nature] allies are [poisoned] for [{duration}:duration] turns	매 턴 [생물:living] 및 [자연:nature] 아군에 인접한 적에게 [{duration}:duration]턴 동안 [중독:poisoned]을 부여한다
Each turn, [Undead] allies heal [3 HP:heal]	매 턴 [언데드:undead] 아군이 [3 HP:heal]를 회복한다
At the beginning of each level, gain [{duration}:duration] turns of Clarity	각 레벨 시작 시 [{duration}:duration]턴 동안 명료를 얻는다
When you cast an [Eye] spell, gain [3 SH:shields], up to a max of 20	[눈:eye] 주문을 시전하면, [보호막 3개:shields]를 얻는다. 최대 20까지 얻을 수 있다
When you spend HP, deal that much [Physical] damage to up to [{num_targets}:num_targets] enemies in your line of sight	HP를 소모하면, 시야 내의 적 최대 [{num_targets}:num_targets]명에게 소모한 만큼의 [물리:physical] 피해를 입힌다
When you cast a spell, pay [3 HP:blood] to gain [1 SH:shields]	주문을 시전하면, [3 HP:blood]를 지불하여 [보호막 1개:shields]를 얻는다
When an enemy heals or takes damage they are [stunned] for [{duration}:duration] turns	적이 회복하거나 피해를 받으면, [{duration}:duration]턴 동안 [기절:stunned]한다
When an enemy dies to [Poison] damage, summon a Giant Spider nearby	적이 [독:poison] 피해로 죽으면, 근처에 거대 거미를 소환한다
If you would take [Lightning] damage, that damage is instead redirected to a random enemy in line of sight	[번개:lightning] 피해를 받게 되면, 그 피해를 대신 시야 내의 무작위 적에게 전달한다
When an enemy is soaked, they are [poisoned] for [{duration}:duration] turns	적이 젖음 상태가 되면, [{duration}:duration]턴 동안 [중독:poisoned]을 부여한다
Damage you take reduces your resistance to that damage type by the same amount	피해를 받으면, 해당 피해 유형에 대한 저항이 받은 피해량만큼 감소한다
When you deal damage to an adjacent enemy, heal yourself and allies in your line of sight for [3 HP:heal]	인접한 적에게 피해를 입히면, 당신과 시야 내의 아군이 [3 HP:heal]를 회복한다
When a unit takes damage from [bleed], heal [1 HP:heal]	유닛이 [출혈:bleed] 피해를 받으면, [1 HP:heal]를 회복한다
When you teleport, gain [2 SH:shields]	순간이동하면, [보호막 2개:shields]를 얻는다
Each turn, [Holy] allies within [{radius}:radius] tiles take an extra turn	매 턴 [{radius}:radius]칸 이내의 [신성:holy] 아군이 추가 턴을 얻는다
When you step diagonally, if you are able, take another step in that same direction	대각선으로 한 칸 이동하면, 가능할 경우 같은 방향으로 한 칸 더 이동한다
When you step orthogonally, if you are able, take another step in that same direction	상하좌우로 한 칸 이동하면, 가능할 경우 같은 방향으로 한 칸 더 이동한다
Target is pushed 1 tile away	대상을 1칸 밀어낸다
Bishop Boots	비숍 장화
Castellan Clogs	성주의 나막신
Backtrackers	되돌림 장화
Archangel's Halo	대천사의 광륜
Artificer's Abacus	장인의 주판
Artificer's Hammer	장인의 망치
Artificer's Mirror	장인의 거울
Shattering Frost Manual	분쇄하는 서리의 비전서
Warlord Banner	장군의 깃발
Spider Form	거미 형상
Harmony	화음
Discord	불협화음
Encore	앙코르
Bard	음유시인
Brew Concoctions	혼합물 조제
Alchemist	연금술사
Spear Charge	창 돌격
Restore	회복
Valkyrie's Oath	발키리의 맹세
Valkyrie	발키리
Guardians of Madness	광기의 수호자들
Summon [{num_summons}:num_summons] temporary Mind Devourers, Floating Eyeballs, and Troublers at random locations	무작위 위치에 일시적인 정신 포식자, 부유하는 안구, 교란자를 각각 [{num_summons}:num_summons]명씩 소환한다
Giant Spider Queen	거대 거미 여왕
Baby Giant Spider	아기 거대 거미
Aether Spider Queen	에테르 거미 여왕
Baby Aether Spider	아기 에테르 거미
Steel Spider Queen	강철 거미 여왕
Baby Steel Spider	아기 강철 거미
[Y:shields]: Show threatening enemies	[Y:shields]: 위협하는 적 표시
Hover over a tag filter in the Spell or Equipment shop to see your current mastery for that tag	주문 또는 장비 상점에서 태그 필터에 커서를 올리면 해당 태그의 현재 숙련도를 볼 수 있다
Lava Cage	용암 우리
The Haemanthus	해만투스
At the beginning of each level summon [{num_summons}:num_summons] {name}s\nThe {name}s gain bonus HP equal to the the product of your {tag1} and {tag2} masteries	레벨 시작 시 [{num_summons}:num_summons]마리의 {name}을(를) 소환한다\n{name}은(는) {tag1} 숙련도와 {tag2} 숙련도의 곱만큼 추가 HP를 얻는다
\n{tag1}: {mastery1}\n{tag2}: {mastery2}\nBonus HP: {prod}	\n{tag1}: {mastery1}\n{tag2}: {mastery2}\n추가 HP: {prod}
If you Teleport adjacent to an enemy who could not see your original location, attempt to assassinate them, inflicting [{damage}:damage] [Arcane] damage and [{duration}:duration] turns of [silence]\nIf this kills an enemy, the Teleport charge is refunded	당신의 원래 위치를 볼 수 없었던 적에게 인접하도록 "순간이동"하면, 암살을 시도하여 [{damage}:damage]의 [비전:arcane] 피해를 입히고 [{duration}:duration]턴 동안 [침묵:silence]시킨다\n이 효과로 적을 처치하면 "순간이동"의 사용 횟수를 1 회복한다
Lingering Form	지속되는 형상
Clouds summoned by Lightning Storm deal damage every turn	"번개 폭풍"이 소환한 구름은 매 턴 피해를 입힌다
Escalating Fury	고조되는 격노
Allies' spells gain [{minion_damage}:minion_damage] [damage], instead of a flat 6	아군의 주문은 고정 6 대신 [{minion_damage}:minion_damage]의 [피해:damage]를 얻는다
Affected units receive a damage aura that deals [{damage}:damage] [Fire] damage to enemies within [{radius}:radius] tiles each turn\nAffected units explode on death, dealing [{damage}0:damage] [Fire] damage to units within [{radius}:radius] tiles	영향을 받은 유닛은 매 턴 [{radius}:radius]칸 이내의 적에게 [{damage}:damage]의 [화염:fire] 피해를 입히는 피해 오라를 얻는다\n영향을 받은 유닛은 죽을 때 폭발하여 [{radius}:radius]칸 이내의 유닛에게 [{damage}0:damage]의 [화염:fire] 피해를 입힌다
Mystic Vision also lets you ignore line of sight requirements for casting spells	"신비의 환영"은 주문 시전 시 시야 조건도 무시하게 해 준다
Touch of Death hits up to [{num_targets}:num_targets] more targets adjacent to the caster	"죽음의 손길"이 시전자와 인접한 대상을 최대 [{num_targets}:num_targets]명 더 적중한다
[Demon] enemies adjacent to your original location are killed\n\nDoes not affect giant units	원래 위치에 인접한 [악마:demon] 적을 처치한다\n\n거대 유닛에게는 영향을 주지 않는다
When you manually cast Magic Missile, up to [{num_targets}:num_targets] additional missiles are fired by [Arcane] allies in line of sight of the target	"마법 미사일"을 직접 시전하면, 대상의 시야 내에 있는 [비전:arcane] 아군들이 추가 미사일을 최대 [{num_targets}:num_targets]발 발사한다
Hatred of Life	생명 혐오
Other [Living] units take [{damage}:damage] [Poison] damage	다른 [생물:living] 유닛이 [{damage}:damage]의 [독:poison] 피해를 받는다
Word of Dominion	지배의 주문
Cast Dominate on all legal targets for it after you cast this spell\nUses Dominate's range and line of sight requirements	이 주문을 시전한 후 "지배"의 유효 대상 모두에게 "지배"를 시전한다\n"지배"의 사거리와 시야 조건을 적용한다
Vampiric Word	흡혈의 주문
You heal for any max HP reduction inflicted by Word of Undeath	"불사의 주문"으로 감소시킨 최대 HP만큼 회복한다
Word of Destruction	파괴의 주문
If you cast Word of Chaos on the 9th turn of the level, the damage and resist stripping effects of the spell affect all enemies instead of only those with specific tags	레벨의 9번째 턴에 "혼돈의 주문"을 시전하면, 주문의 피해와 저항 제거 효과가 특정 태그를 가진 적 대신 모든 적에게 적용된다
Stunning Word	기절의 주문
Word of Chaos will always [stun] enemies instead of inflicting [berserk] or [fear]	"혼돈의 주문"은 [광폭화:berserk]나 [공포:fear]를 부여하는 대신 항상 적을 [기절:stun]시킨다
Animated Chaos	살아 움직이는 혼돈
When Word of Chaos kills a unit, summon a Chaos Spirit at their location	"혼돈의 주문"이 유닛을 처치하면 그 위치에 혼돈의 정령을 소환한다
Echoing Chaos	메아리치는 혼돈
Auto recasts in 10 turns	10턴 후 자동으로 재시전된다
Venomous Word	맹독의 주문
If Word of Beauty would heal an enemy, they are first [poisoned] for [{duration}:duration] turns	"아름다움의 주문"이 적을 회복시키려 하면, 먼저 그 적을 [{duration}:duration]턴 동안 [중독:poisoned]시킨다
Echoing Beauty	메아리치는 아름다움
Auto recast in 10 turns	10턴 후 자동으로 재시전된다
Divine Symmetry	신성한 대칭
Allies that would be healed first have their max HP set equal to the wizard's	회복될 아군의 최대 HP를 먼저 마법사의 최대 HP와 같게 만든다
When you cast Word of Beauty, gain a percent damage bonus to all spells and equipment equal to your maximum health\nThis bonus does not stack and is lost when you take damage or pay HP	"아름다움의 주문"을 시전하면 모든 주문과 장비에 최대 HP와 같은 비율의 피해 보너스를 얻는다\n이 보너스는 중첩되지 않으며 피해를 받거나 HP를 지불하면 사라진다
Howling Void	울부짖는 공허
Deal [{damage}:damage] [Dark] and [Arcane] damage to enemies on or adjacent to chasms	구렁 위 또는 구렁과 인접한 적에게 [{damage}:damage]의 [암흑:dark] 및 [비전:arcane] 피해를 입힌다
Selective Madness	선택적 광기
No longer heals enemies\nNo longer damages or [berserks] allies	더 이상 적을 회복시키지 않는다\n더 이상 아군에게 피해를 입히거나 [광폭화:berserks]시키지 않는다
Echoing Madness	메아리치는 광기
Cursed Vocabulary	저주받은 어휘
This spell's debuff duration is increased by 1 for each other [Dark] or [Word] spell you know	알고 있는 다른 [암흑:dark] 또는 [주문:word] 주문 하나마다 이 주문의 약화 효과 지속 시간이 1턴 증가한다
Dreadful Refrain	공포의 후렴
Litany of Curses deals [{damage}:damage] [Dark] damage before it attempts to apply a debuff	"저주의 연도"는 약화 효과를 부여하기 전에 [{damage}:damage]의 [암흑:dark] 피해를 입힌다
Curse of Inevitability	필연의 저주
If ritual is completed, enemies also receive a permanent debuff that decreases all of their resistances by 1 each turn	의식을 완료하면 적들은 모든 저항이 매 턴 1씩 감소하는 영구 약화 효과도 받는다
Angelic Singers gain the [Dark] tag and can cast your Death Bolt on a 4 turn cooldown\nTheir song now heals only allies and damages only enemies	천사의 가수들이 [암흑:dark] 태그를 얻고 4턴 재사용 대기시간으로 당신의 "죽음의 화살"을 시전할 수 있다\n이들의 노래는 이제 아군만 회복시키고 적에게만 피해를 입힌다
For each cloud created by Blizzard, there is a 25% chance for you to cast Icicle on it each turn	"눈보라"가 생성한 구름마다, 매 턴 25% 확률로 그 구름에 "고드름"을 시전한다
Crystalline Hydra	수정 히드라
Half the damage dealt by the hydra is redealt as [Arcane] damage	히드라가 입힌 피해의 절반을 [비전:arcane] 피해로 다시 입힌다
Hydras heal for any missing HP each turn	히드라는 매 턴 잃은 HP를 모두 회복한다
Double Dragon	쌍룡
Also summons a Hydra in a symmetrical position behind the caster	시전자 뒤쪽의 대칭 위치에도 히드라를 소환한다
Orochi	오로치
When you cast this spell, if there is room, summon Orochi instead of a Frostfire Hydra	이 주문을 시전할 때 공간이 있다면 "서리불꽃 히드라" 대신 "오로치"를 소환한다
Killer Cold	죽음의 한기
[Ice] damage is dealt to all enemies, not only those with the [Fire] tag	[얼음:ice] 피해가 [화염:fire] 태그를 가진 적뿐만 아니라 모든 적에게 가해진다
Echoing Ice	메아리치는 얼음
Endless Ice	끝없는 얼음
Regain a charge of your other [Ice] spells on cast	시전 시 다른 [얼음:ice] 주문의 충전량을 1 회복한다
Word of Wind	바람의 주문
Casts Chill Wind on up to [{num_targets}:num_targets] random enemies	무작위 적 최대 [{num_targets}:num_targets]명에게 "차가운 바람"을 시전한다
Every 3rd Butterfly summoned has its Void Beam replaced with your Void Beam and its Lightning Beam replaced with your Lightning Bolt	세 번째마다 소환되는 나비는 "공허의 광선"이 당신의 "공허의 광선"으로, 번개 광선이 당신의 "번개 화살"로 교체된다
Golden Wheel	황금 수레바퀴
When you cast this spell, if there is room, summon a Skull Sentry instead of a Golden Skull	이 주문을 시전할 때 공간이 있다면 "황금 해골" 대신 "해골 파수병"을 소환한다
Hellfire Spear	지옥불 창
Bone Spear also deals [Fire] and [Dark] damage	"뼈 창"이 [화염:fire] 및 [암흑:dark] 피해도 입힌다
Osseous Recall	뼈의 귀환
Bone Spear returns to the caster, dealing damage again to units on its path	"뼈 창"이 시전자에게 돌아오며 경로상의 유닛에게 다시 피해를 입힌다
Stunning Spear	기절의 창
Holy Horde	신성한 무리
Arcane Revelation	비전의 계시
Channeling Ritual of Revelation also casts Blazerip on [{num_targets}:num_targets] enemies each turn	"계시의 의식"을 지속 시전하면 매 턴 [{num_targets}:num_targets]명의 적에게 "화염 폭렬"도 시전한다
The Witness	목격자
Channeling Ritual of Revelation also casts Blinding Light each turn	"계시의 의식"을 지속 시전하면 매 턴 "눈부신 빛"도 시전한다
Arbiter's Revelation	심판자의 계시
Instead of False Prophets, summon Arbiters	거짓 예언자 대신 심판자를 소환한다
Bloodshift also deals [Poison] damage	"피의 전환"이 [독:poison] 피해도 입힌다
Unassailable Gates	난공불락의 관문
The spawners have [{shields} SH:shields]	생성기는 [보호막 {shields}개:shields]를 가진다
Aelf Horde	엘프 무리
The spawners' summon cooldown is halved	생성기의 소환 재사용 대기시간이 절반으로 줄어든다
Gate Guards	관문 수호대
Summon a pair of Aelves near each gate immediately	각 관문 근처에 엘프 한 쌍을 즉시 소환한다
Elite Aelves	정예 엘프
The Spawners summon Aelf Lightning Artists instead	생성기가 대신 엘프 번개술사를 소환한다
World Drain	세계 흡수
Four Horsemen	네 기수
Summon all four Horsemen instead of just one	기수 하나 대신 네 기수를 모두 소환한다
Peal of Thunder	천둥의 울림
All enemies are [stunned] for [{duration}:duration] turns when you cast this spell	이 주문을 시전하면 모든 적이 [{duration}:duration]턴 동안 [기절:stunned]한다
White Rider's Seal	백색 기수의 인장
The White Rider can cast your Dominate with no cooldown	백색 기수가 재사용 대기시간 없이 당신의 "지배"를 시전할 수 있다
The Red Rider [berserks] the nearest enemy for [{duration}:duration] turns at the end of each of their turns	적색 기수는 매 턴이 끝날 때 가장 가까운 적을 [{duration}:duration]턴 동안 [광폭화:berserks]시킨다
The Black Rider halves the HP of newly summoned enemies	검은 기수가 새로 소환된 적의 HP를 절반으로 줄인다
Pale Rider's Seal	창백한 기수의 인장
The Pale Rider cannot be killed by damage while the wizard lives	마법사가 살아 있는 동안 창백한 기수는 피해로 죽지 않는다
Boomerang Bolts	부메랑 화살
The bolts return after they reach their target, dealing damage a second time	화살이 대상에게 도달한 뒤 되돌아오며 피해를 한 번 더 입힌다
Toxic Hatred	맹독의 증오
Affected units are also [poisoned] for [{duration}:duration] turns	영향을 받은 유닛은 [{duration}:duration]턴 동안 [중독:poisoned]되기도 한다
Cold Fury	차가운 격노
Hatebolts can also deal [Ice] damage\nIt also deals you an additional 1 [Ice] damage per remaining enemy when you stop channeling	"증오의 화살"이 [얼음:ice] 피해도 입힐 수 있다\n지속 시전을 중단하면 남아 있는 적 하나마다 당신에게 추가로 1의 [얼음:ice] 피해를 입힌다
Ritual of Malevolence	악의의 의식
If you complete the ritual, permanently increase either your [Fire] or [Dark] resistance by 10%	의식을 완료하면 [화염:fire] 또는 [암흑:dark] 저항 중 하나가 영구적으로 10% 증가한다
The [Rain Clouds:nature] created by this spell deal [{damage}:damage] [Poison] damage each turn	이 주문이 생성한 [비구름:nature]은 매 턴 [{damage}:damage]의 [독:poison] 피해를 입힌다
The [Rain Clouds:nature] created by this spell will heal the Wizard and their allies for 10 HP each turn	이 주문이 생성한 [비구름:nature]은 매 턴 마법사와 그 아군의 HP를 10 회복시킨다
The Wizard Replica gains up to three of your level 1 spells and can cast them on a 3 turn cooldown	"마법사 복제체"가 당신의 1레벨 주문을 최대 3개 얻고 3턴 재사용 대기시간으로 시전할 수 있다
Steam Anima	증기 아니마
Shatter also deals [Fire] damage\nWhen Shatter kills a unit, summon a temporary Steam Elemental at its location	"분쇄"가 [화염:fire] 피해도 입힌다\n"분쇄"로 유닛을 처치하면 그 위치에 일시적인 증기 정령을 소환한다
When you manually cast Ride Drake, cast your other [Dragon] [Conjuration] spells nearby	"드레이크 탑승"을 직접 시전하면 근처에 다른 [용:dragon] [소환:conjuration] 주문을 시전한다
Blood Bullet also deals [Holy] damage\nBlood Bullet will penetrate [Dark], [Demon], and [Undead] units	"피의 탄환"이 [신성:holy] 피해도 입힌다\n"피의 탄환"은 [암흑:dark], [악마:demon], [언데드:undead] 유닛을 관통한다
Each turn spent channeling, reset the target's active spell cooldowns	지속 시전하는 각 턴마다 대상의 사용 중인 주문 재사용 대기시간을 초기화한다
Each turn, take [1 Fire:fire] damage	매 턴 [화염 1:fire] 피해를 받는다
At the beginning of each level, Void Drake gains a permanent percentage bonus to [minion_health], [minion_damage], and [minion_range]\nThe bonus is equal to your [Arcane] mastery	각 레벨 시작 시, "공허의 드레이크" 주문의 [소환수 HP:minion_health], [소환수 피해:minion_damage], [소환수 사거리:minion_range]가 영구적으로 증가한다\n증가율(%)은 당신의 [비전:arcane] 숙련도와 같다
Heal yourself and other [Living] units to full health\nDeal [{damage}:damage] [Lightning] damage to [Dark], [Demon] and [Undead] units\n[Arcane] units are [stunned] for [{duration}:duration] turns	자신과 다른 [생물:living] 유닛의 HP를 전부 회복한다\n[암흑:dark], [악마:demon], [언데드:undead] 유닛에게 [{damage}:damage]의 [번개:lightning] 피해를 입힌다\n[비전:arcane] 유닛을 [{duration}:duration]턴 동안 [기절:stunned]시킨다
Target ally gains the ability to reincarnate on death	대상 아군이 사망 시 환생하는 능력을 얻는다
Each turn heal for any missing HP	매 턴 잃은 HP를 모두 회복한다
Summon a Frostfire Hydra	"서리불꽃 히드라"를 소환한다
For every 8 [Dragon] allies that die, regain a charge of Wyrm Eggs\nAlways Active	[용:dragon] 아군이 8체 죽을 때마다 "웜의 알" 사용 횟수를 1 회복한다\n항상 활성
Moon Glaive gains +1 [damage] each time a [Living] or [Nature] ally is summoned\nBonus damage lasts until next realm\nAlways Active\nAdds [Nature] tag	[생물:living] 또는 [자연:nature] 아군이 소환될 때마다 "달의 글레이브"가 [피해:damage] +1을 얻는다\n추가 피해는 다음 차원까지 지속된다\n항상 활성\n[자연:nature] 태그를 추가한다
On the 9th turn of the level, cast Armageddon Blade on allies in your line of sight\nAlways Active	레벨의 9번째 턴에 시야 내의 아군에게 "아마겟돈의 칼날"을 시전한다\n항상 활성
When you cast an [Enchantment] spell other than Lifedrain targeting an enemy, Lifedrain is also cast on that target\nAlways Active	적을 대상으로 "생명력 흡수" 이외의 [부여:enchantment] 주문을 시전하면, 그 대상에게 "생명력 흡수"도 시전한다\n항상 활성
Damage that would be dealt to you is redirected toward your [Demon] allies\nAlways Active	당신이 받을 피해를 [악마:demon] 아군에게 돌린다\n항상 활성
Summon the four Horsemen	네 명의 기수를 소환한다
When one of your [Living] allies dies, a Brain Sapling is summoned nearby\nAlways Active	당신의 [생물:living] 아군이 죽으면 근처에 뇌 묘목을 소환한다\n항상 활성
Each turn, summon [{num_summons}:num_summons] Water Elementals from [Rain Clouds:nature] you control\nAlways Active\nAdds the [Conjuration] tag	매 턴 당신이 조종하는 [비구름:nature]에서 물의 정령 [{num_summons}:num_summons]체를 소환한다\n항상 활성\n[소환:conjuration] 태그를 추가한다
Summon a replica of the wizard with their equipment	마법사의 장비를 갖춘 복제체를 소환한다
Hungering Depths	굶주린 심연
If an enemy dies on or adjacent to a chasm while channeling Dream the Starwhale, cast Hungry Maw at their location	"별고래를 꿈꾸다"를 지속 시전하는 동안 적이 심연 위나 심연에 인접한 곳에서 죽으면, 그 위치에 "굶주린 아가리"를 시전한다
When an allied [Dragon] is summoned, replace their normal melee attack with your Dragon Claw spell\nAlways Active	아군 [용:dragon]이 소환되면, 그 유닛의 일반 근접 공격을 당신의 "용의 발톱" 주문으로 대체한다\n항상 활성
If you do not manually cast a spell on your turn, regain a charge of Dragon Breath\nAlways Active	당신의 턴에 직접 주문을 시전하지 않으면, "용의 숨결" 사용 횟수를 1 회복한다\n항상 활성
The first time you take damage each turn, cast Dragon Roar\nAlways Active	각 턴에 처음 피해를 받을 때 "용의 포효"를 시전한다\n항상 활성
Each turn, cast Sanction on the first unsanctioned enemy that damages you\nAlways Active	매 턴 아직 "신의 징벌"을 받지 않은 적 중 당신에게 가장 먼저 피해를 입힌 적에게 "신의 징벌"을 시전한다\n항상 활성
Each turn you channel this spell, the target unit takes [{num_targets}:num_targets] extra turns	이 주문을 지속 시전하는 매 턴마다 대상 유닛이 추가 턴을 [{num_targets}:num_targets]회 얻는다
Death Blessing	죽음의 축복
Crystalline	결정질
Orochi Regrowth	오로치 재생
Faintly Blowing	희미한 바람
On death, shoot spears of bone in all 8 directions\nEach spear deals 25 [Physical] damage to each tile it passes through until it hits a wall	사망 시 8방향으로 뼈 창을 발사한다\n각 창은 벽에 부딪힐 때까지 지나가는 칸마다 [물리:physical] 피해를 25 입힌다
Spiked Wheel	가시 박힌 바퀴
Deals 3 [Arcane] damage each turn	매 턴 [비전:arcane] 피해를 3 입힌다
On death, afflict the killer with Fae Curse, which deals 3 [Arcane] damage each turn	사망 시 자신을 처치한 대상에게 요정의 저주를 부여한다. 요정의 저주는 매 턴 [비전:arcane] 피해를 3 입힌다
Debuffs that would be applied to this unit are instead delivered to the target of its next attack	이 유닛에게 부여될 약화 효과를 대신 다음 공격의 대상에게 전달한다
Channel for 8 turns, then summon a Gelid Mirror in line of sight	8턴 동안 지속 시전한 후 시야 내에 얼어붙은 거울을 소환한다
Turns an unoccupied adjacent tile into a chasm	비어 있는 인접 칸을 심연으로 바꾼다
Isolate	고립
Void Shielding	공허 보호막
When targeted by a spell, gains [1 SH:shields]	주문의 대상이 되면 [보호막 1:shields]을 얻는다
Piety	신앙심
Sculptor Relocation	조각가의 재배치
Each turn, teleport to the lowest HP allied [Construct]	매 턴 HP가 가장 낮은 아군 [구조물:construct]에게 순간이동한다
Fae Blessing	요정의 축복
Each turn, gain [1 SH:shields] and remove 1 debuff	매 턴 [보호막 1:shields]을 얻고 약화 효과 1개를 제거한다
Willingness	자발적 복종
At the end of each turn, if there are no [Demons:demon] in the level, the Great Faery will ally herself with the Wizard\n\nIf alive at the end of the level, the Great Faery will shrink and become your constant companion	각 턴 종료 시 레벨에 [악마:demon]가 없으면 대요정이 마법사의 아군이 된다\n\n레벨 종료 시 살아 있다면 대요정은 작아져 당신의 영구적인 동료가 된다
Slimed	슬라임 범벅
Each turn, summon a random hostile Slime nearby	매 턴 근처에 무작위 적대적 슬라임을 소환한다
Slime Armor	슬라임 갑옷
On taking damage, changes form to become resistant to that damage type	피해를 받으면 형태를 바꿔 해당 피해 종류에 대한 저항을 얻는다
Gaia's Blessing	가이아의 축복
Each turn, regenerate HP equal to the remaining duration and gain [3 SH:shields]	매 턴 남은 지속 시간만큼 HP를 재생하고 [보호막 3:shields]을 얻는다
When an ally dies, allies gain Gaia's Blessing for 10 turns	아군이 죽으면 아군들이 10턴 동안 가이아의 축복을 얻는다
A bolt of ice shoots forth from allies at a random enemy in their line of sight	아군에게서 얼음 화살이 발사되어 시야 내의 무작위 적을 공격한다
Snow Queen's Gaze	눈의 여왕의 시선
Each turn, summon [Blizzards:ice] over enemy units	매 턴 적 유닛 위에 [눈보라:ice]를 소환한다
Heart of the Blizzard	눈보라의 심장
At 0 HP, transform into Snow Queen, Dethroned and summon Frost Saber	HP가 0이 되면 폐위된 눈의 여왕으로 변신하고 서리 검치를 소환한다
Unseated	폐위
Diamond Aegis	다이아몬드 방패
Immune to debuffs while shielded	보호막이 있는 동안 약화 효과에 면역이 된다
When an enemy takes Ice damage, it has a 50% chance to be [frozen] for 1 turn	적이 얼음 피해를 받으면 50% 확률로 1턴 동안 [빙결:frozen]된다
Permafrost	영구동토
Damages enemies in a wide beam\nIgnores walls\nSlain enemies become walls	넓은 광선으로 적에게 피해를 입힌다\n벽을 무시한다\n처치된 적은 벽이 된다
When an ally dies, attempt to teleport near the killer and take an extra turn	아군이 죽으면 처치자 근처로 순간이동을 시도하고 추가 턴을 얻는다
Royal Guardian	왕실 수호자
On reaching 0 HP, absorb allies and transform into The Sparking Soul\n\nThe Sparking Soul gains [1 SH:shields] for each absorbed ally	HP가 0이 되면 아군을 흡수하고 불꽃 튀는 영혼으로 변신한다\n\n불꽃 튀는 영혼은 흡수한 아군 하나당 [보호막 1:shields]을 얻는다
Recharged	재충전
Sparking Soul	불꽃 튀는 영혼
When targeted by an enemy spell, cast Chain Lightning on the caster	적이 이 유닛을 대상으로 주문을 시전하면, 이 유닛이 그 적에게 "연쇄 번개"를 시전한다
Electric Engirth	전격 포위
Teleport enemies in line of sight near the caster\nSummon Spark Spirits around them	시전자의 시야 내 적들을 시전자 주변으로 순간이동시킨다\n이어서 대상이 된 적들 주위에 스파크 정령을 소환한다
Perfect Procession	완벽한 행렬
Allies take an extra turn	아군이 추가 턴을 얻는다
Overcharging	과충전
Each turn, doubles the damage of a random spell	매 턴 이 유닛이 가진 피해를 입히는 주문 중 무작위 하나의 피해가 두 배가 된다
Amaru Defense	아마루의 방어
Immune to damage from [Sorcery] and [Enchantment] spells	[마법:sorcery] 및 [부여:enchantment] 주문의 피해에 면역이 된다
Soul Eater	영혼 포식자
Gain the max HP of slain units	죽은 유닛의 최대 HP만큼 자신의 최대 HP가 증가한다
Sanguine Tax	피의 징수
When an enemy casts a spell, inflicts 10 turns of bleed	이 유닛에게 적대적인 유닛이 주문을 시전하면, 그 시전자에게 10턴 동안 출혈을 부여한다
At 0 HP, transforms into Maweth\nThis unit's max HP is added to Maweth's	HP가 0이 되면 마웨스로 변신한다\n이 유닛의 최대 HP가 마웨스의 최대 HP에 더해진다
Maggot Emergence	구더기 출현
Blood Tap	피의 착취
Enemies in line of sight are afflicted with [Blood Tap:blood] for {duration} turns\nCan be channeled for {max_channel} turns	시야 내의 적에게 {duration}턴 동안 [피의 착취:blood]를 부여한다\n{max_channel}턴 동안 지속 시전할 수 있다
Blood Reaping	피의 수확
When a unit with bleed dies, takes an extra turn	출혈 상태인 다른 유닛이 사망하면, 이 유닛이 추가로 1턴 행동한다
Gain the [Spider] tag\nSpawn [{num_targets}:num_targets] webs each turn on adjacent tiles\nWebs will no longer immobilize you\nWhen you cast a [Translocation] spell targeting a web, refund 1 charge of that spell and consume the web	[거미:spider] 태그를 얻는다\n매 턴 인접한 칸에 거미줄 [{num_targets}:num_targets]개를 생성한다\n거미줄이 더 이상 당신을 이동 불가 상태로 만들지 않는다\n거미줄을 대상으로 [이동:translocation] 주문을 시전하면 해당 주문의 사용 횟수를 1 돌려받고 거미줄을 소모한다
Allies within {radius} tiles heal 10 HP each turn for the next {duration} turns\nEnemies within {radius} tiles are put to [sleep] for {duration} turns	{radius}칸 내의 아군이 앞으로 {duration}턴 동안 매 턴 HP를 10 회복한다\n{radius}칸 내의 적을 {duration}턴 동안 [수면:sleep] 상태로 만든다
Allies within {radius} tiles gain Quickcast and Quickstep for the next {duration} turns\nEnemies within {radius} tiles are [berserked] for {duration} turns	{radius}칸 내의 아군이 앞으로 {duration}턴 동안 "빠른 시전"과 빠른 이동을 얻는다\n{radius}칸 내의 적에게 {duration}턴 동안 [광폭화:berserked]를 부여한다
Charge attack\nInflict immobilized for {duration} turns	돌진 공격\n{duration}턴 동안 속박을 부여한다
On the 9th turn of each level, cast Earthquake, Flame Burst, and Storm Burst [{num_targets}:num_targets] times	각 레벨의 9번째 턴에 "지진", "화염 작렬", "스톰 버스트"를 각각 [{num_targets}:num_targets]회 시전한다
Each turn, pay [1 HP:blood] to deal [Dark] [damage] equal to your missing HP to the nearest enemy	매 턴 [HP 1:blood]을 지불하고 가장 가까운 적에게 잃은 HP만큼 [암흑:dark] [피해:damage]를 입힌다
At the beginning of each level, the [{num_targets}:num_targets] enemies with the highest HP are [Voodoo Bound:blood]\nWhen you take damage, [Voodoo Bound:blood] enemies take that damage\nWhen you spend HP, [Voodoo Bound:blood] deals that much [Physical:physical] damage to enemies	각 레벨 시작 시 HP가 가장 높은 적 [{num_targets}:num_targets]명이 [부두에 속박된:blood] 상태가 된다\n당신이 피해를 받으면 [부두에 속박된:blood] 적들도 그 피해를 받는다\n당신이 HP를 소모하면 [부두에 속박된:blood]이 적들에게 그만큼 [물리:physical] 피해를 입힌다
When you pick up a component, trigger the on pickup effect of one of the components used to craft Artificer's Mirror\nIf the picked up component matches one of the components used to craft Artificer's Mirror, gain a copy of it instead	재료를 획득하면 장인의 거울 제작에 사용된 재료 중 하나의 획득 효과를 발동한다\n획득한 재료가 장인의 거울 제작에 사용된 재료 중 하나와 같으면, 대신 그 복제품을 얻는다
Casting a [Dark] spell heals you\nCasting a [Holy] spell removes debuffs from you\nHealing and debuffs removed equal the highest spell level of the opposing school\n[Heal:dark]: [{h}:holy]\n[Debuffs Removed:holy]: [{d}:dark]	[암흑:dark] 주문을 시전하면 HP를 회복한다\n[신성:holy] 주문을 시전하면 약화 효과를 제거한다\n회복량과 제거하는 약화 효과 수는 반대 계열에서 가장 높은 주문 레벨과 같다\n[회복:dark]: [{h}:holy]\n[제거할 약화 효과:holy]: [{d}:dark]
When you take a step, deal [Dark] and [Holy] damage to enemies within [{radius}:radius] tiles\nThe damage dealt of each type is equal to the highest known spell level of the opposing school\n[Dark Damage:dark]: [{h}:holy]\n[Holy Damage:holy]: [{d}:dark]	한 칸 이동할 때마다 [{radius}:radius]칸 내의 적에게 [암흑:dark] 및 [신성:holy] 피해를 입힌다\n각 피해량은 반대 계열에서 알고 있는 가장 높은 주문 레벨과 같다\n[암흑 피해:dark]: [{h}:holy]\n[신성 피해:holy]: [{d}:dark]
Targeting a [Metallic] or [Construct] enemy with a [Lightning] spell inflicts a debuff which reduces their [Lightning] resistance by 25%	[번개:lightning] 주문으로 [금속:metallic] 또는 [구조물:construct] 적을 대상으로 지정하면, 그 적의 [번개:lightning] 저항을 25% 감소시키는 약화 효과를 부여한다
When you cast a [Metallic] spell, gain Galvanic Redirection with duration equal to the spell's level\nGalvanic Redirection redirects incoming [Lightning] damage to a random enemy in line of sight	[금속:metallic] 주문을 시전하면 주문 레벨만큼의 지속 시간을 가진 전류 방향 전환을 얻는다\n전류 방향 전환은 받게 될 [번개:lightning] 피해를 시야 내의 무작위 적에게 돌린다
At the beginning of each turn, pay [1 HP:blood]\nIf you have any debuffs, remove one	각 턴 시작 시 [HP 1:blood]을 지불한다\n약화 효과가 있다면 하나를 제거한다
When [Metallic] or [Construct] allies are summoned, they gain the Galvanic Redirection buff\nGalvanic Redirection causes [Lightning] damage they would take to instead be redirected to a random enemy in their line of sight	[금속:metallic] 또는 [구조물:construct] 아군이 소환되면 전류 방향 전환 강화 효과를 얻는다\n전류 방향 전환은 그들이 받을 [번개:lightning] 피해를 대신 시야 내의 무작위 적에게 돌린다
Gain [7 SH:shields] at the beginning of each level\nWhen an enemy removes one of your shields, deal [{damage}:damage] [Ice] damage to them	각 레벨 시작 시 [보호막 7:shields]을 얻는다\n적이 당신의 보호막을 하나 제거하면 그 적에게 [{damage}:damage]의 [얼음:ice] 피해를 입힌다
When allies are summoned, a burst of energy is released at their location\nAdjacent allies heal [7 HP:heal] while adjacent enemies take [{damage}:damage] [Holy] and [Arcane] damage	아군이 소환되면 그 위치에서 에너지 폭발이 일어난다\n인접한 아군은 [HP 7:heal]을 회복하고 인접한 적은 [{damage}:damage]의 [신성:holy] 및 [비전:arcane] 피해를 받는다
[Metallic] and [Construct] allies gain [2 SH:shields] and [{duration}:duration] turns of [quickstep:translocation] when summoned	[금속:metallic] 및 [구조물:construct] 아군은 소환될 때 [보호막 2:shields]과 [{duration}:duration]턴의 [빠른 이동:translocation]을 얻는다
If you begin your turn somewhere other than where you ended your previous turn, attempt to teleport back to your previous location\nIf that location is occupied, attempt to swap places with the occupying unit\nCannot swap places with giant units	이전 턴을 마친 위치가 아닌 곳에서 턴을 시작하면 이전 위치로 순간이동을 시도한다\n그 위치가 점유되어 있으면 점유한 유닛과 자리를 바꾸려 시도한다\n거대 유닛과는 자리를 바꿀 수 없다
On Craft:\nIf the crafted equipment has the [Translocation] tag, it grants +6 [range] and [max charges:max_charges] to your [Translocation] spells and equipment	제작 시:\n제작한 장비가 [이동:translocation] 태그를 가진다면, 당신의 [이동:translocation] 주문과 장비의 [사거리:range] 및 [최대 사용 횟수:max_charges]를 각각 6 증가시킨다
On Craft:\nIf the crafted equipment has the [damage] attribute, it deals +9 damage	제작 시:\n제작한 장비가 [피해:damage] 속성을 가진다면, 피해를 9 더 준다
On Craft:\nIf the crafted equipment grants the wearer resistances, it grants [SH:shields] equal to your [Holy] mastery at the start of each level	제작 시:\n제작한 장비가 착용자에게 저항을 부여한다면, 각 레벨 시작 시 당신의 [신성:holy] 숙련도만큼 [보호막:shields]을 부여한다
On Craft:\nIf the crafted equipment has the [Chaos] or [Eye] tags, Chimera Eyes grants [Eye] spells you know a random upgrade\n\nIf this component grants one or more upgrades, it is destroyed	제작 시:\n제작한 장비가 [혼돈:chaos] 또는 [눈:eye] 태그를 가진다면, 키마이라의 눈이 습득한 [눈:eye] 주문에 무작위 강화를 부여한다\n\n이 재료가 강화를 하나라도 부여하면 파괴된다
On Craft:\nIf the crafted equipment would provide bonuses to [damage], [duration], [range], or [num_targets], it provides those bonuses to [minion_damage], [minion_duration], [minion_range], or [num_summons] instead	제작 시:\n제작한 장비가 [피해:damage], [지속시간:duration], [사거리:range], 또는 [대상 수:num_targets]에 보너스를 제공한다면, 대신 각각 [소환수 피해:minion_damage], [소환수 지속시간:minion_duration], [소환수 사거리:minion_range], 또는 [소환 수:num_summons]에 그 보너스를 제공한다
Amaranthine Petal	불멸의 꽃잎
On Craft:\nThe crafted equipment grants a +1 [duration] bonus to spells and equipment to each of its tags	제작 시:\n제작한 장비는 자신이 가진 각 태그의 주문과 장비에 [지속시간:duration]+1 보너스를 부여한다
Cursed Rosary	저주받은 묵주
On Craft:\nIf the crafted equipment has the [Dark] or [Ritual] tags, it heals you to full health when you complete a ritual	제작 시:\n제작한 장비가 [암흑:dark] 또는 [의식:ritual] 태그를 가진다면, 의식을 완료할 때 HP를 전부 회복한다
Stormsong Note	폭풍노래 음표
On Craft:\nIf the crafted equipment has the [Ice] tag, it summons [Blizzards:ice] at random locations when you manually cast an [Ice] spell\nIf the crafted equipment has the [Lightning] tag, it summons [Storm Clouds:lightning] at random locations when you manually cast a [Lightning] spell\nThe number of clouds created is equal to the spell's level\nThe [damage] and [duration] of the clouds scale with the equipment	제작 시:\n제작한 장비가 [얼음:ice] 태그를 가진다면, [얼음:ice] 주문을 직접 시전할 때 무작위 위치에 [눈보라:ice]를 소환한다\n제작한 장비가 [번개:lightning] 태그를 가진다면, [번개:lightning] 주문을 직접 시전할 때 무작위 위치에 [폭풍 구름:lightning]을 소환한다\n생성되는 구름 수는 주문 레벨과 같다\n구름의 [피해:damage]와 [지속시간:duration]은 장비에 따라 증가한다
Discarded Homunculi	버려진 호문쿨루스
On Craft:\nIf the crafted equipment has the [num_summons] attribute, it gains +2 [num_summons]	제작 시:\n제작한 장비에 [소환 수:num_summons] 속성이 있다면, [소환 수:num_summons]+2를 얻는다
Polymath's Palimpsest	박식가의 덧쓴 양피지
On Craft:\nIf the crafted equipment has the [Word] tag in its recipe, this is returned to your inventory after being used	제작 시:\n제작한 장비의 제작법에 [주문:word] 태그가 있다면, 이 재료는 사용 후 인벤토리로 돌아온다
Familiar's Collar	사역마의 목줄
On Craft:\nWhen the crafted equipment summons a unit, pay [3 HP:blood] to make it Soulbound to the wizard	제작 시:\n제작한 장비가 유닛을 소환할 때 [HP 3:blood]을 지불하여 그 유닛을 마법사와 영혼 결속시킨다
Skeleton Key	만능 열쇠
On Craft:\nIf the crafted equipment has the [Translocation] tag, gain an additional Rift reroll each level	제작 시:\n제작한 장비가 [이동:translocation] 태그를 가진다면, 레벨마다 균열 재추첨 횟수를 1회 추가로 얻는다
Primordial Ooze	태고의 점액
On Craft:\nIf the crafted equipment has the [Slime] tag, a random spell you know gains the [Slime] tag	제작 시:\n제작한 장비가 [슬라임:slime] 태그를 가진다면, 습득한 무작위 주문 하나가 [슬라임:slime] 태그를 얻는다
Quipu Saga	키푸 서사시
On Craft:\nIf the crafted equipment has the [damage] attribute, at the end of each level it gains +1 [damage]	제작 시:\n제작한 장비에 [피해:damage] 속성이 있다면, 각 레벨 종료 시 [피해:damage]+1을 얻는다
Worldstone Socket	세계석 장착구
On Craft:\nIf the crafted equipment has the [radius] attribute, it gains +2 [radius]	제작 시:\n제작한 장비에 [반경:radius] 속성이 있다면, [반경:radius]+2를 얻는다
Picking up a Memory Orb randomly triggers the on pickup effect of one of the components used to craft Artificer's Chalice	기억의 구슬을 주우면 장인의 성배 제작에 사용한 재료 하나의 획득 효과가 무작위로 발동한다
Ice Wyrm Spirit Armor	얼음 웜 정령의 방어구
The Lodestar	길잡이별
Lightbinder	빛의 결속자
When you enter a level, inflict [bleed] on enemies\nThe duration of the [bleed] is equal to the product of your [Blood] and [Chaos] masteries	레벨에 진입하면 적에게 [출혈:bleed]을 건다\n[출혈:bleed] 지속시간은 자신의 [피:blood] 숙련도와 [혼돈:chaos] 숙련도의 곱과 같다
Arbiter Cage	심판자의 우리
Physical Wyrm Spirit Armor	물리 웜 정령의 방어구
Venom Spit	맹독 뱉기
Dark Wyrm Spirit Armor	암흑 웜 정령의 방어구
A {name} will be your constant companion\nThey will accompany you across the realms to do battle with your foes	{name} 동료가 항상 함께한다\n영역을 넘나들며 적과 싸우는 여정에 동행한다
When you gain a piece of equipment, trigger the on pickup effect of one of the components used to craft Artificer's Hammer\nThe Artificer's Hammer can trigger each of its stored components once per level\n\nRemaining Components: {remaining} / {total}	장비를 얻으면 장인의 망치 제작에 사용한 재료 하나의 획득 효과가 발동한다\n저장된 각 재료의 효과는 레벨마다 한 번씩 발동할 수 있다\n\n남은 재료: {remaining} / {total}
When you spend HP, it is stored in this item\nYou gain a percent damage bonus to [Fire] spells and equipment equal to the amount stored\nResets each level\n[HP Stored:blood]: [{counter}:blood]	HP를 소모하면 소모한 양이 이 장비에 저장된다\n저장된 HP 1당 [화염:fire] 주문과 장비의 피해가 1% 증가한다\n레벨마다 초기화된다\n[저장한 HP:blood]: [{counter}:blood]
Poison Arrow	독화살
Arrow Salvo	화살 일제 사격
Each turn, eat adjacent walls\nHeal [10 HP:heal] for each wall you eat	매 턴 인접한 벽을 먹는다\n먹은 벽 하나당 [HP 10:heal]을 회복한다
Casting spells with tags that match the components used to craft Artificer's Rod recharges it\nOnce all tag requirements are satisfied, trigger the on pickup effect of each of the components used to craft it\nCan activate once per level	장인의 마법봉 제작에 사용한 재료와 태그가 일치하는 주문을 시전하면 충전된다\n필요한 태그를 모두 충족하면 제작에 사용한 각 재료의 획득 효과가 발동한다\n레벨마다 한 번 발동할 수 있다
Gain the [Undead] tag\nLearning a [Dark] spell refunds half its SP cost	[언데드:undead] 태그를 얻는다\n[암흑:dark] 주문을 배우면 소모한 SP의 절반을 돌려받는다
Summon a Blood Slime nearby for every [{minion_health}:minion_health] HP you spend\n[HP Spent:blood]: [{counter}:blood] / [{minion_health}:minion_health]	HP를 [{minion_health}:minion_health] 소모할 때마다 근처에 "피의 슬라임"을 소환한다\n[소모한 HP:blood]: [{counter}:blood] / [{minion_health}:minion_health]
For every [{unit_tag}:{unit_tag_key}] unit that dies, one of your [{spell_tag}] spells regains 1 charge\nAt the end of each level, a Rift containing [{unit_tag}:{unit_tag_key}] enemies is created	[{unit_tag}:{unit_tag_key}] 유닛이 죽을 때마다 자신의 [{spell_tag}] 주문 하나가 사용 횟수를 1회 회복한다\n각 레벨이 끝나면 [{unit_tag}:{unit_tag_key}] 적이 있는 균열이 생성된다
Crimson Power	진홍빛 힘
Hex Bolt	저주의 화살
Poison Wyrm Spirit Armor	독 웜 정령의 방어구
While enemies live, cast Shatter at the end of each turn	살아 있는 적이 있으면 매 턴 종료 시 "분쇄"를 시전한다
Summon a slime of a matching type when you take damage from an enemy\nIf there is no slime which matches the damage type, summon a random slime	적에게 피해를 받으면 해당 피해 유형의 슬라임을 소환한다\n해당 유형의 슬라임이 없으면 무작위 슬라임을 소환한다
For every 50 HP you spend, regain a charge of a random [Blood] spell\n[HP Spent:blood]: [{spent}:blood]	HP를 50 소모할 때마다 무작위 [피:blood] 주문의 사용 횟수를 1회 회복한다\n[소모한 HP:blood]: [{spent}:blood]
Afflicts the target with Necrosis, Poison, or Bleed for 10 turns	대상에게 10턴 동안 괴사, 중독, 출혈 중 하나를 건다
When you manually cast a spell, manipulate the abacus\nIf the spell's level is odd, subtract that many beads\nIf the spell's level is even, add that many beads\nWhen the number of beads on the abacus equals the realm number, reset the abacus and trigger the on pickup effect of one of the components used to craft it\nThe Artificer's Abacus can only be activated while the turn number is less than the realm number\n\nCurrent Beads: {charges}	직접 주문을 시전하면 주판을 조작한다\n주문 레벨이 홀수이면 그만큼 구슬을 뺀다\n주문 레벨이 짝수이면 그만큼 구슬을 더한다\n주판의 구슬 수가 영역 번호와 같아지면 구슬 수를 초기화하고 제작에 사용한 재료 하나의 획득 효과가 발동한다\n현재 턴 수가 영역 번호보다 작을 때만 장인의 주판을 발동할 수 있다\n\n현재 구슬 수: {charges}
When you spend HP, there is a chance to regain a charge of a random [Ice] spell\nThe chance is equal to the HP spent\nIf this fails to reward a charge, the chance accumulates until it succeeds\n[Accumulated Chance:blood]: [{val}%:blood]	HP를 소모하면 일정 확률로 무작위 [얼음:ice] 주문의 사용 횟수를 1회 회복한다\n발동 확률은 소모한 HP와 같다\n사용 횟수를 회복하지 못하면 성공할 때까지 확률이 누적된다\n[누적 확률:blood]: [{val}%:blood]
Holy Wyrm Spirit Armor	신성 웜 정령의 방어구
Silver Bolt	은빛 화살
Casting a spell has a chance to trigger an encore, granting the Bard 1 Reincarnation\nThe chance is equal to the number of allies in line of sight	주문을 시전하면 일정 확률로 앙코르가 발동하여 음유시인이 "환생" 1회를 얻는다\n발동 확률은 시야 안에 있는 아군의 수와 같다
Fire Wyrm Spirit Armor	화염 웜 정령의 방어구
Knight Cage	기사의 우리
\nBleed Duration: [{d}]	\n출혈 지속시간: [{d}]
Lightning Wyrm Spirit Armor	번개 웜 정령의 방어구
Arcane Wyrm Spirit Armor	비전 웜 정령의 방어구
Units explode on death, dealing [Dark] damage to adjacent units\nThe damage dealt is equal to your [Blood] mastery\nYou heal for any damage dealt by this item	유닛이 죽으면 폭발하여 인접한 유닛에게 [암흑:dark] 피해를 입힌다\n피해량은 자신의 [피:blood] 숙련도와 같다\n이 장비로 입힌 피해만큼 HP를 회복한다
At the end of your turn, if at least 10 creatures have died since the last toll, the bell tolls, dealing [{damage}:damage] [Dark], [Holy], and [Physical] damage to enemies within [{radius}:radius] tiles\nDeath Toll : {counter} / {counter_max}	자신의 턴 종료 시, 마지막 종소리 이후 죽은 유닛이 10명 이상이면 종이 울려 [{radius}:radius]칸 안의 적에게 [암흑:dark], [신성:holy], [물리:physical] 피해를 각각 [{damage}:damage] 입힌다\n사망 수: {counter} / {counter_max}
On taking lethal damage, remove all debuffs and heal to full health\nDiscarded after use	치명적인 피해를 받으면 모든 약화 효과를 제거하고 HP를 완전히 회복한다\n효과 발동 후 소모된다
A Great Faery is bound at the heart of a demonic court	악마 궁정의 중심부에 대요정이 속박되어 있다
A fortified goblin warcamp.	견고하게 요새화된 고블린의 군사 야영지.
A mysterious vault.	신비로운 금고.
A sepulchral gauntlet of horrors.	공포가 도사리는 무덤 속 시련의 길.
A volcanic pit inhabited by ferocious dragons.	사나운 용들이 서식하는 화산 구덩이.
An ancient spire ringed by ever watchful guardians.	한시도 경계를 늦추지 않는 수호자들이 둘러싼 고대의 첨탑.
An immortal sculptor labors to perfect his finest creations	불멸의 조각가가 자신의 걸작들을 완성하고자 힘쓰고 있다
Blade Tongue	칼날 혀
Blood Bite	흡혈 물기
Complete the Vault of Arachnea	아라크네아의 금고 완료
Complete the Vault of Flame	화염의 금고 완료
Complete the Vault of Glaciers	빙하의 금고 완료
Complete the Vault of Goblins	고블린의 금고 완료
Complete the Vault of Slime	슬라임의 금고 완료
Complete the Vault of Souls	영혼의 금고 완료
Complete the Vault of Tempests	폭풍의 금고 완료
Complete the Vault of Torment	고통의 금고 완료
Complete the Vault of the Fettered Fae	속박된 요정의 금고 완료
Complete the Vault of the Sculptor	조각가의 금고 완료
Crystalline Frostfire Hydra	결정질 서리불꽃 히드라
Crystalline Orochi	결정질 오로치
Deadly sentries guard frozen hearts in the ruins of an ancient keep.	고대 성채의 폐허에서 치명적인 파수꾼들이 얼어붙은 심장을 지키고 있다.
Defeat every vault	모든 금고 완료
Demon forges and soul crucibles belch flame across a tangled lava tunnel.	뒤얽힌 용암 굴 곳곳에서 악마의 대장간과 영혼의 도가니가 불길을 뿜어낸다.
Divine Hammer	신성한 망치
Elemental Fire	정령의 불꽃
Elemental Starfire	정령의 별불
Glass Seer	유리 예언자
Haunted Casket	유령 들린 관
Idol	우상
Maggot Leech	구더기 거머리
Prince	왕자
Steam Elemental	증기 정령
Steam Shot	증기탄
Stone Shark	돌 상어
Toad Knight	두꺼비 기사
Ursine	곰
Vampire Count Bat	흡혈귀 백작 박쥐
Vault	금고
Vault Seeker	금고 탐색자
Vault of Flame	화염의 금고
Vault of Glaciers	빙하의 금고
Vault of Goblins	고블린의 금고
Vault of Souls	영혼의 금고
Vault of Tempests	폭풍의 금고
Vault of Torment	고통의 금고
Vault of the Fettered Fae	속박된 요정의 금고
Vault of the Sculptor	조각가의 금고
Void Saint	공허의 성인
Win while wearing Codex of Chaotic Evolution, Prism of Shattered Sensations, Cyst of Eternal Bloom, and Orb of Infinite Slaughter	혼돈 진화의 마법서, 산산이 부서진 감각의 프리즘, 영원한 개화의 낭종, 무한 살육의 구슬을 모두 착용한 채 승리
Wyrm	웜
Vault of Tempest	폭풍의 금고
Flame	불꽃
Rot Bolt	부패 화살
Storm Blast	폭풍 폭발
Sharp Edges	날카로운 모서리
Cone attack\nInflicts [frozen] for {duration} turns	부채꼴 공격\n{duration}턴 동안 [빙결:frozen]을 부여한다
For every 100 damage taken, takes an extra turn after its turn ends	누적 피해를 100 받을 때마다 자신의 턴이 끝난 후 추가로 1턴 행동한다
\nExtra Turns: {extra_turns}	\n추가 턴: {extra_turns}
Dominates [Living] non-player enemies and removes [berserk]	플레이어가 아닌 [생물:living] 적을 지배하고 [광폭화:berserk]를 제거한다
Each turn, {chance}% chance to heal for 10% of original max HP\nExcess raises max HP\n\nAt double original max HP, split into 2 {spawn}	매 턴 {chance}% 확률로 최초 최대 HP의 10%를 회복한다\n최대 HP를 초과한 회복량만큼 최대 HP가 증가한다\n\n현재 HP가 최초 최대 HP의 2배에 도달하면 {spawn} 2체로 분열한다
slime drakes	슬라임 드레이크
Gelguts	겔굿
slimes	슬라임
Drains a spell charge	주문 하나의 남은 사용 횟수를 1 줄인다
On hit, inflict a stacking aura that deals 3 [Dark] or [Poison] damage within 3 tiles each turn	명중 시 중첩 가능한 오라를 부여한다. 이 오라는 매 턴 3칸 이내의 유닛에게 [암흑:dark] 또는 [독:poison] 피해를 3 입힌다
Slain [Living] units are raised as Vampires	처치한 [생물:living] 유닛을 흡혈귀로 되살린다
Removes 1 temporary buff\nGains 1 SH per buff removed	일시적 강화 효과 1개를 제거한다\n제거한 강화 효과마다 보호막 1개를 얻는다
Faeries	요정
Inflicts [necrosis] on enemies	적에게 [괴사:necrosis]를 부여한다
On killing a unit, 	유닛을 처치하면 
On dealing damage, 	피해를 입히면 
Deal [Dark] damage to the target each turn for 3 turns\nIf the target dies while under the effect, inflicts [Ice] damage and 3 turns of [frozen] on enemies within 3 tiles	3턴 동안 매 턴 대상에게 [암흑:dark] 피해를 입힌다\n효과가 지속되는 동안 대상이 죽으면 3칸 이내의 적에게 [얼음:ice] 피해를 입히고 3턴 동안 [빙결:frozen]을 부여한다
Mind Maggot Drone	정신 구더기 비행체
Physical Woven	물리 비늘 보호
Fire Woven	화염 비늘 보호
Ice Woven	얼음 비늘 보호
Lightning Woven	번개 비늘 보호
Dark Woven	암흑 비늘 보호
Holy Woven	신성 비늘 보호
Arcane Woven	비전 비늘 보호
Poison Woven	독 비늘 보호
Idol of Piety	신앙심의 우상
Sculptor	조각가
Repair Idol	우상 수리
Gungnir	궁니르
Idol of Invincibility	무적의 우상
Trollet	새끼 트롤
Gryla	그릴라
Suffering	고난
Trollify	트롤화
Great Faery	대요정
Crackler	크래클러
Void Burst	공허 작렬
Curse Bolt	저주 화살
Crackle Bolt	전격 화살
Rainbow Slime	무지개 슬라임
Prismancer	분광술사
Snow Queen, Enthroned	왕좌에 앉은 눈의 여왕
Knights of the Throne	왕좌의 기사단
Snow Queen, Dethroned	폐위된 눈의 여왕
Frost Saber	서리 검치
The Body Electric	전격의 육신
The Sparking Soul	불꽃 튀는 영혼
Amaru	아마루
Sanguine Hierophant	피의 교주
Maweth	마웨스
Ice Lattice	얼음 격자
Frost Aura	서리의 오라
Arrow Barrage	화살 탄막
Maggot Leech Swarm Summon	구더기 거머리 무리 소환
When an ally is slain by an enemy, deal [{damage} Holy:holy] damage to the killer\n\nThis damage increases each turn	아군이 적에게 처치되면 처치자에게 [{damage} 신성:holy] 피해를 입힌다\n\n이 피해는 매 턴 증가한다
Inflict [Shared Pain:blood] on an enemy	적에게 [공유된 고통:blood]을 부여한다
Grant an ally Troll Regeneration	아군에게 트롤 재생을 부여한다
Pushes the target up to 3 tiles away	대상을 최대 3칸 밀어낸다
Summon a {creature} near every enemy	각 적 근처에 {creature} 하나씩 소환한다
On kill, summon a {unit}	처치 시 {unit} 하나를 소환한다
Deals damage in a beam\nIf the target is [frozen], beams shoot toward enemies in line of sight	광선으로 피해를 입힌다\n대상이 [빙결:frozen] 상태이면 대상의 시야 내 적들에게 광선을 발사한다
Damages enemies in a snowflake\nShields allies\nCasts as often as possible	눈송이 모양 범위의 적에게 피해를 입힌다\n아군에게 보호막을 부여한다\n가능한 한 자주 시전한다
Deal damage in an expanding ring each turn\nLasts {duration} turns	매 턴 확장되는 고리 범위에 피해를 입힌다\n{duration}턴 동안 지속된다
If the target survives, they become Mordred's servant	대상이 살아남으면 모드레드의 하수인이 된다
Target's max HP is set equal to their current HP	대상의 최대 HP를 현재 HP와 같게 만든다
Deal {dmg} [Dark] damage per turn\nCaster gains max HP equal to damage dealt	매 턴 {dmg}의 [암흑:dark] 피해를 입힌다\n시전자의 최대 HP가 입힌 피해만큼 증가한다
Enemies receive [necrosis]	적에게 [괴사:necrosis]를 부여한다
Allies receive [Regeneration:heal]	아군에게 [재생:heal]을 부여한다
Applies 7 turns of [poison]	7턴 동안 [중독:poison]을 부여한다
\nEnemies receive [necrosis]\nAllies receive [Regeneration:heal]	\n적에게 [괴사:necrosis]를 부여한다\n아군에게 [재생:heal]을 부여한다
\nApplies 7 turns of [poison]	\n7턴 동안 [중독:poison]을 부여한다
Void Drake Egg	공허의 드레이크 알
Mind Maggot Queen Egg	정신 구더기 여왕 알
Void Toad Egg	공허의 두꺼비 알
Mind Devourer Egg	정신 포식자 알
Star Swimmer Egg	별의 유영자 알
enemies	적
units	유닛
killer	처치자
enemy melee attackers	근접 공격한 적
clouds	구름
Lightning Aura	번개 오라
Poison Aura	독 오라
Arcane Bolt	비전 화살
Lightning Immunity	번개 면역
Deal damage in a burst around the caster\nIgnores walls	시전자 주변에 폭발 피해를 입힌다\n벽을 무시한다
On death, deal {damage} {dtype_str} damage to units within {radius} tiles	사망 시 {radius}칸 이내의 유닛에게 {dtype_str} 피해를 {damage} 입힌다
On death, grant {buff} to allies	사망 시 아군에게 {buff} 효과를 부여한다
Apply permanent {buff}	영구적으로 {buff} 효과를 부여한다
blink	점멸
hemorrhage	과다 출혈
feared	공포
petrified	석화
glassed	유리화
conductivity	전도성
immobilized	속박
grasping earth	움켜쥐는 대지
stunned	기절
fae blessing	요정의 축복
fae curse	요정의 저주
temporary Spark Spirit	일시적으로 소환된 스파크 정령
temporary Lightning Totem	일시적으로 소환된 번개 토템
temporary Healing Totem	일시적으로 소환된 치유의 토템
Respawn As Spriggan Bush	스프리건 덤불 형태로 재생
Respawn As Icy Spriggan Bush	얼음 스프리건 덤불 형태로 재생
Respawn As Vampiric Mist	흡혈의 안개 형태로 재생
temporary Ghost	일시적으로 소환된 유령
temporary Earth Elemental	일시적으로 소환된 대지 정령
temporary Frostfire Hydra	일시적으로 소환된 서리불꽃 히드라
temporary Lamasu	일시적으로 소환된 라마수
Summon Vampire Bats	흡혈박쥐 소환
Summon Fire Imps	화염의 임프 소환
Summon Spark Imps	스파크 임프 소환
Summon Iron Imps	강철 임프 소환
Wolves	늑대
[Dark:dark]	[암흑:dark]
[Fire:fire]	[화염:fire]
enemy attackers	공격한 적
[Dark:dark] and [Physical:physical]	[암흑:dark] 및 [물리:physical]
Shrine of Haste	가속의 사당
One of your spells gains quickcast	당신의 주문 하나에 빠른 시전을 부여한다
Grant {i} quickcast?	"{i}"에 빠른 시전을 부여하시겠습니까?
One of your spells gains a cooldown equal to its level\nIt no longer uses charges	당신의 주문 하나에 주문 레벨만큼의 재사용 대기시간을 부여한다\n그 주문은 더 이상 사용 횟수를 소모하지 않는다
Bind {i} with Chronomancy?	"{i}"에 시간 마법을 적용하시겠습니까?
Shrine of Offering	공물의 사당
Sacrifice a component to make one of its tags appear more often in future realms	재료 하나를 바쳐 그 재료의 태그 중 하나를 선택한다\n이후 차원에서 해당 태그를 가진 재료가 더 자주 등장한다
Sacrifice {component} to make [{i}] components appear more often?	{component} 재료를 바쳐 [{i}] 태그를 가진 재료가 더 자주 등장하게 하시겠습니까?
Transmutation Shrine	변환의 사당
Transmute a component into a different component that shares a tag with it\n\nReusable ({remaining} times)	재료 하나를 태그가 하나 이상 같은 다른 재료로 변환한다\n\n남은 사용 횟수: {remaining}회
Transmute {component} into {i}?	{component} 재료를 {i} 재료로 변환하시겠습니까?
Search:	검색:
\n\n[{tag_label} Mastery:{tag_key}]: [{mastery}:{tag_key}]	\n\n[{tag_label} 숙련도:{tag_key}]: [{mastery}:{tag_key}]
{cat}: {label}	{cat}: {label}
Hp Cost	HP 소모
Tag	태그
Mastery	숙련도
Physical Vulnerability	물리 취약
Physical Protection	물리 수호
Physical Immunity	물리 면역
Physical Armor	물리 방어구
Fire Vulnerability	화염 취약
Fire Immunity	화염 면역
Fire Armor	화염 방어구
Lightning Vulnerability	번개 취약
Lightning Armor	번개 방어구
Dark Vulnerability	암흑 취약
Dark Immunity	암흑 면역
Dark Armor	암흑 방어구
Poison Vulnerability	독 취약
Poison Immunity	독 면역
Poison Armor	독 방어구
Holy Vulnerability	신성 취약
Holy Immunity	신성 면역
Holy Armor	신성 방어구
Arcane Protection	비전 수호
Arcane Immunity	비전 면역
Arcane Armor	비전 방어구
Ice Vulnerability	얼음 취약
Ice Immunity	얼음 면역
Ice Armor	얼음 방어구
When an enemy takes [Fire] damage, gain that many charges\nOn expiration, deal 1 damage to each enemy in line of sight for every 5 charges\n[Fire] charges: {fire_charges}	적이 [화염:fire] 피해를 받으면 그 피해량만큼 충전량을 얻는다\n만료 시 충전량 5마다 시야 내의 각 적에게 피해 1을 입힌다\n[화염:fire] 충전량: {fire_charges}
When an enemy takes [Fire] damage, gain that many charges\nOn expiration, deal 1 damage to each enemy in line of sight for every 5 charges\n[Fire] charges: {fire_charges}\nOn expiration, summon a Fire Spirit for every 100 [Fire] charges	적이 [화염:fire] 피해를 받으면 그 피해량만큼 충전량을 얻는다\n만료 시 충전량 5마다 시야 내의 각 적에게 피해 1을 입힌다\n[화염:fire] 충전량: {fire_charges}\n만료 시 [화염:fire] 충전량 100마다 화염의 정령을 소환한다
When an enemy takes [Fire] damage, gain that many charges\nOn expiration, deal 1 damage to each enemy in line of sight for every 5 charges\n[Fire] charges: {fire_charges}\nWhen an enemy damages you, deal [{damage}:damage] [Fire] damage to them	적이 [화염:fire] 피해를 받으면 그 피해량만큼 충전량을 얻는다\n만료 시 충전량 5마다 시야 내의 각 적에게 피해 1을 입힌다\n[화염:fire] 충전량: {fire_charges}\n당신에게 피해를 입힌 적에게 [{damage}:damage]의 [화염:fire] 피해를 입힌다
When an enemy takes [Fire] damage, gain that many charges\nOn expiration, deal 1 damage to each enemy in line of sight for every 5 charges\n[Fire] charges: {fire_charges}\nWhen an enemy damages you, deal [{damage}:damage] [Fire] damage to them\nOn expiration, summon a Fire Spirit for every 100 [Fire] charges	적이 [화염:fire] 피해를 받으면 그 피해량만큼 충전량을 얻는다\n만료 시 충전량 5마다 시야 내의 각 적에게 피해 1을 입힌다\n[화염:fire] 충전량: {fire_charges}\n당신에게 피해를 입힌 적에게 [{damage}:damage]의 [화염:fire] 피해를 입힌다\n만료 시 [화염:fire] 충전량 100마다 화염의 정령을 소환한다
When an enemy takes [Fire], [Lightning], or [Physical] damage, gain that many charges\nOn expiration, for each damage type, deal 1 damage to each enemy in line of sight for every 5 charges\n[Fire] charges: {fire_charges}\n[Lightning] charges: {lightning_charges}\n[Physical] charges: {physical_charges}	적이 [화염:fire], [번개:lightning], 또는 [물리:physical] 피해를 받으면 그 피해량만큼 충전량을 얻는다\n만료 시 각 피해 유형의 충전량 5마다 시야 내의 각 적에게 피해 1을 입힌다\n[화염:fire] 충전량: {fire_charges}\n[번개:lightning] 충전량: {lightning_charges}\n[물리:physical] 충전량: {physical_charges}
When an enemy takes [Fire], [Lightning], or [Physical] damage, gain that many charges\nOn expiration, for each damage type, deal 1 damage to each enemy in line of sight for every 5 charges\n[Fire] charges: {fire_charges}\n[Lightning] charges: {lightning_charges}\n[Physical] charges: {physical_charges}\nOn expiration, summon a Fire Spirit for every 100 [Fire] charges	적이 [화염:fire], [번개:lightning], 또는 [물리:physical] 피해를 받으면 그 피해량만큼 충전량을 얻는다\n만료 시 각 피해 유형의 충전량 5마다 시야 내의 각 적에게 피해 1을 입힌다\n[화염:fire] 충전량: {fire_charges}\n[번개:lightning] 충전량: {lightning_charges}\n[물리:physical] 충전량: {physical_charges}\n만료 시 [화염:fire] 충전량 100마다 화염의 정령을 소환한다
When an enemy takes [Fire], [Lightning], or [Physical] damage, gain that many charges\nOn expiration, for each damage type, deal 1 damage to each enemy in line of sight for every 5 charges\n[Fire] charges: {fire_charges}\n[Lightning] charges: {lightning_charges}\n[Physical] charges: {physical_charges}\nWhen an enemy damages you, deal [{damage}:damage] [Fire] damage to them	적이 [화염:fire], [번개:lightning], 또는 [물리:physical] 피해를 받으면 그 피해량만큼 충전량을 얻는다\n만료 시 각 피해 유형의 충전량 5마다 시야 내의 각 적에게 피해 1을 입힌다\n[화염:fire] 충전량: {fire_charges}\n[번개:lightning] 충전량: {lightning_charges}\n[물리:physical] 충전량: {physical_charges}\n당신에게 피해를 입힌 적에게 [{damage}:damage]의 [화염:fire] 피해를 입힌다
When an enemy takes [Fire], [Lightning], or [Physical] damage, gain that many charges\nOn expiration, for each damage type, deal 1 damage to each enemy in line of sight for every 5 charges\n[Fire] charges: {fire_charges}\n[Lightning] charges: {lightning_charges}\n[Physical] charges: {physical_charges}\nWhen an enemy damages you, deal [{damage}:damage] [Fire] damage to them\nOn expiration, summon a Fire Spirit for every 100 [Fire] charges	적이 [화염:fire], [번개:lightning], 또는 [물리:physical] 피해를 받으면 그 피해량만큼 충전량을 얻는다\n만료 시 각 피해 유형의 충전량 5마다 시야 내의 각 적에게 피해 1을 입힌다\n[화염:fire] 충전량: {fire_charges}\n[번개:lightning] 충전량: {lightning_charges}\n[물리:physical] 충전량: {physical_charges}\n당신에게 피해를 입힌 적에게 [{damage}:damage]의 [화염:fire] 피해를 입힌다\n만료 시 [화염:fire] 충전량 100마다 화염의 정령을 소환한다
[{unit}:ally] joined the enemy team due to mutator	[{unit}:ally]이(가) 변이로 인해 적 팀에 합류했다
Levels have {val} more spawners in them	레벨의 생성기가 {val}개 증가한다
Levels have {val} fewer spawners in them	레벨의 생성기가 {val}개 감소한다
Only spells that have the [{tag_label}:{tag_key}] tag can be learned	[{tag_label}:{tag_key}] 태그를 가진 주문만 습득할 수 있다
Only equipment that has the [{tag_label}:{tag_key}] tag can be crafted	[{tag_label}:{tag_key}] 태그를 가진 장비만 제작할 수 있다
Your spells and spell upgrades are removed and no longer available after you complete a level\nSpent SP is refunded	레벨을 완료한 후, 당신의 주문과 주문 강화가 제거되어 더 이상 사용할 수 없게 된다\n소모한 기술 점수는 환급된다
One of your spells is randomly removed and no longer available after you complete a level\nSpent SP is refunded	레벨을 완료한 후, 당신의 주문 하나가 무작위로 제거되어 더 이상 사용할 수 없게 된다\n소모한 기술 점수는 환급된다
The Wizard's spells have a {cd} turn cool down	마법사의 주문에 {cd}턴의 재사용 대기시간이 있다
Each spell has +{cost} HP cost	각 주문의 HP 소모가 {cost} 증가한다
Levels beyond the first contain {num_extra} extra {monster} units	첫 레벨 이후의 각 레벨에 {monster} 유닛이 {num_extra}체 추가로 출현한다
Each time you cast a spell, increase its HP cost by its spell level\nIf it doesn't have an HP cost, it gains one\nResets at the end of each level	주문을 시전할 때마다 그 주문의 HP 소모가 주문 레벨만큼 증가한다\nHP 소모가 없던 주문에도 주문 레벨만큼의 HP 소모가 생긴다\n각 레벨 종료 시 초기화된다
You have {minutes} minutes to finish the run\nYour clock ticks while the game awaits your input\nIf time runs out, you die	런을 {minutes}분 안에 끝내야 한다\n게임이 입력을 기다리는 동안에만 시간은 흐른다\n시간이 다 되면 죽는다
The first level contains {num} {reward} rewards	첫 레벨에 {reward} 보상이 {num}개 출현한다
Archangel	대천사
Crimson	진홍빛
Dragonlord	용의 군주
Galvanic	전류
Plague Doctor	역병 의사
Virtuous Sin	고결한 죄악
Warlord	전쟁군주
Eldritch	이계
Ruinous	파멸
Dream Walker	꿈을 걷는 자
Gazing	응시
Oozing	점액
Chess	체스
Angel Tamer	천사 조련사
Gunslinger	총잡이
Skelemage	해골 마법사
Skull	해골
Ringmaster	곡예단장
Dreamer	몽상가
Death Mage	죽음의 마법사
Prism	프리즘
Spikeball	가시공
Dagger	단검
Pumpkin	호박
Haetae	해태
Blood Beast	피의 야수
Skull Queen	해골 여왕
Big Trouble	거대한 말썽
Fleshy	살덩이
Turtle	거북
Moth	나방
Molten	용융
Bafflement	바포메트
Pope	교황
Gardener	정원사
Snow Queen	눈의 여왕
Hierophant	교주
Split Wizard	갈라진 마법사
Friendship	우정
Wizard Rift	마법사의 균열
Memory	기억
Clown	광대
Unquenchable Flame	꺼지지 않는 불꽃
Attrition	소모전
Awestruck	경악
BonusRerolls	균열 재생성 추가
Confinement	감금
Crumbling	붕괴
DamageDebuff	피격 시 약화
EnemyBuff	적 강화 효과
EnemyResistance	적 저항
EnemyShields	적 보호막
EquipmentTagRestriction	장비 태그 제한
ExtraComponents	추가 재료
ExtraElites	추가 정예
ExtraSpawns	추가 적
FewerSpawners	생성기 감소
FixedRewards	고정 보상
Forgetful	건망증
HarderMonsters	강한 적
LevelOneMegaChests	첫 지역 거대 상자
LevelOneRewards	첫 지역 보상
MonsterHPMult	적 HP 배율
MoreSpawners	생성기 증가
NumPortals	균열 수
PlayerVulnerability	플레이어 취약성
RandomEquipmentRestriction	무작위 장비 제한
RandomSpellRestriction	무작위 주문 제한
RemoveRewards	보상 제거
RespawnAsMutator	다른 모습으로 부활
SpBonus	기억 구슬 증가
SpPenalty	기억 구슬 감소
SpPerLevel	지역별 기억 구슬
SpellCooldowns	주문 재사용 대기시간
SpellHPCostAdd	주문 HP 비용 추가
SpellLevelElimination	특정 레벨 주문 제외
SpellLevelRestriction	주문 레벨 제한
SpellStatMultiplier	주문 능력치 배율
SpellTagElimination	특정 태그 주문 제외
SpellTagRestriction	주문 태그 제한
SuperSpawners	강화 생성기
Thieving	도둑질
Treachery	배신
Weather	날씨
Fulminite Retribution	뇌석의 응징
Blizzards	눈보라
Unleash over 1000 daggers	단검을 1,000개 넘게 발사한다
Defeat Mordred while falling to 0 HP	자신의 HP가 0이 되는 동시에 모드레드 처치
Make Mordred your ally	모드레드를 아군으로 만든다
Win after rerolling every realm	모든 지역에서 균열을 재생성한 뒤 승리
Win with exactly 1 unspent SP	사용하지 않은 SP를 정확히 1 남기고 승리
Create an infinite spell cast loop	주문이 무한히 연쇄 시전되게 한다
Win 10 Improviser runs in a row	즉흥가 모드에서 10회 연속 승리
Complete the Pyromancer trial	화염술사 시련 완료
Complete the Electromancer trial	번개술사 시련 완료
Complete the Cryomancer trial	빙결술사 시련 완료
Complete the Necromancer trial	사령술사 시련 완료
Complete the Phytomancer trial	식물술사 시련 완료
Complete the Manamancer trial	마나술사 시련 완료
Complete the Sanctumancer trial	성역술사 시련 완료
Complete the Ferromancer trial	철술사 시련 완료
Complete the Hemomancer trial	혈술사 시련 완료
Complete the Chronomancer trial	시간술사 시련 완료
Complete the Mordred's Vengeance trial	모드레드의 복수 시련 완료
Win while wearing every piece of the Archangel equipment	대천사 장비를 모두 착용하고 승리
Win while wearing every piece of the Crimson equipment	진홍빛 장비를 모두 착용하고 승리
Win while wearing Chaos Scale Crown, Dragonspine Cloak, Drakenstaff, and Wyrm Spirit Armor	혼돈의 비늘 왕관, 용등뼈 망토, 드레이크의 지팡이, 웜 정령의 방어구 착용 상태로 승리
Win while wearing every piece of the Galvanic equipment	전류 장비를 모두 착용하고 승리
Win while wearing Hellfire Mantle and Ghostfire Scepter	지옥불 망토, 영혼불 홀 착용 상태로 승리
Win while wearing every piece of the Plague Doctor equipment	역병 의사 장비를 모두 착용하고 승리
Win while wearing every piece of the Twilight equipment	황혼 장비를 모두 착용하고 승리
Win while wearing every piece of the Virtuous Sin equipment	고결한 죄악 장비를 모두 착용하고 승리
Win while wearing every piece of the Warlord equipment	전쟁군주 장비를 모두 착용하고 승리
Win while wearing Eldritch Mantle and Skybreaker Array	이계의 망토, 하늘파괴자 진형 착용 상태로 승리
Win while wearing Dream Thief Diadem, Psychopomp Staff, and Hypno Bauble	꿈 도둑의 보관, 영혼 인도자의 지팡이, 최면의 장신구 착용 상태로 승리
Win while wearing Talking Hat and Enchantment Staff	말하는 모자, 부여의 지팡이 착용 상태로 승리
Win while wearing Eye Helm, Balor's Eye Staff, and Raiment of Eyes	눈의 투구, 발러의 눈 지팡이, 눈의 의복 착용 상태로 승리
Win while wearing Slimebirth Cantromancy, Macrophagic Mask, and Slimy Voodoo Mantle	슬라임 탄생술, 대식의 가면, 끈적이는 부두 망토 착용 상태로 승리
Win while wearing Bishop Boots and Castellan Clogs	비숍 장화, 성주의 나막신 착용 상태로 승리
Win while wearing Arbiter Cage	심판자의 우리 착용 상태로 승리
Win with a fully upgraded Blood Bullet	"피의 탄환"의 모든 강화를 습득한 상태로 승리
Win with a fully upgraded Death Bolt	"죽음의 화살"의 모든 강화를 습득한 상태로 승리
Win with a fully upgraded Golden Skull	"황금 해골"의 모든 강화를 습득한 상태로 승리
Win with a fully upgraded Leghead	"다리머리"의 모든 강화를 습득한 상태로 승리
Win with a fully upgraded Prison of Thorns	"가시의 감옥"의 모든 강화를 습득한 상태로 승리
Win with a fully upgraded Carnival of Pain	"고통의 축제"의 모든 강화를 습득한 상태로 승리
Win with a fully upgraded Dream the Starwhale	"별고래를 꿈꾸다"의 모든 강화를 습득한 상태로 승리
Win with a fully upgraded Torrent	"급류"의 모든 강화를 습득한 상태로 승리
Win with a fully upgraded Wheel of Death	"죽음의 수레바퀴"의 모든 강화를 습득한 상태로 승리
Win with a fully upgraded Immolate	"화형"의 모든 강화를 습득한 상태로 승리
Win with a fully upgraded Prismatic Beam	"무지갯빛 광선"의 모든 강화를 습득한 상태로 승리
Win with a fully upgraded Spikeball Factory	"가시 공 공장"의 모든 강화를 습득한 상태로 승리
Defeat The Great Pumpking	위대한 펌프킹 처치
Defeat Haetae Golem	해태 골렘 처치
Defeat Taurokelevee	타우로켈레비 처치
Defeat Skull Hornet Queen	해골 말벌 여왕 처치
Defeat Ultimate Troubler	궁극의 교란자 처치
Defeat Yggdrasil	위그드라실 처치
Defeat Flesh Colossus	살덩이 거상 처치
Defeat Giant Nightmare Turtle	거대 악몽 거북 처치
Defeat Mothgod	나방 신 처치
Defeat Molten Devourer	녹은 포식자 처치
Defeat Bafflement	바포메트 처치
Defeat Ophan	오판 처치
Defeat Insanity Queen	광기 여왕 처치
Defeat Jormungandr	요르문간드 처치
Defeat Pope the Frog	개구리 교황 처치
Defeat Yaldabaoth	얄다바오트 처치
Defeat The Gardener	정원사 처치
Defeat Gaia	가이아 처치
Defeat Snow Queen	눈의 여왕 처치
Defeat The Body Electric	전격의 육신 처치
Defeat Amaru	아마루 처치
Defeat Sanguine Hierophant	피의 교주 처치
Goblin Spawner	고블린 생성기
Summon Goblin	고블린 소환
Allies' spells gain 6 [damage]	아군 주문의 [피해:damage]가 6 증가한다
\nLasts [{duration}:duration] turns	\n[{duration}:duration]턴 동안 지속
{num} HP	HP {num}
silenced	침묵 상태
Challenge Modifiers:	도전 조정 옵션:
Each turn, {cloud_name} appear on up to {max_clouds} tiles across the level	매 턴 차원 내 최대 {max_clouds}칸에 {cloud_name}을 생성한다
Each turn, Blizzards appear on up to 3 tiles across the level	매 턴, 지역 내 최대 3칸에 눈보라 생성
When this unit takes damage, it teleports up to {radius} tiles away	이 유닛은 피해를 받으면 최대 {radius}칸 떨어진 곳으로 순간이동한다
When you take damage, gain {buff} for 1 turn	피해를 받으면 1턴 동안 {buff} 상태가 된다
WildMagic 	야생 마법 
 and 	 및 
 or 	 또는 
Normal	보통
Fast	빠르게
Turbo	매우 빠르게
Xturbo	최고 속도
English	영어
Inflict {buff} for {duration} turn{s}	{duration}턴 동안 {buff} 효과를 부여한다{s}
Swap places with the Wizard\nIgnores walls	마법사와 위치를 맞바꾼다\n벽을 무시한다
slimed	슬라임 범벅
Dylan White - Design and Programming	Dylan White - 기획 및 프로그래밍
Jacob Martinez - Design and Programming	Jacob Martinez - 기획 및 프로그래밍
K.Hoops - Art, Sound, and Music	K.Hoops - 그래픽, 음향 및 음악
Special Thanks:	도움을 주신 분들:
Sean Conrad - Hammered Dulcimer, Guitar, Piano	Sean Conrad - 해머드 덜시머, 기타, 피아노
Seth Pulver - Drums	Seth Pulver - 드럼
Thanks to our playtesters:	플레이테스트에 참여해 주신 분들:
Flameberger	Flameberger
ratbuddy	ratbuddy
Tcrs	Tcrs
Leximancer	Leximancer
Shake The Box	Shake The Box
LEFT SHIFT	LEFT SHIFT
RIGHT SHIFT	RIGHT SHIFT
BACKSPACE	BACKSPACE
LEFT CTRL	LEFT CTRL
RIGHT CTRL	RIGHT CTRL
LEFT ALT	LEFT ALT
RIGHT ALT	RIGHT ALT
SHIFT	SHIFT
CTRL	CTRL
ALT	ALT
ESC	ESC
ENTER	ENTER
TAB	TAB
SPACE	SPACE
DELETE	DELETE
HOME	HOME
END	END
PAGEUP	PAGEUP
PAGEDOWN	PAGEDOWN
Resistance Debuff	저항 감소
Shield Steal	보호막 강탈
You have stepped halfway through the rift  \nYou may choose any point in the next realm to materialize at\n(Enter or Left click)\nIf you wish you may instead step out of this rift and return to the previous realm\n(Esc or Right click)\nBeware, for once you enter, there will be no way to return	균열의 중간 지점에 도달했습니다\n다음 지역에서 나타날 위치를 선택할 수 있습니다\n(Enter 또는 좌클릭)\n원한다면 균열에서 빠져나와 이전 지역으로 돌아갈 수 있습니다\n(Esc 또는 우클릭)\n주의하세요. 한 번 들어가면 돌아올 수 없습니다
Enemies gain +{resistance}% {damage_type} resistance	적의 {damage_type} 저항이 {resistance}% 증가한다
damage	피해
range	사거리
max charges	최대 사용 횟수
max_charges	최대 사용 횟수
MUTATED_RUN	변이 런
SH	보호막
HP	HP
FPS	FPS
UI	UI
SDL	SDL
up:	위:
down:	아래:
left:	왼쪽:
right:	오른쪽:
up-right:	오른쪽 위:
up-left:	왼쪽 위:
down-right:	오른쪽 아래:
down-left:	왼쪽 아래:
confirm/cast:	확인/시전:
abort/cast:	취소/시전 취소:
pass/channel:	턴 넘기기/지속 시전:
RETURN	RETURN
PAGE UP	PAGE UP
PAGE DOWN	PAGE DOWN
ESCAPE	ESC
Rain Clouds	비구름
Storm Clouds	폭풍 구름
DEFEAT	패배
결과: DEFEAT	결과: 패배
결과: VICTORY	결과: 승리
FEARED	공포
FROZEN	빙결
STUNNED	기절
Cannot act\nEach turn, this unit and units within [{radius}:radius] tiles take [{damage}:damage] [Holy] damage	행동할 수 없다\n매 턴 이 유닛과 주변 [{radius}:radius]칸 이내의 유닛들이 [{damage}:damage]의 [신성:Holy] 피해를 입는다
GLASSED	유리화
PETRIFIED	석화
The Dark Wizard is slain	암흑 마법사가 쓰러졌다
His beasts have been broken and made tame	그의 야수들은 꺾이고 길들여졌다
The beauty of Avalon will be built again	아발론은 다시 아름다운 모습을 되찾으리라
Your soul is permitted to sleep and dream once more	당신의 영혼은 다시 잠들어 꿈꿀 수 있게 되었다
ally	아군
You lose {resistance}% {damage_type} resistance	플레이어의 {damage_type} 저항이 {resistance}% 감소한다
WATCHER FORM	감시자 형상
Smite	응징
[petrified]	[석화:petrified]
Each turn, take [{damage}:damage] [Dark] damage	매 턴 [{damage}:damage]의 [암흑:Dark] 피해를 입는다
When this unit takes [Fire] damage, deal that much [Lightning] damage to up to [{num_targets}:num_targets] enemies in line of sight	이 유닛이 [화염:Fire] 피해를 받으면 시야 내의 적 최대 [{num_targets}:num_targets]체에게 받은 피해량만큼 [번개:Lightning] 피해를 입힌다
Each turn, summon a Green Slime	매 턴 녹색 슬라임을 소환한다
When a spell you cast kills its target, recast that spell on a random valid enemy target	자신이 시전한 주문으로 그 주문의 대상을 처치하면, 해당 주문으로 지정할 수 있는 적 중 하나를 무작위로 골라 같은 주문을 다시 시전한다
[H:shields]: 도움말 (이 화면)      [C:shields]: 캐릭터 정보      [S:shields]: 주문 습득     [E:shields]: 장비 제작	[H:shields]: 도움말 (이 화면)      [C:shields]: 캐릭터 정보      [S:shields]: 주문 습득     [E:shields]: 장비 제작
[좌클릭 / Enter:shields]: 이동, 또는 선택한 주문을 커서 위치에 시전	[좌클릭 / Enter:shields]: 이동, 또는 선택한 주문을 커서 위치에 시전
[우클릭 / Esc:shields]: 현재 주문을 취소하거나 현재 메뉴를 닫기	[우클릭 / Esc:shields]: 현재 주문을 취소하거나 현재 메뉴를 닫기
[PGUP/PGDN or Mouse Wheel:shields]: 무언가를 살펴볼 때 관련 정보의 다음/이전 페이지 보기	[PGUP/PGDN 또는 마우스 휠:shields]: 무언가를 살펴볼 때 관련 정보의 다음/이전 페이지 보기
[L:shields]: 시야 표시	[L:shields]: 시야 표시
[T:shields]: 위협받는 칸 표시	[T:shields]: 위협받는 칸 표시
[Y:shields]: 위협하는 적 표시	[Y:shields]: 위협하는 적 표시
[I:shields]: 적 강조	[I:shields]: 적 강조
[U:shields]: 아군 강조	[U:shields]: 아군 강조
[O:shields]: 오브젝트 강조	[O:shields]: 오브젝트 강조
[Tab:shields]: 다음 대상	[Tab:shields]: 다음 대상
[M:shields]: 메시지 로그 표시	[M:shields]: 메시지 로그 표시
[V:shields]: 살펴보기 (칸을 지정하여 살펴보기, Tab으로 흥미로운 장소를 살펴보기)	[V:shields]: 살펴보기 (칸을 지정하여 살펴보기, Tab으로 흥미로운 장소를 살펴보기)
[W:shields]: 걷기 (칸을 지정하여 그곳으로 걷기, Tab으로 흥미로운 장소로 걷기)	[W:shields]: 걷기 (칸을 지정하여 그곳으로 걷기, Tab으로 흥미로운 장소로 걷기)
[A:shields]: 전리품 자동 수집 (레벨 클리어 후)	[A:shields]: 전리품 자동 수집 (레벨 클리어 후)
[Shift + 위/아래 방향키:shields]: 캐릭터 정보 화면에서, 선택한 주문 단축키 또는 장비 위치 변경	[Shift + 위/아래 방향키:shields]: 캐릭터 정보 화면에서, 선택한 주문 단축키 또는 장비 위치 변경
Each turn, summon a Red Slime	매 턴 붉은 슬라임을 소환한다
Each turn, summon an Ice Slime	매 턴 얼음 슬라임을 소환한다
Each turn, summon an Electric Slime	매 턴 전기 슬라임을 소환한다
Each turn, summon a Void Slime	매 턴 공허의 슬라임을 소환한다
Each turn, summon a Blood Slime	매 턴 피의 슬라임을 소환한다
Each turn, summon [{num_summons}:num_summons] additional random slimes	매 턴 무작위 슬라임 [{num_summons}:num_summons]체를 추가로 소환한다
Additional random slimes can be any slime type and can repeat	추가 슬라임은 모든 슬라임 종류 중에서 선택되며 같은 종류가 중복될 수 있다
unit	유닛
At the beginning of each level, Void Drake gains a permanent [{bonus}%:arcane] bonus to [minion_health], [minion_damage], and [minion_range]\nThe bonus is equal to your [Arcane] mastery	각 레벨 시작 시, "공허의 드레이크" 주문의 [소환수 HP:minion_health], [소환수 피해:minion_damage], [소환수 사거리:minion_range]가 영구적으로 [{bonus}%:arcane] 증가한다\n증가율(%)은 당신의 [비전:arcane] 숙련도와 같다
Every {interval} turns: trigger mutator rule	{interval}턴마다 변이 규칙 발동
